TransactionAmt,card1,isFraud,fraud_prob,network_risk_score,near_miss,risk_level
25.95,17933,0,0.09512140008521656,0.09512140008521656,0,Low
300.0,3682,0,0.25654725377945664,0.25654725377945664,0,Low
34.0,18018,0,0.06364287106484884,0.06364287106484884,0,Low
117.0,17399,0,0.08764603448978285,0.08764603448978285,0,Low
31.95,11207,0,0.10490783580383813,0.10490783580383813,0,Low
57.95,7676,0,0.11493406907326113,0.11493406907326113,0,Low
48.95,13108,0,0.0637734654719339,0.0637734654719339,0,Low
200.0,10486,0,0.3476656668829758,0.3476656668829758,1,Low
100.0,11991,0,0.1265372420198059,0.07592234521188354,0,Low
29.0,12686,0,0.10231294670607724,0.10231294670607724,0,Low
39.0,17188,0,0.11238423179335814,0.11238423179335814,0,Low
40.0,3395,0,0.1664888344446955,0.0998933006668173,0,Low
108.5,10748,0,0.1469303827373298,0.1469303827373298,0,Low
150.0,9350,0,0.18280738632515992,0.18280738632515992,0,Low
59.0,16189,0,0.060249158617580435,0.060249158617580435,0,Low
39.95,1859,0,0.10444695130976753,0.10444695130976753,0,Low
280.0,16659,0,0.23221860124157942,0.23221860124157942,0,Low
25.95,1444,0,0.06583298465257074,0.06583298465257074,0,Low
49.0,2772,0,0.10827416918877848,0.10827416918877848,0,Low
50.0,6019,0,0.13942575166960244,0.13942575166960244,0,Low
300.0,15063,0,0.4150617308302774,0.4150617308302774,0,Low
59.0,6855,0,0.1172520199747928,0.1172520199747928,0,Low
311.95,10057,0,0.20839014602505238,0.20839014602505238,0,Low
30.0,12045,0,0.13083565140943829,0.13083565140943829,0,Low
95.0,6481,0,0.13168317402340823,0.13168317402340823,0,Low
97.0,5751,0,0.1623389360768205,0.1623389360768205,0,Low
334.99,10112,1,0.18665060413435086,0.18665060413435086,0,Low
59.0,10989,0,0.0780826939586628,0.0780826939586628,0,Low
57.95,3479,0,0.07902114750357543,0.07902114750357543,0,Low
146.0,3058,0,0.22676212918883565,0.22676212918883565,0,Low
129.0,5492,0,0.11152759465671983,0.11152759465671983,0,Low
117.0,5033,0,0.17961898888377523,0.17961898888377523,0,Low
59.0,2392,0,0.10768443998373968,0.10768443998373968,0,Low
83.95,7861,0,0.16036237425400013,0.16036237425400013,0,Low
107.95,1081,0,0.12143907051765027,0.07286344231059015,0,Low
47.95,17055,0,0.0679071801592258,0.0679071801592258,0,Low
117.0,5511,0,0.15112841752192815,0.15112841752192815,0,Low
117.0,8695,0,0.12064238858385108,0.12064238858385108,0,Low
25.95,14471,0,0.11509493552854692,0.11509493552854692,0,Low
100.0,7664,0,0.16969026758623054,0.16969026758623054,0,Low
57.95,18343,0,0.09856338505267731,0.09856338505267731,0,Low
50.0,16274,0,0.07824724026050445,0.07824724026050445,0,Low
114.95,4272,0,0.12476836299896395,0.12476836299896395,0,Low
105.0,10112,0,0.06996652855976057,0.06996652855976057,0,Low
29.0,8106,0,0.13617615665955382,0.13617615665955382,0,Low
275.97,1761,0,0.25458387471793276,0.25458387471793276,0,Low
35.0,15066,0,0.16360737709296397,0.16360737709296397,0,Low
117.0,7322,0,0.13147916783598562,0.13147916783598562,0,Low
59.0,14153,0,0.09273459584816166,0.09273459584816166,0,Low
317.95,10616,0,0.248863608575253,0.248863608575253,0,Low
884.0,11207,0,0.25645271111032764,0.25645271111032764,0,Low
107.95,13887,0,0.12790869394010912,0.07674521636406546,0,Low
270.95,16560,0,0.14858502484660274,0.14858502484660274,0,Low
308.5,7483,0,0.24160261877287145,0.24160261877287145,0,Low
360.0,12695,0,0.25623773552262114,0.25623773552262114,0,Low
59.0,9175,0,0.07937661834319974,0.07937661834319974,0,Low
54.5,10616,0,0.17725130455075624,0.17725130455075624,0,Low
500.0,3682,1,0.3061711679283309,0.3061711679283309,0,Low
34.0,17598,0,0.0474899754220829,0.0474899754220829,0,Low
107.95,1103,0,0.13458350786644374,0.13458350786644374,0,Low
280.0,7978,0,0.2974640016453619,0.2974640016453619,0,Low
39.0,7826,0,0.14512343439461883,0.14512343439461883,0,Low
78.5,17399,0,0.09148487915206278,0.09148487915206278,0,Low
108.5,7919,0,0.08397820727406619,0.08397820727406619,0,Low
105.95,4806,0,0.11752059148930721,0.11752059148930721,0,Low
97.0,10210,0,0.17479058091705305,0.17479058091705305,0,Low
100.0,1741,0,0.14176016936550176,0.14176016936550176,0,Low
47.95,2803,0,0.04700830225450635,0.04700830225450635,0,Low
209.95,4272,0,0.18066954541195338,0.18066954541195338,0,Low
107.95,6481,0,0.11667606559369538,0.11667606559369538,0,Low
68.95,17188,0,0.12775708607788905,0.12775708607788905,0,Low
24.0,6053,0,0.09163686316140829,0.09163686316140829,0,Low
39.0,11207,0,0.14297788585954815,0.14297788585954815,0,Low
275.0,1724,1,0.33803941641647145,0.33803941641647145,1,Low
105.0,15775,0,0.01418082020733279,0.01418082020733279,0,Low
218.0,16876,0,0.19566612990532548,0.19566612990532548,0,Low
54.0,9485,0,0.1138099521164567,0.1138099521164567,0,Low
632.0,4030,0,0.2751474729351525,0.2751474729351525,0,Low
50.0,12501,0,0.14225926754872653,0.14225926754872653,0,Low
39.0,14290,0,0.11610448268665015,0.11610448268665015,0,Low
49.0,8320,0,0.09085173302188541,0.09085173302188541,0,Low
196.0,13120,0,0.13441447372373025,0.13441447372373025,0,Low
199.95,1546,0,0.26081386327878053,0.26081386327878053,0,Low
39.0,10027,0,0.06242254994912736,0.06242254994912736,0,Low
209.95,13964,0,0.17145098784677656,0.17145098784677656,0,Low
117.0,7636,0,0.19752673205532342,0.19752673205532342,0,Low
47.95,5765,0,0.13721498546351274,0.08232899127810764,0,Low
129.95,9162,0,0.12873618791160607,0.12873618791160607,0,Low
31.95,2308,0,0.06925917179957568,0.06925917179957568,0,Low
260.0,16661,0,0.2338599986021622,0.2338599986021622,0,Low
34.0,16115,0,0.04848749710944339,0.04848749710944339,0,Low
57.95,12235,0,0.08399002728010106,0.08399002728010106,0,Low
1512.28,2755,0,0.13853566565203956,0.13853566565203956,0,Low
59.0,17217,1,0.09891154130428653,0.09891154130428653,0,Low
335.0,9500,0,0.26529462417519245,0.26529462417519245,0,Low
107.95,3508,0,0.11544565204810871,0.11544565204810871,0,Low
367.86,7653,0,0.24613795828749424,0.24613795828749424,0,Low
117.0,14432,0,0.13918057591700378,0.13918057591700378,0,Low
100.0,14479,0,0.12300975742667014,0.12300975742667014,0,Low
24.0,16085,0,0.05267808332254527,0.05267808332254527,0,Low
554.0,18018,0,0.1663972346808559,0.1663972346808559,0,Low
35.95,12581,0,0.11895796993777781,0.11895796993777781,0,Low
36.95,10960,0,0.07369254939020388,0.07369254939020388,0,Low
107.95,7664,0,0.15071361239027678,0.15071361239027678,0,Low
108.5,17188,0,0.10499280918980579,0.10499280918980579,0,Low
107.95,1078,0,0.12861097434096894,0.12861097434096894,0,Low
210.95,7987,0,0.16410630334212184,0.16410630334212184,0,Low
100.0,1974,0,0.11302586527346818,0.11302586527346818,0,Low
25.0,12469,0,0.06758573254872913,0.06758573254872913,0,Low
209.95,14317,0,0.1418134942253207,0.1418134942253207,0,Low
209.95,16115,0,0.1259154242462761,0.1259154242462761,0,Low
1486.44,11556,0,0.20051449801453153,0.20051449801453153,0,Low
59.0,8528,0,0.10682610029110728,0.10682610029110728,0,Low
59.0,4030,0,0.08731237297358156,0.08731237297358156,0,Low
59.0,8618,0,0.11182626648087139,0.11182626648087139,0,Low
100.0,11157,1,0.12827100488029297,0.12827100488029297,0,Low
30.0,5033,0,0.08028056177558356,0.08028056177558356,0,Low
75.0,6727,0,0.15310942306982134,0.15310942306982134,0,Low
198.54,2755,0,0.19623719769442294,0.19623719769442294,0,Low
250.0,4806,1,0.25179441070510167,0.25179441070510167,0,Low
132.95,2884,0,0.1364349432762171,0.1364349432762171,0,Low
82.95,10057,0,0.13522093369107224,0.13522093369107224,0,Low
311.95,17020,0,0.17419534060280245,0.17419534060280245,0,Low
34.95,12501,0,0.11207359840974007,0.11207359840974007,0,Low
100.0,2803,0,0.10609846448460951,0.10609846448460951,0,Low
50.0,4141,0,0.08732268819559526,0.08732268819559526,0,Low
125.0,1554,0,0.14830410008119804,0.14830410008119804,0,Low
2891.0,2616,0,0.24649101832808779,0.24649101832808779,0,Low
72.0,8135,0,0.12937265475368936,0.12937265475368936,0,Low
47.95,16869,0,0.08781839857269162,0.05269103914361497,0,Low
54.0,8320,0,0.06691601310321384,0.06691601310321384,0,Low
35.95,17399,0,0.09344819860517757,0.09344819860517757,0,Low
100.0,16659,0,0.10393374404645325,0.10393374404645325,0,Low
226.0,12839,0,0.18756459079847615,0.18756459079847615,0,Low
25.0,11492,0,0.07562738136545272,0.07562738136545272,0,Low
75.0,12037,0,0.11697939180356019,0.11697939180356019,0,Low
92.0,8088,0,0.1565439577208443,0.1565439577208443,0,Low
2499.62,10486,0,0.1831970389155381,0.1831970389155381,0,Low
49.0,9500,0,0.2017362502946739,0.2017362502946739,0,Low
87.0,16959,0,0.1436994098021637,0.1436994098021637,0,Low
311.95,4515,0,0.25132248618437436,0.25132248618437436,0,Low
107.95,1284,0,0.12510697145533464,0.12510697145533464,0,Low
82.95,4436,0,0.1077907812681738,0.1077907812681738,0,Low
35.95,17020,0,0.044508143097214924,0.044508143097214924,0,Low
24.5,2392,0,0.07971116848190209,0.07971116848190209,0,Low
335.0,16075,0,0.43599808696459563,0.43599808696459563,0,Low
57.95,6542,0,0.09414466273912712,0.09414466273912712,0,Low
125.0,15775,0,0.039170377836584044,0.039170377836584044,0,Low
107.95,12544,0,0.13393899178039148,0.13393899178039148,0,Low
50.0,11157,0,0.09886742009241123,0.09886742009241123,0,Low
100.0,5901,0,0.1494139247992616,0.1494139247992616,0,Low
25.95,4523,0,0.11167431937261654,0.11167431937261654,0,Low
54.0,2689,0,0.09364941200432263,0.09364941200432263,0,Low
107.95,14685,0,0.10508970946991257,0.10508970946991257,0,Low
117.0,13155,0,0.15593784995952398,0.15593784995952398,0,Low
400.0,7585,0,0.25840671302743895,0.25840671302743895,0,Low
117.0,12260,0,0.13094324374860983,0.13094324374860983,0,Low
34.0,4272,0,0.10020327189429272,0.10020327189429272,0,Low
117.0,1458,0,0.1521320881791709,0.1521320881791709,0,Low
39.95,6453,0,0.09398480538684231,0.09398480538684231,0,Low
150.0,2455,1,0.3253140382030875,0.3253140382030875,1,Low
107.95,5691,0,0.13041542132960876,0.13041542132960876,0,Low
92.0,8320,0,0.08325088484788187,0.08325088484788187,0,Low
49.0,7919,0,0.06970639565224246,0.06970639565224246,0,Low
97.0,18132,1,0.11422568478112616,0.11422568478112616,0,Low
226.0,4436,0,0.2025606981542923,0.2025606981542923,0,Low
100.0,14361,0,0.13359684100132038,0.08015810460079223,0,Low
39.0,6816,0,0.15047320566934064,0.15047320566934064,0,Low
103.97,16232,0,0.09834852321049894,0.09834852321049894,0,Low
56.5,11815,0,0.04741456025060795,0.04741456025060795,0,Low
49.0,16070,0,0.09024638569959055,0.09024638569959055,0,Low
58.95,13462,0,0.1131513428305072,0.1131513428305072,0,Low
53.95,10447,0,0.11746160695042356,0.11746160695042356,0,Low
57.95,2180,0,0.06605347671773927,0.06605347671773927,0,Low
100.0,1214,0,0.13430159346945206,0.13430159346945206,0,Low
67.95,2392,0,0.09081406952620888,0.09081406952620888,0,Low
141.0,12544,0,0.24561815068633008,0.24561815068633008,0,Low
107.95,15847,0,0.09261743194794332,0.09261743194794332,0,Low
67.95,2987,0,0.12203754626429085,0.0732225277585745,0,Low
311.95,2884,0,0.23928847808429574,0.23928847808429574,0,Low
66.95,1444,0,0.12768318144121574,0.12768318144121574,0,Low
57.95,16435,0,0.10527497182169214,0.10527497182169214,0,Low
58.95,2157,0,0.07159510979350239,0.07159510979350239,0,Low
166.99,9500,0,0.2349762555482636,0.2349762555482636,0,Low
75.0,11782,0,0.1333438052471175,0.0800062831482705,0,Low
146.0,7676,0,0.21426768695448395,0.21426768695448395,0,Low
159.95,16132,0,0.13682464538952271,0.13682464538952271,0,Low
71.95,7919,0,0.06183189318838763,0.06183189318838763,0,Low
26.95,8695,0,0.08193072807854582,0.08193072807854582,0,Low
1804.95,15497,0,0.20132430444019747,0.20132430444019747,0,Low
47.95,9500,0,0.11739078388230681,0.11739078388230681,0,Low
25.95,12570,0,0.11863290902757234,0.11863290902757234,0,Low
47.95,9424,0,0.07955659143129226,0.07955659143129226,0,Low
29.0,7941,0,0.07635001026271039,0.07635001026271039,0,Low
59.0,12544,0,0.16337800972197172,0.16337800972197172,0,Low
150.0,4940,0,0.21125010502104263,0.12675006301262556,0,Low
25.95,12544,0,0.08137929557018714,0.08137929557018714,0,Low
97.0,5167,0,0.15460816869355265,0.15460816869355265,0,Low
47.95,16315,0,0.05378165386680855,0.05378165386680855,0,Low
35.95,8320,0,0.05930015232674334,0.05930015232674334,0,Low
131.0,9500,0,0.18993575387766076,0.18993575387766076,0,Low
67.95,12213,0,0.14818620540470295,0.14818620540470295,0,Low
47.0,4436,0,0.09603368911482742,0.09603368911482742,0,Low
25.95,17188,0,0.0972392496963108,0.0972392496963108,0,Low
200.0,3786,0,0.2154907614685863,0.2154907614685863,0,Low
390.0,2455,0,0.281858696677426,0.281858696677426,0,Low
59.0,9354,0,0.15784040274967298,0.15784040274967298,0,Low
364.95,6832,0,0.2222842940650192,0.2222842940650192,0,Low
100.0,11991,0,0.1284388101056131,0.07706328606336785,0,Low
72.625,9026,0,0.2794967379986597,0.2794967379986597,0,Low
161.0,1893,0,0.2275782985785506,0.2275782985785506,0,Low
87.95,4072,0,0.14175277992015456,0.14175277992015456,0,Low
117.0,17399,0,0.08764603448978285,0.08764603448978285,0,Low
49.0,9257,0,0.08656042490370248,0.05193625494222149,0,Low
171.0,4347,1,0.2286428895940899,0.2286428895940899,0,Low
44.0,12615,0,0.13614985516771186,0.13614985516771186,0,Low
34.0,10989,0,0.06371417628985374,0.06371417628985374,0,Low
88.5,9500,0,0.1738573812889096,0.1738573812889096,0,Low
171.0,7636,0,0.22351649575628715,0.22351649575628715,0,Low
50.0,15851,0,0.1004772455807224,0.1004772455807224,0,Low
34.0,15986,0,0.052490644182622254,0.052490644182622254,0,Low
34.0,7676,0,0.13022063526281807,0.13022063526281807,0,Low
144.95,8868,0,0.14295289618883117,0.14295289618883117,0,Low
108.95,17188,0,0.103536290431793,0.103536290431793,0,Low
59.0,7919,0,0.0633849221596303,0.0633849221596303,0,Low
107.95,15446,0,0.08793508769387155,0.08793508769387155,0,Low
55.95,7815,0,0.06835548910059297,0.06835548910059297,0,Low
49.0,16560,0,0.06370029237896442,0.06370029237896442,0,Low
206.0,5832,0,0.23248541888933147,0.23248541888933147,0,Low
200.0,2479,0,0.2477481594213467,0.148648895652808,0,Low
49.0,15359,0,0.07879102980555792,0.07879102980555792,0,Low
92.0,14077,0,0.12925934932143562,0.12925934932143562,0,Low
82.95,15066,0,0.2543337848043294,0.2543337848043294,0,Low
52.95,12839,0,0.11013060381530754,0.11013060381530754,0,Low
335.0,4436,0,0.16135676350972752,0.16135676350972752,0,Low
250.0,16659,0,0.22503234720550594,0.22503234720550594,0,Low
35.0,7919,0,0.07602090132318541,0.07602090132318541,0,Low
335.0,12695,0,0.24105955299977913,0.24105955299977913,0,Low
97.0,14128,0,0.10373423090938867,0.10373423090938867,0,Low
44.0,16132,0,0.0927390992942769,0.0927390992942769,0,Low
226.0,17400,0,0.16822445715267004,0.16822445715267004,0,Low
146.0,8900,0,0.21405219957049076,0.21405219957049076,0,Low
117.0,9692,0,0.09063798984816192,0.09063798984816192,0,Low
34.95,15790,0,0.04757696499045415,0.04757696499045415,0,Low
125.0,10894,0,0.11733048332146634,0.11733048332146634,0,Low
110.0,15775,0,0.016554351933616866,0.016554351933616866,0,Low
107.95,11852,0,0.10395749300963074,0.10395749300963074,0,Low
21.0,2157,0,0.07010444686680303,0.07010444686680303,0,Low
35.95,5700,0,0.06368371118488643,0.06368371118488643,0,Low
29.0,12695,1,0.138003591245274,0.138003591245274,0,Low
39.0,15678,0,0.07200529343618002,0.07200529343618002,0,Low
82.95,2884,0,0.15109066288294426,0.15109066288294426,0,Low
15.0,16659,0,0.10170971962394516,0.10170971962394516,0,Low
57.95,2695,0,0.05005096586045002,0.05005096586045002,0,Low
150.0,14926,0,0.22109880956641095,0.22109880956641095,0,Low
250.0,10616,0,0.2703910020364015,0.2703910020364015,0,Low
39.0,13108,0,0.06534267582067667,0.06534267582067667,0,Low
59.0,12544,0,0.16337800972197172,0.16337800972197172,0,Low
67.95,8431,0,0.14950313157747208,0.14950313157747208,0,Low
82.0,9749,0,0.15530178073045417,0.15530178073045417,0,Low
107.95,7826,0,0.12778265675960732,0.12778265675960732,0,Low
117.0,9500,0,0.1720782171232542,0.1720782171232542,0,Low
171.0,12544,0,0.22945219100562184,0.22945219100562184,0,Low
57.95,5997,0,0.09913817130874164,0.09913817130874164,0,Low
34.0,10057,1,0.2029955536965075,0.2029955536965075,0,Low
40.0,2254,0,0.10410477164968848,0.10410477164968848,0,Low
44.0,5170,0,0.08646149725434894,0.08646149725434894,0,Low
53.97,15484,0,0.10354283355511817,0.10354283355511817,0,Low
59.0,10719,0,0.13505872382047923,0.13505872382047923,0,Low
100.0,15851,0,0.11978021643164506,0.11978021643164506,0,Low
32.0,13076,0,0.06438569755934444,0.06438569755934444,0,Low
100.0,7207,0,0.1273755032022315,0.1273755032022315,0,Low
39.0,12544,0,0.14514278484528087,0.14514278484528087,0,Low
36.95,4209,0,0.08158606632490856,0.08158606632490856,0,Low
39.0,9500,0,0.13443899607892454,0.13443899607892454,0,Low
100.0,7826,0,0.15504490905959384,0.15504490905959384,0,Low
10.95,10989,0,0.06165885949310784,0.06165885949310784,0,Low
97.0,7919,0,0.10186893577553058,0.10186893577553058,0,Low
335.0,10616,0,0.2823289320915812,0.2823289320915812,0,Low
335.0,12695,0,0.24105955299977913,0.24105955299977913,0,Low
161.0,14065,1,0.22614531558212544,0.22614531558212544,0,Low
47.95,4090,0,0.09413366703803899,0.09413366703803899,0,Low
107.95,12839,0,0.1256992241266222,0.1256992241266222,0,Low
184.0,3605,0,0.22657628605424848,0.22657628605424848,0,Low
209.95,10057,0,0.2080142511498936,0.2080142511498936,0,Low
52.95,15497,0,0.10012198438883799,0.10012198438883799,0,Low
100.0,5951,0,0.19529667469673037,0.19529667469673037,0,Low
79.029,3089,0,0.11335294408845188,0.06801176645307112,0,Low
49.0,17188,0,0.12518035494387317,0.12518035494387317,0,Low
117.0,13478,0,0.10803810069297898,0.10803810069297898,0,Low
20.95,1906,0,0.10440878385683057,0.10440878385683057,0,Low
117.0,18237,0,0.07798510301919324,0.04679106181151595,0,Low
45.0,17517,0,0.10963000609751809,0.10963000609751809,0,Low
55.95,4436,0,0.09675933910869311,0.09675933910869311,0,Low
50.0,3055,0,0.1143880697047492,0.1143880697047492,0,Low
25.95,7919,0,0.04689817614513464,0.04689817614513464,0,Low
50.0,2455,0,0.11469203360939162,0.11469203360939162,0,Low
48.0,11207,0,0.10477801911505727,0.10477801911505727,0,Low
25.0,10486,0,0.14390560255966198,0.14390560255966198,0,Low
30.95,15790,0,0.051017869771485244,0.051017869771485244,0,Low
390.0,16232,0,0.23314924935845596,0.23314924935845596,0,Low
352.25,1804,0,0.16052418062751592,0.16052418062751592,0,Low
41.0,2445,0,0.08192125589637583,0.08192125589637583,0,Low
411.95,12544,0,0.2529347292546798,0.2529347292546798,0,Low
57.95,6530,0,0.05792080445475703,0.05792080445475703,0,Low
1890.95,17188,0,0.19318726900120833,0.19318726900120833,0,Low
39.0,3898,0,0.07554828505123642,0.07554828505123642,0,Low
4072.95,2455,0,0.20919934063167045,0.20919934063167045,0,Low
35.95,1039,0,0.06587957300980495,0.06587957300980495,0,Low
117.0,12570,0,0.14208388145932585,0.14208388145932585,0,Low
554.0,4351,0,0.2853064562479815,0.2853064562479815,0,Low
59.0,7815,0,0.0765371305346385,0.0765371305346385,0,Low
226.0,12839,0,0.1999044617423157,0.1999044617423157,0,Low
107.95,10112,0,0.058145787208249894,0.058145787208249894,0,Low
206.0,6832,0,0.17610932900108595,0.17610932900108595,0,Low
25.95,6170,0,0.11484317402885606,0.11484317402885606,0,Low
30.95,6489,0,0.14383849525187908,0.14383849525187908,0,Low
311.95,1207,0,0.2233916949682781,0.13403501698096684,0,Low
32.0,8320,0,0.06546470083581686,0.06546470083581686,0,Low
260.0,7919,0,0.19984565346504313,0.19984565346504313,0,Low
150.0,16853,0,0.30929407859982666,0.30929407859982666,0,Low
57.95,2407,0,0.09651012174934444,0.09651012174934444,0,Low
57.95,10057,0,0.10247511981603546,0.10247511981603546,0,Low
47.0,2884,0,0.0949631737575576,0.0949631737575576,0,Low
139.95,18018,0,0.09378655646704251,0.09378655646704251,0,Low
150.0,16132,0,0.19927417224885333,0.19927417224885333,0,Low
83.95,2803,0,0.08602997744799654,0.08602997744799654,0,Low
82.95,1279,0,0.12429563522002657,0.12429563522002657,0,Low
125.0,1724,0,0.13582024494123326,0.13582024494123326,0,Low
35.95,14079,0,0.0745462421867393,0.0745462421867393,0,Low
57.95,9112,0,0.09304506979509769,0.09304506979509769,0,Low
67.95,7815,0,0.07671330829069194,0.07671330829069194,0,Low
250.0,6019,0,0.2655042233850989,0.2655042233850989,0,Low
54.0,6354,0,0.11283017936971355,0.11283017936971355,0,Low
107.95,12686,0,0.0911886319565036,0.0911886319565036,0,Low
160.5,12501,0,0.18191031594475965,0.18191031594475965,0,Low
30.95,10057,0,0.09679952856772597,0.09679952856772597,0,Low
221.99,6194,0,0.15690600072500327,0.15690600072500327,0,Low
106.0,15775,0,0.01418082020733279,0.01418082020733279,0,Low
57.95,6170,0,0.09291265892053074,0.09291265892053074,0,Low
29.0,7919,0,0.062003898602736404,0.062003898602736404,0,Low
57.95,10023,0,0.06033801954651638,0.06033801954651638,0,Low
108.95,7005,0,0.11702877569714526,0.11702877569714526,0,Low
35.95,7861,0,0.09535587644089405,0.09535587644089405,0,Low
527.0,11839,0,0.26543067645817203,0.26543067645817203,0,Low
21.95,7669,0,0.06443315687998505,0.06443315687998505,0,Low
50.0,7381,0,0.05557465795584852,0.05557465795584852,0,Low
317.5,10113,0,0.19584784095761676,0.19584784095761676,0,Low
77.95,8849,0,0.07447917472478903,0.07447917472478903,0,Low
169.0,13780,0,0.20143404749494603,0.20143404749494603,0,Low
150.0,1120,0,0.2976864959573792,0.2976864959573792,0,Low
29.0,18132,0,0.05046004982942323,0.05046004982942323,0,Low
250.0,15041,0,0.17696887371999023,0.17696887371999023,0,Low
39.0,13207,0,0.05943850176970234,0.05943850176970234,0,Low
100.0,17188,0,0.12594140782496535,0.12594140782496535,0,Low
61.145,14276,0,0.36602691252385383,0.36602691252385383,0,Low
100.0,7585,0,0.175076064049484,0.175076064049484,0,Low
34.0,9002,0,0.12307184855182472,0.12307184855182472,0,Low
97.0,7963,0,0.09282069932669826,0.09282069932669826,0,Low
445.0,16270,0,0.2019795215780971,0.2019795215780971,0,Low
47.95,13169,0,0.07142608138795772,0.07142608138795772,0,Low
171.0,8406,0,0.1994846061679538,0.1994846061679538,0,Low
35.95,12544,0,0.08451165538839443,0.08451165538839443,0,Low
82.0,12839,1,0.1342813656825999,0.1342813656825999,0,Low
365.0,7815,0,0.17829637849318047,0.17829637849318047,0,Low
75.0,6542,0,0.13135218132011758,0.13135218132011758,0,Low
107.0,1078,0,0.17076577497474413,0.17076577497474413,0,Low
250.0,10755,0,0.17866179801110513,0.5071970788066631,1,Medium
49.0,1974,0,0.07498930044382075,0.07498930044382075,0,Low
59.0,7001,0,0.1089849455829521,0.1089849455829521,0,Low
46.95,9500,0,0.12034376029813508,0.12034376029813508,0,Low
82.0,7919,0,0.09559439550536145,0.09559439550536145,0,Low
117.0,10854,0,0.08305678409901304,0.08305678409901304,0,Low
100.0,3821,0,0.127064356285028,0.127064356285028,0,Low
82.95,13541,0,0.1288701482989028,0.1288701482989028,0,Low
50.0,12544,0,0.14700091609645954,0.14700091609645954,0,Low
24.5,7585,0,0.09170427732962373,0.09170427732962373,0,Low
50.0,12916,0,0.10387142535148776,0.062322855210892654,0,Low
39.0,9032,0,0.14486317094047427,0.14486317094047427,0,Low
150.0,18268,0,0.323054025975234,0.323054025975234,1,Low
50.0,15651,0,0.11067332326175514,0.11067332326175514,0,Low
92.0,12544,0,0.1702981637172036,0.1702981637172036,0,Low
150.0,15359,0,0.2597204924401733,0.2597204924401733,0,Low
58.95,4090,0,0.08323649091368181,0.08323649091368181,0,Low
100.0,12037,0,0.17506680861398277,0.17506680861398277,0,Low
44.99,2392,0,0.0742614182097616,0.0742614182097616,0,Low
117.0,3681,0,0.08122315757297006,0.08122315757297006,0,Low
75.0,8908,0,0.15334577890375772,0.15334577890375772,0,Low
150.0,7280,1,0.3144953258682827,0.1886971955209696,0,Low
50.0,13052,0,0.11586187339698668,0.11586187339698668,0,Low
49.0,10112,0,0.08443300760736952,0.08443300760736952,0,Low
225.0,7585,0,0.21752094387893922,0.21752094387893922,0,Low
226.0,8406,0,0.20942990936445582,0.20942990936445582,0,Low
40.0,14628,0,0.10406654598019599,0.10406654598019599,0,Low
47.95,1974,0,0.062259329850441365,0.062259329850441365,0,Low
24.99,1444,0,0.0943485579555635,0.0943485579555635,0,Low
57.95,11207,0,0.11767103907968858,0.11767103907968858,0,Low
25.95,10723,0,0.0604043086355881,0.0604043086355881,0,Low
39.0,9500,1,0.16980131881564234,0.16980131881564234,0,Low
77.0,9836,0,0.17216920786834397,0.10330152472100639,0,Low
200.0,15066,0,0.2643773692572926,0.2643773692572926,0,Low
49.0,2803,0,0.08271113838693817,0.08271113838693817,0,Low
31.95,6952,0,0.1392116433489179,0.1392116433489179,0,Low
47.95,15981,0,0.0663138848798838,0.0663138848798838,0,Low
483.95,14837,0,0.23227366765813304,0.1393642005948798,0,Low
25.95,2803,0,0.05857991667666536,0.05857991667666536,0,Low
54.0,8320,0,0.067758371647604,0.067758371647604,0,Low
72.99,2581,0,0.14655884055663762,0.14655884055663762,0,Low
29.0,7919,0,0.0596487380899946,0.0596487380899946,0,Low
87.95,6530,0,0.08981147962086038,0.08981147962086038,0,Low
1541.0,17480,1,0.6015300531567326,0.6015300531567326,0,Medium
49.5,1659,0,0.11515369862031816,0.0690922191721909,0,Low
44.0,15497,0,0.09984778501013084,0.09984778501013084,0,Low
226.0,12839,0,0.18756459079847615,0.18756459079847615,0,Low
209.95,4436,0,0.16499469914990983,0.16499469914990983,0,Low
149.0,7207,0,0.15032854514988866,0.15032854514988866,0,Low
34.0,8719,0,0.10142527026196033,0.10142527026196033,0,Low
209.95,9112,0,0.18326050359339532,0.18326050359339532,0,Low
117.0,2803,0,0.09285773060652604,0.09285773060652604,0,Low
75.0,2455,0,0.15887469553461397,0.15887469553461397,0,Low
35.95,14464,0,0.12387006020837134,0.0743220361250228,0,Low
25.95,7919,0,0.06739204699517692,0.06739204699517692,0,Low
280.0,12260,0,0.2501064845153263,0.2501064845153263,0,Low
117.0,1310,0,0.13445398850044785,0.13445398850044785,0,Low
77.0,12544,0,0.16507755727044318,0.16507755727044318,0,Low
15.95,16972,0,0.11873542032114011,0.11873542032114011,0,Low
29.0,11839,1,0.14019313956215318,0.14019313956215318,0,Low
93.95,3485,0,0.13576197263062326,0.08145718357837395,0,Low
23.95,16521,0,0.047886105752449455,0.047886105752449455,0,Low
57.95,15484,0,0.0761959622284079,0.0761959622284079,0,Low
54.5,1974,0,0.0716830174443158,0.0716830174443158,0,Low
107.95,1450,0,0.06757664382344503,0.06757664382344503,0,Low
213.0,11207,0,0.17356622977385988,0.17356622977385988,0,Low
49.0,10616,0,0.13757686102794528,0.13757686102794528,0,Low
49.0,12839,1,0.11642308545139829,0.11642308545139829,0,Low
226.0,17188,0,0.19624234810362717,0.19624234810362717,0,Low
59.0,10057,0,0.10984627058931835,0.10984627058931835,0,Low
117.0,8024,0,0.16314001006650622,0.16314001006650622,0,Low
59.0,13009,0,0.07457888091081076,0.07457888091081076,0,Low
107.95,10486,0,0.12820636469961136,0.12820636469961136,0,Low
67.95,2744,0,0.1600143679991196,0.1600143679991196,0,Low
49.0,9543,0,0.15957191721356973,0.15957191721356973,0,Low
87.99,2884,0,0.13030575303243444,0.13030575303243444,0,Low
117.0,14065,0,0.15679361539673542,0.15679361539673542,0,Low
107.95,11925,0,0.14883938569122707,0.14883938569122707,0,Low
512.95,1359,0,0.23658276458138988,0.23658276458138988,0,Low
100.0,4940,0,0.10827645510256309,0.06496587306153785,0,Low
105.0,9561,0,0.06640609648264156,0.06640609648264156,0,Low
47.95,7664,0,0.11514466416768152,0.11514466416768152,0,Low
107.95,16132,0,0.08679951035548206,0.08679951035548206,0,Low
301.95,11207,0,0.24317677509738414,0.24317677509738414,0,Low
54.5,13307,0,0.06037373379524592,0.06037373379524592,0,Low
49.0,12501,0,0.10154036167700893,0.10154036167700893,0,Low
226.0,11106,0,0.19416742299563755,0.19416742299563755,0,Low
82.0,7861,0,0.17388152149954408,0.17388152149954408,0,Low
100.0,2616,0,0.15499520516876386,0.15499520516876386,0,Low
107.95,17055,0,0.05926994638932694,0.05926994638932694,0,Low
39.0,18350,0,0.05107046325305307,0.05107046325305307,0,Low
59.95,15497,0,0.10531275283261154,0.10531275283261154,0,Low
156.0,2039,0,0.1800321489201269,0.1800321489201269,0,Low
150.0,3821,0,0.23639043868313223,0.23639043868313223,0,Low
25.95,6896,0,0.1378316982519803,0.1378316982519803,0,Low
59.0,12695,0,0.14520847845956317,0.14520847845956317,0,Low
82.95,14651,0,0.11308372189987345,0.11308372189987345,0,Low
100.0,14165,0,0.09943020646648876,0.09943020646648876,0,Low
49.0,13283,0,0.14811533661421644,0.14811533661421644,0,Low
92.0,2803,0,0.09571126206308142,0.09571126206308142,0,Low
25.95,7919,0,0.04298254313125255,0.04298254313125255,0,Low
200.0,12544,0,0.20584968277730656,0.20584968277730656,0,Low
59.0,6697,0,0.11222438189217705,0.11222438189217705,0,Low
35.95,9480,0,0.10678565513092968,0.10678565513092968,0,Low
39.0,16709,0,0.07823510337570252,0.07823510337570252,0,Low
117.0,12501,0,0.14250560535553478,0.14250560535553478,0,Low
49.0,1342,0,0.12775631334634205,0.12775631334634205,0,Low
65.0,14858,0,0.102772725209319,0.102772725209319,0,Low
20.0,13249,0,0.0792176741582657,0.0792176741582657,0,Low
226.0,11925,0,0.2938330066436766,0.2938330066436766,0,Low
226.0,7861,0,0.2064595521185273,0.2064595521185273,0,Low
77.95,10895,0,0.09846440187967039,0.09846440187967039,0,Low
107.95,14186,0,0.12984235345220213,0.12984235345220213,0,Low
86.0,16255,0,0.07735789414314173,0.07735789414314173,0,Low
200.0,2289,0,0.2558598466052157,0.2558598466052157,0,Low
30.95,12544,0,0.13578618770246717,0.13578618770246717,0,Low
107.95,1171,0,0.09400474815756125,0.09400474815756125,0,Low
107.95,14014,0,0.07603660790763461,0.07603660790763461,0,Low
49.0,2356,0,0.0829925906741524,0.0829925906741524,0,Low
100.0,5938,0,0.1400526042449806,0.1400526042449806,0,Low
1104.0,11106,0,0.1587192035765096,0.1587192035765096,0,Low
500.0,6053,0,0.24978666193972532,0.24978666193972532,0,Low
159.95,8320,0,0.12481441397738033,0.12481441397738033,0,Low
77.0,6405,0,0.15651033358856933,0.15651033358856933,0,Low
209.95,18018,0,0.14948849538261633,0.14948849538261633,0,Low
57.95,11279,0,0.1013005644678559,0.1013005644678559,0,Low
58.95,3508,0,0.07120726207248443,0.07120726207248443,0,Low
994.0,2744,0,0.3018122621258625,0.3018122621258625,0,Low
77.0,9323,0,0.10942456148162685,0.10942456148162685,0,Low
50.0,10486,0,0.13354383720930316,0.13354383720930316,0,Low
107.95,12839,0,0.09937600180726662,0.09937600180726662,0,Low
209.95,9500,0,0.19342975383440117,0.19342975383440117,0,Low
81.768,14276,0,0.19765294834215374,0.19765294834215374,0,Low
59.0,7508,0,0.15179385021575129,0.15179385021575129,0,Low
54.99,13307,0,0.07667230312598416,0.07667230312598416,0,Low
208.95,11738,0,0.19129667623923774,0.19129667623923774,0,Low
107.95,13199,0,0.09488706484851668,0.09488706484851668,0,Low
51.0,4975,0,0.09161680236262583,0.09161680236262583,0,Low
34.99,7919,0,0.047058055077883736,0.047058055077883736,0,Low
597.15,8135,0,0.21949576478592758,0.21949576478592758,0,Low
108.5,6059,0,0.11690073647769696,0.11690073647769696,0,Low
150.0,10714,0,0.24732606918629166,0.14839564151177498,0,Low
57.95,4741,0,0.06947029888978758,0.06947029888978758,0,Low
159.95,15497,0,0.16514627100215196,0.16514627100215196,0,Low
209.95,11925,0,0.2747781522270246,0.2747781522270246,0,Low
44.0,9680,0,0.11088848828223391,0.11088848828223391,0,Low
30.95,9500,0,0.13383496425713406,0.13383496425713406,0,Low
107.95,13481,0,0.09026623257860657,0.09026623257860657,0,Low
107.95,1359,0,0.10082808349588611,0.10082808349588611,0,Low
146.0,1556,0,0.25365140906383005,0.25365140906383005,0,Low
1862.95,2551,0,0.17177755659016541,0.17177755659016541,0,Low
1052.0,6951,0,0.16239009414746694,0.16239009414746694,0,Low
15.0,2803,0,0.0466895771756473,0.0466895771756473,0,Low
772.47,15497,0,0.24760720797381797,0.24760720797381797,0,Low
35.95,10057,0,0.0970679951539429,0.0970679951539429,0,Low
36.95,16514,0,0.08456273560357784,0.0507376413621467,0,Low
600.0,8075,0,0.16510014951282526,0.16510014951282526,0,Low
117.0,15484,0,0.12671716202488434,0.12671716202488434,0,Low
845.47,17188,0,0.2510782224229667,0.2510782224229667,0,Low
29.0,17055,0,0.054695064414183356,0.054695064414183356,0,Low
75.0,11233,0,0.16715916159712305,0.16715916159712305,0,Low
58.95,1461,0,0.09102498689263144,0.05461499213557886,0,Low
300.0,6019,0,0.2724491672961923,0.2724491672961923,0,Low
49.0,12695,0,0.14860024779479414,0.14860024779479414,0,Low
214.0,10053,0,0.15014804973464949,0.15014804973464949,0,Low
125.0,11752,0,0.08955968006446917,0.08955968006446917,0,Low
209.95,18132,0,0.16264679150677988,0.16264679150677988,0,Low
49.0,12577,0,0.07840350788105638,0.07840350788105638,0,Low
39.0,16075,0,0.11910165547655012,0.11910165547655012,0,Low
57.95,7919,0,0.04160201083536259,0.04160201083536259,0,Low
506.95,7207,0,0.19930230798114934,0.19930230798114934,0,Low
117.0,15497,0,0.1287473821664088,0.1287473821664088,0,Low
59.0,9480,0,0.11005903402767209,0.11005903402767209,0,Low
49.0,15735,0,0.10559242734513732,0.10559242734513732,0,Low
100.0,2518,0,0.14362679787237562,0.14362679787237562,0,Low
44.5,12358,0,0.09531587778948472,0.09531587778948472,0,Low
75.0,6019,0,0.18801775605943705,0.18801775605943705,0,Low
77.0,18350,0,0.06923485426486582,0.06923485426486582,0,Low
77.95,4937,0,0.10279729991074683,0.10279729991074683,0,Low
39.0,7815,0,0.07541020383293566,0.07541020383293566,0,Low
117.0,14469,0,0.14529764865886866,0.08717858919532119,0,Low
390.0,8394,0,0.2697963644573098,0.2697963644573098,0,Low
25.0,13674,0,0.12417396406587419,0.12417396406587419,0,Low
171.0,4436,0,0.2100094065390678,0.2100094065390678,0,Low
335.0,11815,0,0.1366206055931246,0.1366206055931246,0,Low
724.0,12695,0,0.2662452051558128,0.2662452051558128,0,Low
331.0,16498,0,0.1833695540041145,0.1833695540041145,0,Low
67.95,9992,0,0.07158230149148859,0.07158230149148859,0,Low
75.0,16659,0,0.0872592749390761,0.0872592749390761,0,Low
16.615,5812,0,0.12545965515632707,0.12545965515632707,0,Low
125.0,9112,0,0.1471112885492026,0.1471112885492026,0,Low
78.97,16560,0,0.06002267869904739,0.06002267869904739,0,Low
1687.0,13906,0,0.18821843746723027,0.18821843746723027,0,Low
1846.83,5051,0,0.18013902088524514,0.18013902088524514,0,Low
500.0,6019,0,0.31159060099521546,0.31159060099521546,0,Low
30.0,14712,0,0.10389399759014328,0.10389399759014328,0,Low
171.0,7861,0,0.19585733456913176,0.19585733456913176,0,Low
107.95,4090,0,0.1339889528947108,0.1339889528947108,0,Low
390.0,12501,0,0.26928062559738225,0.26928062559738225,0,Low
107.95,17399,0,0.07561169293837772,0.07561169293837772,0,Low
511.95,9500,0,0.2533768643478527,0.2533768643478527,0,Low
47.95,3508,0,0.08059345483880476,0.08059345483880476,0,Low
554.0,9323,0,0.21292380629154167,0.21292380629154167,0,Low
67.95,2616,0,0.1693869132706682,0.1693869132706682,0,Low
62.95,11279,0,0.14051378742455373,0.14051378742455373,0,Low
29.0,2772,0,0.09938997940483345,0.09938997940483345,0,Low
117.0,16630,0,0.07881255363769886,0.07881255363769886,0,Low
974.0,9803,1,0.39091255557749405,0.39091255557749405,0,Low
25.95,7507,0,0.09426244249721165,0.09426244249721165,0,Low
424.95,17641,0,0.26582566622923753,0.1594953997375425,0,Low
35.0,11653,0,0.1193791955204659,0.1193791955204659,0,Low
39.0,7282,0,0.05551397159219865,0.05551397159219865,0,Low
117.0,15066,1,0.3227151825927416,0.3227151825927416,1,Low
1925.1,3518,0,0.14975703308477384,0.14975703308477384,0,Low
217.95,1342,0,0.19995247140749017,0.19995247140749017,0,Low
125.0,6741,0,0.0769425314529543,0.0769425314529543,0,Low
169.0,10960,1,0.28301899329791225,0.28301899329791225,0,Low
49.0,12467,0,0.13566152668970505,0.08139691601382303,0,Low
40.0,7005,0,0.1125654139172218,0.1125654139172218,0,Low
15.0,14290,0,0.1834136354650008,0.1834136354650008,0,Low
863.44,7562,0,0.154278111928494,0.154278111928494,0,Low
70.0,9500,0,0.14391429252922763,0.14391429252922763,0,Low
209.95,13623,0,0.28240791611633065,0.28240791611633065,0,Low
22.97,14283,0,0.08170347402082198,0.08170347402082198,0,Low
117.0,7919,0,0.0876894025236641,0.0876894025236641,0,Low
1104.0,15406,0,0.20779896458072952,0.20779896458072952,0,Low
107.95,2157,0,0.1192212213853464,0.1192212213853464,0,Low
450.0,2233,0,0.22058072386714303,0.1323484343202858,0,Low
47.95,4663,0,0.06017047005097862,0.06017047005097862,0,Low
25.95,12037,0,0.08244650683633446,0.08244650683633446,0,Low
107.95,10057,0,0.0974004764377677,0.0974004764377677,0,Low
75.0,15063,0,0.13942170551513813,0.13942170551513813,0,Low
16.95,4063,0,0.06554990831948279,0.06554990831948279,0,Low
59.0,7826,0,0.1528832996806283,0.1528832996806283,0,Low
226.0,7919,0,0.14504518127371113,0.14504518127371113,0,Low
117.0,8117,0,0.15040497650891788,0.15040497650891788,0,Low
69.95,7919,0,0.06967506064219556,0.06967506064219556,0,Low
27.97,16560,0,0.045530434465978036,0.045530434465978036,0,Low
57.95,2263,0,0.0761359706173975,0.0761359706173975,0,Low
44.47,2884,0,0.0955096011103501,0.0955096011103501,0,Low
171.0,9112,0,0.19435848440014308,0.19435848440014308,0,Low
288.95,6019,0,0.31599016990280737,0.31599016990280737,1,Low
117.0,9112,0,0.14956224517103217,0.14956224517103217,0,Low
59.0,14079,0,0.08563524418007785,0.08563524418007785,0,Low
20.0,2019,0,0.09942353503366705,0.05965412102020023,0,Low
67.95,7664,0,0.14521579148958694,0.14521579148958694,0,Low
57.95,15497,0,0.08277715720659387,0.08277715720659387,0,Low
63.664,3867,0,0.23045813760616032,0.23045813760616032,0,Low
77.95,8691,0,0.042465668774353836,0.042465668774353836,0,Low
59.0,17188,0,0.11969420447943241,0.11969420447943241,0,Low
29.5,7638,0,0.0669704418451585,0.0669704418451585,0,Low
47.95,15080,0,0.09664489219092871,0.057986935314557224,0,Low
2009.1,2484,0,0.1740230684193964,0.10441384105163784,0,Low
75.0,11207,0,0.12638623364768622,0.12638623364768622,0,Low
35.95,9400,0,0.1110766446326305,0.1110766446326305,0,Low
415.0,12501,0,0.2610080754836672,0.2610080754836672,0,Low
39.0,7005,0,0.07842049865607931,0.07842049865607931,0,Low
47.95,1444,0,0.07153234848545667,0.07153234848545667,0,Low
47.95,8842,0,0.1287048997861437,0.1287048997861437,0,Low
50.0,9013,0,0.1794878815964117,0.1794878815964117,0,Low
369.95,2803,0,0.2433420100610296,0.2433420100610296,0,Low
550.0,14290,0,0.26438455756048096,0.26438455756048096,0,Low
100.0,11319,0,0.1310573285270034,0.1310573285270034,0,Low
57.95,12293,0,0.05541900822028437,0.05541900822028437,0,Low
57.95,7861,0,0.1139054318898738,0.1139054318898738,0,Low
35.95,2884,0,0.09487999968866948,0.09487999968866948,0,Low
77.95,12839,0,0.1361196859163538,0.1361196859163538,0,Low
159.95,2803,0,0.20610696606503878,0.20610696606503878,0,Low
83.95,14741,0,0.10896667707009111,0.10896667707009111,0,Low
554.0,16994,0,0.1869575682972945,0.1869575682972945,0,Low
49.0,1939,0,0.10650427773891112,0.10650427773891112,0,Low
100.0,16659,0,0.09976354669343909,0.09976354669343909,0,Low
554.0,17480,0,0.4347566968005711,0.4347566968005711,0,Low
117.0,13481,0,0.10864920914840609,0.10864920914840609,0,Low
44.0,13307,0,0.07149775983276857,0.07149775983276857,0,Low
73.95,14290,0,0.14435549650791007,0.14435549650791007,0,Low
87.0,2803,0,0.1139687769136097,0.1139687769136097,0,Low
15.95,7220,0,0.060939234034153064,0.060939234034153064,0,Low
59.0,7676,0,0.15967922018671318,0.15967922018671318,0,Low
100.0,5733,0,0.15994821693691,0.095968930162146,0,Low
54.5,7919,0,0.06535455769812662,0.06535455769812662,0,Low
525.0,3821,0,0.24650094637011757,0.24650094637011757,0,Low
57.95,15986,0,0.09412262644734164,0.09412262644734164,0,Low
495.95,16326,0,0.27957104154617013,0.27957104154617013,0,Low
171.0,15124,0,0.12096031802664,0.12096031802664,0,Low
39.0,12544,0,0.14514278484528087,0.14514278484528087,0,Low
59.0,1804,0,0.08264962077837876,0.08264962077837876,0,Low
15.0,10616,0,0.17671771976266734,0.17671771976266734,0,Low
295.0,17469,0,0.2680219668004643,0.2680219668004643,0,Low
34.0,12544,0,0.14333774783225317,0.14333774783225317,0,Low
82.95,7638,0,0.08300052044861211,0.08300052044861211,0,Low
34.0,12839,0,0.10282819892102694,0.10282819892102694,0,Low
29.54,7508,0,0.09449118737073704,0.09449118737073704,0,Low
10.99,7508,0,0.1081529855863742,0.1081529855863742,0,Low
209.95,15497,0,0.1684451577461528,0.1684451577461528,0,Low
34.0,12686,0,0.11690959971275224,0.11690959971275224,0,Low
361.95,7676,0,0.239268799393909,0.239268799393909,0,Low
141.0,11207,0,0.21502152933178004,0.21502152933178004,0,Low
1467.99,9500,0,0.2544683680297338,0.2544683680297338,0,Low
100.0,6442,0,0.10836404824679662,0.06501842894807797,0,Low
100.0,9596,0,0.13515788191483755,0.13515788191483755,0,Low
107.95,7861,0,0.14606179567158412,0.14606179567158412,0,Low
77.95,13022,0,0.13508702710670822,0.13508702710670822,0,Low
97.0,2803,0,0.10844455492618417,0.10844455492618417,0,Low
108.95,17188,0,0.10434326407023532,0.10434326407023532,0,Low
705.0,2616,0,0.3869919743555983,0.3869919743555983,0,Low
77.0,8378,0,0.16555704429682422,0.16555704429682422,0,Low
151.0,16659,0,0.2141535080407339,0.2141535080407339,0,Low
59.0,11870,0,0.09584121293861576,0.09584121293861576,0,Low
59.0,8528,0,0.10818963817530451,0.10818963817530451,0,Low
117.0,13249,0,0.11150698139334027,0.11150698139334027,0,Low
30.95,9500,0,0.1582756583016835,0.1582756583016835,0,Low
40.0,7919,0,0.06151261914372448,0.06151261914372448,0,Low
47.95,2157,0,0.08585163490499954,0.08585163490499954,0,Low
57.95,10389,0,0.1049219460264046,0.1049219460264046,0,Low
200.0,6739,0,0.22376073791419715,0.22376073791419715,0,Low
204.97,16232,0,0.17297071264839708,0.17297071264839708,0,Low
117.0,7675,0,0.1358276036171793,0.1358276036171793,0,Low
125.0,2114,0,0.12976193236895603,0.12976193236895603,0,Low
55.95,7166,0,0.14787719119752069,0.14787719119752069,0,Low
58.95,13374,0,0.06206474389110512,0.06206474389110512,0,Low
50.149,3887,1,0.6776316126637622,0.6776316126637622,0,Medium
57.95,1922,0,0.07085440719353402,0.07085440719353402,0,Low
40.0,16326,0,0.09695639629906207,0.09695639629906207,0,Low
29.0,10057,0,0.11164284160194084,0.11164284160194084,0,Low
82.95,7919,0,0.08157709821206308,0.08157709821206308,0,Low
1207.95,15947,0,0.23484300594438445,0.23484300594438445,0,Low
141.0,10616,0,0.2711238397742728,0.2711238397742728,0,Low
117.0,10057,0,0.12991532741565376,0.12991532741565376,0,Low
29.0,13089,0,0.08145088785619209,0.08145088785619209,0,Low
100.0,16075,0,0.18183966006905647,0.18183966006905647,0,Low
35.95,11714,0,0.09131151006107459,0.05478690603664475,0,Low
43.97,7919,0,0.05493244034744154,0.05493244034744154,0,Low
323.0,12873,0,0.22417086815495113,0.22417086815495113,0,Low
25.0,13484,0,0.13564318724905167,0.13564318724905167,0,Low
311.95,6019,0,0.27922374442915926,0.27922374442915926,0,Low
117.0,3277,0,0.1099747512250928,0.1099747512250928,0,Low
100.0,10486,0,0.16729877918130945,0.16729877918130945,0,Low
35.95,1444,0,0.09438878129086394,0.09438878129086394,0,Low
35.95,8431,0,0.13222474635304107,0.13222474635304107,0,Low
59.0,15066,0,0.23834394612255266,0.23834394612255266,0,Low
117.0,12364,0,0.1477190748204757,0.1477190748204757,0,Low
300.0,10486,0,0.4852863303541753,0.4852863303541753,0,Medium
34.0,12544,0,0.14333774783225317,0.14333774783225317,0,Low
72.5,16632,0,0.08700711908941275,0.08700711908941275,0,Low
77.0,12866,0,0.15602886051276937,0.15602886051276937,0,Low
335.0,16085,0,0.15875481888167758,0.15875481888167758,0,Low
280.0,6204,0,0.2871960858391079,0.2871960858391079,0,Low
50.0,4729,0,0.09324835413411688,0.05594901248047012,0,Low
100.0,11306,0,0.12984699196125601,0.12984699196125601,0,Low
100.0,4852,0,0.14059576113824965,0.14059576113824965,0,Low
107.95,6335,0,0.07560261694586867,0.07560261694586867,0,Low
100.0,16659,0,0.10393374404645325,0.10393374404645325,0,Low
107.95,3178,0,0.11634893787289105,0.11634893787289105,0,Low
150.0,17947,0,0.24829436919679598,0.24829436919679598,0,Low
90.0,10930,0,0.16321930990668346,0.16321930990668346,0,Low
134.95,2920,0,0.1125470941189901,0.1125470941189901,0,Low
10.95,18249,0,0.044968326363835846,0.044968326363835846,0,Low
59.0,2336,0,0.10534622328345787,0.10534622328345787,0,Low
100.0,1444,0,0.13704193790649088,0.13704193790649088,0,Low
1011.95,11207,0,0.1988867760618261,0.1988867760618261,0,Low
49.0,3084,0,0.09422847441717126,0.09422847441717126,0,Low
335.0,3178,0,0.2570634906608511,0.2570634906608511,0,Low
25.95,12544,0,0.14148257335074418,0.14148257335074418,0,Low
47.95,11207,0,0.08354259285887085,0.08354259285887085,0,Low
35.0,6847,0,0.0694748937085297,0.0694748937085297,0,Low
78.97,2971,0,0.11755014992677654,0.11755014992677654,0,Low
107.95,12686,0,0.07886568077295814,0.07886568077295814,0,Low
100.0,16075,0,0.18183966006905647,0.18183966006905647,0,Low
15.95,12544,0,0.1433157545227405,0.1433157545227405,0,Low
202.95,17131,0,0.11468140714968236,0.11468140714968236,0,Low
59.0,7861,0,0.14665605634903586,0.14665605634903586,0,Low
29.5,7861,0,0.12529399682051912,0.12529399682051912,0,Low
210.95,15757,0,0.1710686467945902,0.1710686467945902,0,Low
335.0,5252,0,0.25305514910089366,0.1518330894605362,0,Low
117.0,2803,0,0.09351324526423138,0.09351324526423138,0,Low
125.0,11319,0,0.12791264923619663,0.12791264923619663,0,Low
100.0,4591,0,0.10906183994207697,0.10906183994207697,0,Low
53.95,11919,0,0.11543870697522668,0.11543870697522668,0,Low
35.95,10856,0,0.06180374563450983,0.06180374563450983,0,Low
57.95,15066,0,0.12897988254116938,0.12897988254116938,0,Low
100.0,12581,0,0.12597680020186014,0.12597680020186014,0,Low
57.95,9390,0,0.07333774516632657,0.07333774516632657,0,Low
57.95,13597,0,0.05591433066362507,0.05591433066362507,0,Low
93.95,2803,0,0.09571126206308142,0.09571126206308142,0,Low
25.0,2616,0,0.14361954388359188,0.14361954388359188,0,Low
209.95,8394,0,0.2062004887336152,0.2062004887336152,0,Low
141.0,7322,0,0.1291297914598387,0.1291297914598387,0,Low
47.0,9500,0,0.09682314138275676,0.09682314138275676,0,Low
107.0,12695,0,0.14820218435874558,0.14820218435874558,0,Low
226.0,7826,0,0.19621932451794202,0.19621932451794202,0,Low
36.95,12544,0,0.14165795445216717,0.14165795445216717,0,Low
59.0,9500,0,0.13541774709360538,0.13541774709360538,0,Low
57.95,16883,0,0.07832604152975123,0.07832604152975123,0,Low
29.0,7207,0,0.08582867668096485,0.08582867668096485,0,Low
15.95,7676,0,0.1533640849238993,0.1533640849238993,0,Low
77.95,4806,0,0.13213473866435332,0.13213473866435332,0,Low
29.0,13260,0,0.1001501468510166,0.1001501468510166,0,Low
59.0,13273,0,0.14636126838858005,0.14636126838858005,0,Low
129.95,6252,0,0.15743327561048737,0.15743327561048737,0,Low
57.95,18132,0,0.047478953399201516,0.047478953399201516,0,Low
100.0,10960,0,0.09289080564483891,0.09289080564483891,0,Low
24.5,12469,0,0.06586928907940541,0.06586928907940541,0,Low
226.0,11127,0,0.24615475517226706,0.24615475517226706,0,Low
77.0,16972,0,0.11145852910186461,0.11145852910186461,0,Low
554.0,17188,0,0.24904119090671947,0.24904119090671947,0,Low
117.0,12501,0,0.14369368415366326,0.14369368415366326,0,Low
24.5,11916,0,0.14168194462150513,0.14168194462150513,0,Low
65.0,6327,0,0.1446208881479697,0.1446208881479697,0,Low
57.95,14025,0,0.07566262827156031,0.07566262827156031,0,Low
98.5,9175,0,0.1291051123590824,0.1291051123590824,0,Low
54.0,11862,0,0.08830810527177317,0.08830810527177317,0,Low
75.0,12213,0,0.14479770047258314,0.14479770047258314,0,Low
117.0,12511,0,0.11593080037916456,0.11593080037916456,0,Low
474.95,10682,1,0.42124918477618306,0.42124918477618306,0,Low
20.0,4074,0,0.061701278147136815,0.061701278147136815,0,Low
644.95,11461,0,0.2689480062534313,0.22803547041872546,0,Low
59.0,4515,0,0.11226948869677109,0.11226948869677109,0,Low
57.0,12577,0,0.06913394703708964,0.06913394703708964,0,Low
113.0,6530,0,0.0812722370242278,0.0812722370242278,0,Low
200.0,9306,0,0.23685565125826877,0.23685565125826877,0,Low
487.95,7635,0,0.34421342239517777,0.34421342239517777,1,Low
59.0,14858,0,0.100909551992434,0.100909551992434,0,Low
310.0,8394,0,0.2519167082399064,0.2519167082399064,0,Low
117.0,9002,0,0.15123767101600033,0.15123767101600033,0,Low
59.0,12801,0,0.07155586376212465,0.04293351825727479,0,Low
15.95,16070,0,0.07021627831429807,0.07021627831429807,0,Low
226.0,9354,0,0.21318846480317294,0.21318846480317294,0,Low
250.0,12087,0,0.2367008371041029,0.2367008371041029,0,Low
30.95,17055,0,0.05400976780450742,0.05400976780450742,0,Low
47.95,9500,0,0.16459747486285867,0.16459747486285867,0,Low
40.0,10047,0,0.08958548871978132,0.08958548871978132,0,Low
107.95,7676,0,0.12900658793447517,0.12900658793447517,0,Low
186.0,3605,0,0.22657628605424848,0.22657628605424848,0,Low
250.0,2803,0,0.22143375998855538,0.22143375998855538,0,Low
100.0,18086,0,0.07118506366972686,0.07118506366972686,0,Low
59.0,6816,0,0.13624414122012476,0.13624414122012476,0,Low
20.0,5397,0,0.0865357193394601,0.0865357193394601,0,Low
87.95,11686,0,0.12483961836220708,0.12483961836220708,0,Low
97.0,2377,0,0.12060665720102692,0.12060665720102692,0,Low
107.95,7970,0,0.13654930009675942,0.13654930009675942,0,Low
105.0,18350,0,0.052829502326365935,0.052829502326365935,0,Low
12.0,11839,1,0.20715759908801704,0.20715759908801704,0,Low
169.0,13395,0,0.17625072780610634,0.17625072780610634,0,Low
10.0,18227,0,0.17102120919233788,0.17102120919233788,0,Low
50.0,17321,0,0.10480594464234098,0.10480594464234098,0,Low
47.95,7919,0,0.0522161692803411,0.0522161692803411,0,Low
210.95,6697,0,0.15673575751102597,0.15673575751102597,0,Low
30.95,14265,0,0.12006556902321407,0.12006556902321407,0,Low
320.0,4208,0,0.2454989060513963,0.2454989060513963,0,Low
37.0,12469,0,0.07005889686269144,0.07005889686269144,0,Low
160.95,4663,0,0.15931408924164703,0.15931408924164703,0,Low
29.5,16485,0,0.11436489154297305,0.11436489154297305,0,Low
54.5,7894,0,0.14524452306178545,0.14524452306178545,0,Low
35.95,7508,0,0.12261074636611546,0.12261074636611546,0,Low
57.95,12005,0,0.11171586019113043,0.11171586019113043,0,Low
57.95,14255,0,0.05247023270859864,0.05247023270859864,0,Low
58.95,14290,0,0.07630899839631176,0.07630899839631176,0,Low
163.0,7629,0,0.16223424737966988,0.16223424737966988,0,Low
50.0,8436,0,0.06605232402147684,0.06605232402147684,0,Low
50.0,15066,0,0.1393854844402822,0.1393854844402822,0,Low
226.0,10895,0,0.19310554074398426,0.19310554074398426,0,Low
57.95,3579,0,0.08265414578341986,0.08265414578341986,0,Low
47.95,7505,0,0.08043862301245454,0.08043862301245454,0,Low
47.95,12544,0,0.13993894089249723,0.13993894089249723,0,Low
75.0,8908,0,0.17416412714112614,0.17416412714112614,0,Low
1214.95,6832,0,0.15092690237552175,0.15092690237552175,0,Low
25.95,15066,0,0.21764819452837017,0.21764819452837017,0,Low
35.95,15484,0,0.0788090547309914,0.0788090547309914,0,Low
150.0,15066,0,0.42628423033689045,0.42628423033689045,0,Low
50.0,18209,0,0.12004336435182009,0.12004336435182009,0,Low
50.0,13780,0,0.14345558639626335,0.14345558639626335,0,Low
53.97,9500,0,0.12608472914908242,0.12608472914908242,0,Low
931.27,17480,0,0.3086175328544932,0.3086175328544932,0,Low
103.97,12544,0,0.14443133507793654,0.14443133507793654,0,Low
117.0,8899,0,0.1252409830111858,0.1252409830111858,0,Low
100.0,9085,0,0.15688845140560959,0.15688845140560959,0,Low
39.0,14649,0,0.24014334528831213,0.24014334528831213,0,Low
31.95,10493,0,0.07048353048032936,0.07048353048032936,0,Low
57.95,7292,0,0.08139359367044903,0.08139359367044903,0,Low
49.0,6615,0,0.09109214568987423,0.09109214568987423,0,Low
25.95,10989,0,0.07765608673599697,0.07765608673599697,0,Low
226.0,3579,0,0.23147912658166753,0.23147912658166753,0,Low
97.0,15813,0,0.1101941571150075,0.1101941571150075,0,Low
59.0,6453,0,0.11478819883291841,0.11478819883291841,0,Low
117.0,9500,0,0.17225065862109104,0.17225065862109104,0,Low
54.47,4591,0,0.06647037402497631,0.06647037402497631,0,Low
50.0,11157,0,0.0844040775421477,0.0844040775421477,0,Low
35.95,1078,0,0.10656027966919829,0.10656027966919829,0,Low
59.0,16132,0,0.10094235588254985,0.10094235588254985,0,Low
117.0,16255,0,0.07675114788254814,0.07675114788254814,0,Low
97.0,11207,0,0.14976517430124517,0.14976517430124517,0,Low
506.47,16132,0,0.18647189754262608,0.18647189754262608,0,Low
311.95,7815,0,0.1765287262158203,0.1765287262158203,0,Low
300.0,12583,1,0.6149224132972406,0.6149224132972406,0,Medium
24.0,12454,0,0.061877726349146796,0.061877726349146796,0,Low
150.95,15651,0,0.16904656726780673,0.16904656726780673,0,Low
180.95,7970,0,0.21737658830410747,0.21737658830410747,0,Low
77.95,3331,0,0.15159456726190484,0.15159456726190484,0,Low
57.95,4029,0,0.33430760719882957,0.33430760719882957,1,Low
280.0,12253,0,0.25406588586693596,0.25406588586693596,0,Low
54.5,17188,0,0.11921066462224317,0.11921066462224317,0,Low
300.0,9350,0,0.2437510319629779,0.2437510319629779,0,Low
150.0,18238,0,0.24287106956479076,0.24287106956479076,0,Low
250.0,15066,0,0.21627266990270344,0.21627266990270344,0,Low
87.95,7508,0,0.182294630256035,0.182294630256035,0,Low
83.5,12973,0,0.15281938980380105,0.15281938980380105,0,Low
107.95,16132,0,0.08679951035548206,0.08679951035548206,0,Low
141.0,5772,0,0.24569951822989725,0.24569951822989725,0,Low
29.5,13675,0,0.07157233056706125,0.04294339834023675,0,Low
57.95,17466,0,0.05328411839236583,0.05328411839236583,0,Low
46.95,8868,0,0.05686666525061478,0.05686666525061478,0,Low
117.0,16779,0,0.1355333382302909,0.1355333382302909,0,Low
92.0,10065,0,0.10617134088591136,0.10617134088591136,0,Low
82.95,14025,0,0.1576756964426721,0.1576756964426721,0,Low
100.0,3821,0,0.11607652464194367,0.11607652464194367,0,Low
644.69,7585,0,0.2508362796487304,0.2508362796487304,0,Low
226.0,13507,0,0.2025505105194749,0.12153030631168493,0,Low
100.0,4063,0,0.09326144380591844,0.09326144380591844,0,Low
234.95,17188,0,0.19848539478868382,0.19848539478868382,0,Low
117.0,16510,0,0.16169606427303262,0.16169606427303262,0,Low
29.0,8431,0,0.13222474635304107,0.13222474635304107,0,Low
117.0,6419,0,0.1498878009584795,0.1498878009584795,0,Low
35.95,1974,0,0.06172334678645156,0.06172334678645156,0,Low
106.0,15775,0,0.01418082020733279,0.01418082020733279,0,Low
57.95,7669,0,0.07101491092307408,0.07101491092307408,0,Low
77.0,2589,0,0.13311751986655074,0.07987051191993044,0,Low
139.95,12695,0,0.16231197385181118,0.16231197385181118,0,Low
25.95,7919,0,0.053105103045651456,0.053105103045651456,0,Low
209.95,9500,0,0.2260275377947368,0.2260275377947368,0,Low
49.0,2772,0,0.12401764667742932,0.12401764667742932,0,Low
200.0,6094,0,0.20432807159266098,0.20432807159266098,0,Low
774.0,6170,0,0.2525386559478103,0.2525386559478103,0,Low
107.95,3808,0,0.1479026512944045,0.1479026512944045,0,Low
48.96,15484,0,0.08576176049525375,0.08576176049525375,0,Low
100.0,2616,0,0.16856172003242267,0.16856172003242267,0,Low
117.0,8528,0,0.12037286963310873,0.12037286963310873,0,Low
30.0,4425,0,0.11733098792402062,0.11733098792402062,0,Low
335.0,12932,0,0.22269377440850163,0.22269377440850163,0,Low
25.95,8519,0,0.11617244090853364,0.11617244090853364,0,Low
27.37,7508,0,0.09426739802680109,0.09426739802680109,0,Low
57.95,18132,0,0.07474745950739807,0.07474745950739807,0,Low
35.95,4053,0,0.08411373369526853,0.08411373369526853,0,Low
30.95,15782,0,0.07439500260787196,0.07439500260787196,0,Low
108.95,7585,0,0.17944137694652706,0.17944137694652706,0,Low
107.95,7664,0,0.15071361239027678,0.15071361239027678,0,Low
49.0,5033,0,0.13622472518621465,0.13622472518621465,0,Low
117.0,2772,0,0.14353890905438393,0.14353890905438393,0,Low
171.0,16075,0,0.3046004014347731,0.3046004014347731,0,Low
59.0,3181,0,0.08247507839679079,0.08247507839679079,0,Low
261.95,13858,0,0.2341911254787334,0.2341911254787334,0,Low
100.0,13929,0,0.10887171582674168,0.10887171582674168,0,Low
156.0,8117,0,0.17258520331322832,0.17258520331322832,0,Low
200.0,6019,0,0.31358549964805815,0.31358549964805815,0,Low
250.0,9697,0,0.2550379145301046,0.15302274871806276,0,Low
150.0,5619,0,0.23916234470197434,0.23916234470197434,0,Low
54.5,12577,0,0.04852399711154399,0.04852399711154399,0,Low
92.0,8406,0,0.13282488792615266,0.13282488792615266,0,Low
69.0,7919,0,0.08119453971754283,0.08119453971754283,0,Low
149.97,3605,0,0.2351176879112668,0.2351176879112668,0,Low
40.0,3510,0,0.09311337658594057,0.05586802595156434,0,Low
55.0,4975,0,0.08381146135285605,0.08381146135285605,0,Low
171.0,4141,1,0.5646529153820881,0.5646529153820881,0,Medium
20.0,12689,0,0.14270732992043536,0.14270732992043536,0,Low
26.5,11386,0,0.09045045091127507,0.09045045091127507,0,Low
703.95,8817,0,0.24730490335907301,0.24730490335907301,0,Low
200.0,9537,0,0.2609183049712245,0.2609183049712245,0,Low
213.0,16132,0,0.13169496306260806,0.13169496306260806,0,Low
100.0,1675,0,0.15658379639074685,0.15658379639074685,0,Low
209.95,10616,0,0.24558833855994092,0.24558833855994092,0,Low
210.95,7585,0,0.23304499673268964,0.23304499673268964,0,Low
34.0,16132,0,0.105816004747812,0.105816004747812,0,Low
164.0,2772,0,0.21634021162769548,0.21634021162769548,0,Low
117.0,2114,0,0.1281538011033681,0.1281538011033681,0,Low
23.95,3508,0,0.07661911426333196,0.07661911426333196,0,Low
100.0,16027,0,0.16920813552183975,0.10152488131310385,0,Low
49.0,16132,0,0.1082514711875069,0.1082514711875069,0,Low
60.0,8335,0,0.14696578743104044,0.14696578743104044,0,Low
57.95,9468,0,0.10984221823378708,0.10984221823378708,0,Low
117.0,7664,0,0.1722917546084334,0.1722917546084334,0,Low
90.0,16659,0,0.09932410838179782,0.09932410838179782,0,Low
35.95,13108,0,0.0636727444781686,0.0636727444781686,0,Low
107.95,18039,0,0.1016945524408229,0.1016945524408229,0,Low
25.95,7508,0,0.13105925993346712,0.13105925993346712,0,Low
209.95,6019,0,0.23536605323449833,0.23536605323449833,0,Low
100.0,13755,0,0.123214945706263,0.07392896742375779,0,Low
39.0,11204,0,0.12084063031717607,0.12084063031717607,0,Low
107.95,10975,0,0.0688542963057201,0.0688542963057201,0,Low
209.95,6530,0,0.08115268731391648,0.08115268731391648,0,Low
226.0,11157,0,0.2119091846888643,0.2119091846888643,0,Low
44.5,11925,0,0.17198957939484527,0.17198957939484527,0,Low
222.0,11839,0,0.2110024826245021,0.2110024826245021,0,Low
445.0,14182,0,0.1682250463722966,0.1682250463722966,0,Low
335.0,8406,0,0.25790734700775,0.25790734700775,0,Low
150.0,2616,0,0.33940173903869003,0.33940173903869003,1,Low
50.0,1724,0,0.11906648681917777,0.11906648681917777,0,Low
112.99,11159,0,0.1196441885657368,0.1196441885657368,0,Low
59.0,9002,0,0.14822225838553704,0.14822225838553704,0,Low
125.95,15484,0,0.12009902018047343,0.12009902018047343,0,Low
171.0,13108,0,0.18973918840623333,0.18973918840623333,0,Low
97.0,17729,0,0.06558220766294316,0.06558220766294316,0,Low
30.95,1419,0,0.09398834560163535,0.09398834560163535,0,Low
57.95,17188,0,0.10206505094180342,0.10206505094180342,0,Low
27.97,3277,0,0.07067247190591484,0.07067247190591484,0,Low
68.5,12577,0,0.06293808352483377,0.06293808352483377,0,Low
117.0,7508,0,0.1521168339228399,0.1521168339228399,0,Low
117.0,14661,0,0.10348103703437124,0.10348103703437124,0,Low
30.95,9998,0,0.058940038018062774,0.058940038018062774,0,Low
77.0,11925,0,0.21628025922063254,0.21628025922063254,0,Low
78.97,16274,0,0.11852982653814427,0.11852982653814427,0,Low
30.0,18227,0,0.18003585993779161,0.18003585993779161,0,Low
226.0,12615,0,0.22345034071208075,0.22345034071208075,0,Low
77.0,16116,0,0.12294159112735029,0.12294159112735029,0,Low
49.0,4121,0,0.12296291492712264,0.12296291492712264,0,Low
49.0,11815,0,0.07758828508651243,0.07758828508651243,0,Low
282.75,16132,0,0.2217758968341877,0.2217758968341877,0,Low
204.97,10486,0,0.2903601600919429,0.2903601600919429,0,Low
159.95,17055,0,0.11848375838138901,0.11848375838138901,0,Low
117.0,4738,0,0.13953072389145604,0.13953072389145604,0,Low
117.0,14290,0,0.14287591239064373,0.14287591239064373,0,Low
59.0,6958,0,0.14170701276686615,0.14170701276686615,0,Low
117.0,12695,0,0.15162401248093194,0.15162401248093194,0,Low
50.0,14014,0,0.0771850301695728,0.0771850301695728,0,Low
75.0,15775,0,0.07699919606732933,0.07699919606732933,0,Low
209.95,2803,0,0.16494975656676772,0.16494975656676772,0,Low
107.95,4705,0,0.107884481851628,0.107884481851628,0,Low
30.95,1744,0,0.1068145844186458,0.1068145844186458,0,Low
59.0,10112,0,0.0873337737195673,0.0873337737195673,0,Low
87.95,8679,0,0.14202008737878777,0.14202008737878777,0,Low
664.0,3178,0,0.26163424044905953,0.26163424044905953,0,Low
57.95,1214,0,0.09159374732732228,0.09159374732732228,0,Low
134.95,10057,0,0.14238378365738888,0.14238378365738888,0,Low
59.0,6481,0,0.11891581511679174,0.11891581511679174,0,Low
55.0,15998,0,0.1033953907797602,0.1033953907797602,0,Low
97.0,7861,0,0.14337847671725165,0.14337847671725165,0,Low
1586.69,7987,0,0.23249740762847368,0.23249740762847368,0,Low
100.0,7063,0,0.1901130257789287,0.1901130257789287,0,Low
41.5,5606,0,0.059286817279510705,0.059286817279510705,0,Low
471.71,10486,0,0.4188724715112297,0.4188724715112297,0,Low
57.95,12695,0,0.10945124955207065,0.10945124955207065,0,Low
112.99,12598,0,0.12337921467815445,0.12337921467815445,0,Low
77.95,12501,0,0.1307538004740239,0.1307538004740239,0,Low
67.95,8320,0,0.068920212752489,0.068920212752489,0,Low
370.0,16828,0,0.21450547369123388,0.21450547369123388,0,Low
117.0,15111,0,0.11529566029374237,0.11529566029374237,0,Low
524.95,13836,0,0.22894678426388043,0.22894678426388043,0,Low
161.0,2755,0,0.22924660697829308,0.22924660697829308,0,Low
150.0,10740,0,0.2417540547584801,0.2417540547584801,0,Low
554.0,7664,0,0.2621372842152697,0.2621372842152697,0,Low
82.0,9500,0,0.189589435056719,0.189589435056719,0,Low
317.5,1444,0,0.21940552226991805,0.21940552226991805,0,Low
30.95,11218,0,0.1084437874967276,0.1084437874967276,0,Low
80.0,1675,0,0.1471942464862489,0.1471942464862489,0,Low
54.0,2295,0,0.09696165753634198,0.09696165753634198,0,Low
92.0,7638,0,0.07417330445550457,0.07417330445550457,0,Low
107.0,13324,0,0.10645666561550568,0.10645666561550568,0,Low
57.95,12544,0,0.11704950534922272,0.11704950534922272,0,Low
117.0,8113,0,0.12512059562392433,0.12512059562392433,0,Low
54.5,7971,0,0.06688511734445082,0.06688511734445082,0,Low
226.0,2219,0,0.2294810770933502,0.1376886462560101,0,Low
30.95,2616,0,0.21099230489907325,0.21099230489907325,0,Low
107.95,14248,0,0.09741129487401247,0.09741129487401247,0,Low
57.95,12873,0,0.08760253533819634,0.08760253533819634,0,Low
834.0,14182,0,0.13131760550644547,0.13131760550644547,0,Low
100.0,5287,0,0.20454258538249825,0.20454258538249825,0,Low
57.95,4967,0,0.06985968724466383,0.06985968724466383,0,Low
97.95,5272,0,0.16173168407522592,0.16173168407522592,0,Low
59.0,1939,0,0.10886824730477752,0.10886824730477752,0,Low
250.0,8695,0,0.2458341361024702,0.2458341361024702,0,Low
59.0,8222,0,0.0782657166458346,0.0782657166458346,0,Low
200.0,12839,0,0.19556073316948383,0.19556073316948383,0,Low
20.95,17188,0,0.0972392496963108,0.0972392496963108,0,Low
30.0,10486,0,0.14057105139823922,0.14057105139823922,0,Low
129.95,1804,0,0.10096849578756657,0.10096849578756657,0,Low
75.0,15066,0,0.17554746847142536,0.17554746847142536,0,Low
30.95,16232,0,0.09028304548203105,0.09028304548203105,0,Low
446.23,15128,0,0.16248586352944044,0.16248586352944044,0,Low
411.95,15497,0,0.24939402342601322,0.24939402342601322,0,Low
200.0,5629,0,0.22839041803278548,0.22839041803278548,0,Low
61.95,18132,0,0.06883978505763672,0.06883978505763672,0,Low
213.0,18132,0,0.1953684406151066,0.1953684406151066,0,Low
335.0,1522,0,0.1138901817240866,0.1138901817240866,0,Low
87.0,10011,1,0.2692211094791697,0.2692211094791697,0,Low
20.95,17629,0,0.06603344080846836,0.039620064485081014,0,Low
226.0,7664,0,0.22619838098675182,0.22619838098675182,0,Low
215.95,6816,0,0.17729062306043009,0.17729062306043009,0,Low
108.5,7636,0,0.21609128431129787,0.21609128431129787,0,Low
100.0,15063,0,0.12979293723888305,0.12979293723888305,0,Low
54.5,2303,0,0.0693208526038889,0.0693208526038889,0,Low
72.95,9500,1,0.20898952254934897,0.20898952254934897,0,Low
30.95,12598,0,0.0921161982295675,0.0921161982295675,0,Low
154.97,16274,0,0.16260586514448236,0.16260586514448236,0,Low
625.0,8466,0,0.18234053283141013,0.18234053283141013,0,Low
554.0,3094,0,0.2692740185825868,0.2692740185825868,0,Low
209.95,5997,0,0.20304387207390728,0.20304387207390728,0,Low
30.95,12469,0,0.05757501053863641,0.05757501053863641,0,Low
72.95,12615,0,0.14999106575768356,0.14999106575768356,0,Low
50.0,16661,0,0.11189342233980872,0.11189342233980872,0,Low
34.0,3546,0,0.07671567554684355,0.07671567554684355,0,Low
52.95,16873,0,0.11826785840236045,0.11826785840236045,0,Low
300.0,7585,0,0.3033434294330747,0.3033434294330747,0,Low
159.95,10112,0,0.1407906792767652,0.1407906792767652,0,Low
47.95,8900,0,0.11214339795812511,0.11214339795812511,0,Low
67.95,10960,0,0.06860114460868023,0.06860114460868023,0,Low
500.0,9479,0,0.16052649006497735,0.16052649006497735,0,Low
40.693,3154,1,0.43441831455317415,0.43441831455317415,0,Low
15.95,9998,0,0.055131833546660805,0.055131833546660805,0,Low
25.0,10486,0,0.14058237204651283,0.14058237204651283,0,Low
411.95,5287,0,0.31090195607476634,0.31090195607476634,0,Low
107.95,12577,0,0.060638138582692805,0.060638138582692805,0,Low
107.95,6530,0,0.07620350878113158,0.07620350878113158,0,Low
160.95,1675,0,0.2618110992460692,0.2618110992460692,0,Low
286.72,6174,0,0.30432635745877884,0.30432635745877884,0,Low
117.0,6951,0,0.11752370822866778,0.11752370822866778,0,Low
59.0,2884,0,0.12750345549529124,0.12750345549529124,0,Low
171.0,6194,0,0.1513350071289479,0.1513350071289479,0,Low
20.0,11233,0,0.1677571777459285,0.1677571777459285,0,Low
82.0,3605,0,0.14352214514731518,0.14352214514731518,0,Low
56.5,6236,0,0.08353239035125355,0.08353239035125355,0,Low
171.0,2803,0,0.19397696935561748,0.19397696935561748,0,Low
44.5,1444,0,0.10763010510138901,0.10763010510138901,0,Low
150.0,10023,0,0.202289624810234,0.202289624810234,0,Low
150.0,7585,0,0.3242734430691264,0.3242734430691264,1,Low
39.0,18156,0,0.10829968080185265,0.10829968080185265,0,Low
5.0,1906,0,0.10303063468030853,0.10303063468030853,0,Low
374.45,15497,0,0.23804142019707647,0.23804142019707647,0,Low
200.0,11162,0,0.23592153804642532,0.23592153804642532,0,Low
29.0,12042,0,0.062097109172475,0.062097109172475,0,Low
26.45,6207,0,0.06774913791880936,0.06774913791880936,0,Low
150.0,13896,0,0.23268296291534163,0.23268296291534163,0,Low
25.95,10682,0,0.11422404543474589,0.11422404543474589,0,Low
59.0,8528,0,0.10723587131533657,0.10723587131533657,0,Low
25.95,15316,0,0.08570870045287167,0.08570870045287167,0,Low
57.95,15185,0,0.08286130314856238,0.08286130314856238,0,Low
186.0,14290,0,0.19529971831625215,0.19529971831625215,0,Low
117.0,8153,0,0.15020349122344054,0.15020349122344054,0,Low
25.95,12932,0,0.09966242190774405,0.09966242190774405,0,Low
25.0,17188,0,0.10564968081328358,0.10564968081328358,0,Low
82.95,2377,0,0.12864460450877768,0.12864460450877768,0,Low
117.0,14259,0,0.11180406284190719,0.11180406284190719,0,Low
53.95,6899,0,0.0668458027888152,0.0668458027888152,0,Low
117.0,17188,0,0.1327015417019167,0.1327015417019167,0,Low
6.0,9112,0,0.18050493607757925,0.18050493607757925,0,Low
82.95,6014,0,0.05394396268442415,0.03236637761065449,0,Low
107.95,15497,0,0.10173765440038612,0.10173765440038612,0,Low
226.0,2307,0,0.21945618376485662,0.21945618376485662,0,Low
107.95,17359,0,0.12338597631795237,0.07403158579077142,0,Low
171.0,14290,0,0.19200540744114394,0.19200540744114394,0,Low
52.95,18370,0,0.10774802589144157,0.10774802589144157,0,Low
209.95,11849,0,0.22985962448131847,0.22985962448131847,0,Low
209.95,12501,0,0.1962199848327758,0.1962199848327758,0,Low
109.01,11237,0,0.09202443255773389,0.09202443255773389,0,Low
44.0,8320,0,0.05872869993372949,0.05872869993372949,0,Low
39.0,5374,0,0.05633089507027167,0.05633089507027167,0,Low
58.95,2920,0,0.05491031602632414,0.05491031602632414,0,Low
226.0,17188,0,0.19624234810362717,0.19624234810362717,0,Low
58.95,1444,0,0.07722072398993463,0.07722072398993463,0,Low
92.95,2157,0,0.13237495101282504,0.13237495101282504,0,Low
103.95,10112,0,0.07117825876233613,0.07117825876233613,0,Low
59.0,2803,0,0.09142825745395199,0.09142825745395199,0,Low
44.0,1675,0,0.09565847956713801,0.09565847956713801,0,Low
35.95,2581,0,0.06552016370745153,0.06552016370745153,0,Low
486.95,11106,0,0.22081093941780608,0.22081093941780608,0,Low
107.95,16560,0,0.05068802483121822,0.05068802483121822,0,Low
390.0,4806,0,0.24717991492593033,0.24717991492593033,0,Low
159.95,12501,0,0.17856315609620804,0.17856315609620804,0,Low
226.0,12695,0,0.2041546314860841,0.2041546314860841,0,Low
117.0,17188,0,0.133508515340359,0.133508515340359,0,Low
107.95,16132,0,0.08679951035548206,0.08679951035548206,0,Low
107.95,14290,0,0.11481530161167625,0.11481530161167625,0,Low
72.99,9485,0,0.11396437810313867,0.11396437810313867,0,Low
500.0,9803,1,0.27610209764177446,0.27610209764177446,0,Low
59.0,10859,0,0.07442983206499032,0.07442983206499032,0,Low
445.0,12695,0,0.2675861608187688,0.2675861608187688,0,Low
100.0,2965,0,0.1475900876411352,0.1475900876411352,0,Low
39.0,12839,0,0.11967759661519169,0.11967759661519169,0,Low
100.0,13375,0,0.0934956188730114,0.0934956188730114,0,Low
214.0,16115,0,0.13653065635580355,0.13653065635580355,0,Low
100.0,7585,0,0.15166801490595952,0.15166801490595952,0,Low
146.0,4806,0,0.22013188390035132,0.22013188390035132,0,Low
67.0,9803,0,0.2113085221812648,0.2113085221812648,0,Low
97.95,12598,0,0.09076494694438221,0.09076494694438221,0,Low
117.0,1764,0,0.14968051622056322,0.14968051622056322,0,Low
30.95,1078,0,0.1066927824571637,0.1066927824571637,0,Low
24.0,15986,0,0.04144821784550683,0.04144821784550683,0,Low
57.95,9992,0,0.04578914862421933,0.04578914862421933,0,Low
664.0,9456,0,0.1733520328626296,0.1733520328626296,0,Low
100.0,13470,0,0.15069476881269459,0.15069476881269459,0,Low
117.0,17931,0,0.0941008902176268,0.05646053413057608,0,Low
107.95,16070,0,0.11375438579740643,0.11375438579740643,0,Low
39.0,12538,0,0.08315177732191154,0.08315177732191154,0,Low
250.0,6021,0,0.26916344458367447,0.26916344458367447,0,Low
330.99,7207,0,0.2283239296490704,0.2283239296490704,0,Low
50.0,15548,0,0.1758335213301496,0.1758335213301496,0,Low
120.0,7919,0,0.09663748880307618,0.09663748880307618,0,Low
34.0,16070,0,0.07870534410469286,0.07870534410469286,0,Low
117.0,18018,0,0.07919264573041797,0.07919264573041797,0,Low
141.0,8431,0,0.275798397589479,0.275798397589479,0,Low
150.0,14643,1,0.3948970541961312,0.3948970541961312,0,Low
82.95,2692,0,0.12027504609241718,0.12027504609241718,0,Low
130.95,5606,0,0.08585671962520566,0.08585671962520566,0,Low
527.0,15386,0,0.3395655815007474,0.20373934890044842,0,Low
108.5,7638,0,0.07248025029100974,0.07248025029100974,0,Low
421.0,12235,0,0.26504405381957363,0.26504405381957363,0,Low
117.0,13414,0,0.13346053774703895,0.13346053774703895,0,Low
59.0,1738,0,0.07968580439972489,0.07968580439972489,0,Low
32.97,3461,0,0.10058488587367026,0.10058488587367026,0,Low
20.0,10057,0,0.1010700878196835,0.1010700878196835,0,Low
44.5,12839,0,0.10292581436744902,0.10292581436744902,0,Low
47.95,15205,0,0.04600456115976342,0.04600456115976342,0,Low
117.0,3556,0,0.1275263329282309,0.1275263329282309,0,Low
106.0,15775,0,0.01418082020733279,0.01418082020733279,0,Low
1651.0,1675,0,0.16789149078713905,0.16789149078713905,0,Low
97.0,14795,0,0.13268714785136237,0.13268714785136237,0,Low
57.95,18249,0,0.056980786512648374,0.056980786512648374,0,Low
51.0,10989,0,0.07162751867891357,0.07162751867891357,0,Low
53.97,7919,0,0.05949716862522954,0.05949716862522954,0,Low
20.0,3602,0,0.08915400361690566,0.08915400361690566,0,Low
59.0,2419,0,0.11240103431576699,0.11240103431576699,0,Low
58.95,2884,0,0.10526620993560001,0.10526620993560001,0,Low
160.5,12577,0,0.11952332054501141,0.11952332054501141,0,Low
280.0,16115,0,0.18514673618834995,0.18514673618834995,0,Low
29.0,4436,0,0.1025682788315825,0.1025682788315825,0,Low
250.0,17188,0,0.2345111170282005,0.2345111170282005,0,Low
82.95,10023,0,0.12059250891971583,0.12059250891971583,0,Low
59.0,12544,0,0.15675139395593937,0.15675139395593937,0,Low
100.0,8695,0,0.1234605332746509,0.1234605332746509,0,Low
139.95,18350,0,0.06761323861863147,0.06761323861863147,0,Low
107.95,1300,0,0.12890036718828765,0.12890036718828765,0,Low
59.0,6741,0,0.14083570963355269,0.14083570963355269,0,Low
105.95,4806,0,0.11752059148930721,0.11752059148930721,0,Low
20.0,10616,0,0.12618217319264452,0.12618217319264452,0,Low
88.0,8573,0,0.15936521573005566,0.15936521573005566,0,Low
57.95,2981,0,0.062059180793403515,0.03723550847604211,0,Low
97.0,6932,0,0.08747580645121435,0.08747580645121435,0,Low
50.0,14349,0,0.11241899227637286,0.11241899227637286,0,Low
80.0,13443,0,0.15315934340561077,0.15315934340561077,0,Low
213.91,7919,0,0.07920413660090665,0.07920413660090665,0,Low
80.0,6530,0,0.08602239110202474,0.08602239110202474,0,Low
213.0,2803,0,0.1601656516728707,0.1601656516728707,0,Low
117.0,12695,0,0.13148672599692682,0.13148672599692682,0,Low
59.0,12932,0,0.13594910010255273,0.13594910010255273,0,Low
448.87,7861,0,0.2444804814446892,0.2444804814446892,0,Low
107.95,10856,0,0.06158200337991113,0.06158200337991113,0,Low
150.0,1893,0,0.2852888548772235,0.2852888548772235,0,Low
92.0,12932,0,0.15741189343630121,0.15741189343630121,0,Low
359.95,2772,0,0.25164120001839924,0.25164120001839924,0,Low
77.0,15986,0,0.11494768159930813,0.11494768159930813,0,Low
107.95,18018,0,0.060770369162916754,0.060770369162916754,0,Low
108.95,2616,0,0.15106981749186776,0.15106981749186776,0,Low
180.0,9500,0,0.22824267993813016,0.22824267993813016,0,Low
49.0,9500,0,0.14357405687253655,0.14357405687253655,0,Low
39.0,2772,0,0.10395041160499698,0.10395041160499698,0,Low
74.97,16132,0,0.10173103322429132,0.10173103322429132,0,Low
265.0,11233,0,0.22247809410445585,0.22247809410445585,0,Low
36.0,9365,0,0.08803756528483155,0.08803756528483155,0,Low
50.0,12133,0,0.0921221612154285,0.0921221612154285,0,Low
117.0,8335,0,0.13478175408215376,0.13478175408215376,0,Low
107.95,6951,0,0.10870586809216819,0.10870586809216819,0,Low
26.95,16132,0,0.09929685593807176,0.09929685593807176,0,Low
97.0,14858,0,0.11910167032708124,0.11910167032708124,0,Low
25.95,10323,0,0.12616382652870647,0.07569829591722388,0,Low
39.95,16923,0,0.06750224511306828,0.06750224511306828,0,Low
160.5,14410,0,0.16933976813823995,0.16933976813823995,0,Low
50.0,15343,0,0.09990283333103729,0.09990283333103729,0,Low
159.95,7585,0,0.209553390660536,0.209553390660536,0,Low
319.95,12686,0,0.21111515196825686,0.21111515196825686,0,Low
19.5,7638,0,0.07609394071457679,0.07609394071457679,0,Low
150.0,1214,0,0.3828718980301874,0.3828718980301874,0,Low
107.95,4249,0,0.08952590559551647,0.05371554335730988,0,Low
107.95,2803,0,0.08096972005145427,0.08096972005145427,0,Low
87.0,17729,0,0.0627259892734335,0.0627259892734335,0,Low
77.0,12577,0,0.0770967158385863,0.0770967158385863,0,Low
300.0,1724,0,0.34962530235552003,0.34962530235552003,1,Low
57.95,17188,0,0.09889715325744353,0.09889715325744353,0,Low
335.0,10960,0,0.17879526231938478,0.17879526231938478,0,Low
54.5,12538,0,0.07840595039826936,0.07840595039826936,0,Low
72.95,8320,0,0.0829913081187454,0.0829913081187454,0,Low
141.0,2803,0,0.16123622371413326,0.16123622371413326,0,Low
34.0,13511,0,0.07867021107729094,0.07867021107729094,0,Low
25.95,1444,0,0.07306251689420576,0.07306251689420576,0,Low
311.95,13497,0,0.20046557765985148,0.20046557765985148,0,Low
113.0,12839,0,0.13687059114299593,0.13687059114299593,0,Low
82.95,16236,0,0.11329639652096012,0.11329639652096012,0,Low
54.5,10471,0,0.10385728468482767,0.10385728468482767,0,Low
78.95,5537,0,0.08956061890474215,0.08956061890474215,0,Low
48.95,7676,0,0.14382819056146182,0.14382819056146182,0,Low
209.95,17321,0,0.12197517489668702,0.12197517489668702,0,Low
25.95,8320,0,0.05300738313081733,0.05300738313081733,0,Low
75.0,11986,0,0.15057441590682097,0.15057441590682097,0,Low
117.0,6793,0,0.1470303297017401,0.1470303297017401,0,Low
210.95,11106,0,0.19079791841428187,0.19079791841428187,0,Low
117.0,12526,0,0.14495681283410844,0.14495681283410844,0,Low
141.0,3056,0,0.1388842155149939,0.1388842155149939,0,Low
29.0,11207,0,0.14517540495769482,0.14517540495769482,0,Low
47.95,1450,0,0.061013542348595136,0.061013542348595136,0,Low
27.984,2256,0,0.4072069501149048,0.4072069501149048,0,Low
226.0,9500,1,0.24333776382202923,0.24333776382202923,0,Low
30.0,9766,0,0.11325097456928507,0.11325097456928507,0,Low
44.0,6951,0,0.11115564762348608,0.11115564762348608,0,Low
171.0,6481,0,0.15752521727156638,0.15752521727156638,0,Low
29.0,14065,0,0.09472098947836276,0.09472098947836276,0,Low
57.95,12544,0,0.1141141932249565,0.1141141932249565,0,Low
59.0,4164,0,0.14862289476705115,0.14862289476705115,0,Low
58.95,15066,0,0.11916626695213431,0.11916626695213431,0,Low
25.95,14426,0,0.12458480073142197,0.12458480073142197,0,Low
30.95,12544,0,0.14148257335074418,0.14148257335074418,0,Low
39.0,16255,0,0.06080252795206979,0.06080252795206979,0,Low
226.0,12695,0,0.21736693030896304,0.21736693030896304,0,Low
77.0,7826,1,0.1706596185665631,0.1706596185665631,0,Low
26.31,16255,0,0.06192854534685042,0.06192854534685042,0,Low
15.0,10486,0,0.17630747645469633,0.17630747645469633,0,Low
29.95,9500,0,0.11568426533931282,0.11568426533931282,0,Low
253.95,6174,0,0.2572317717160428,0.2572317717160428,0,Low
77.95,4029,0,0.1049298106528476,0.1049298106528476,0,Low
315.0,8135,0,0.23249669484280858,0.23249669484280858,0,Low
108.95,9369,0,0.09755625226486192,0.09755625226486192,0,Low
25.0,16659,0,0.06781257509509364,0.06781257509509364,0,Low
87.0,7207,0,0.12875196169330222,0.12875196169330222,0,Low
335.0,15066,0,0.14358887933002118,0.14358887933002118,0,Low
29.0,12666,0,0.12077153407987846,0.07246292044792707,0,Low
57.0,17321,0,0.09832759276249595,0.09832759276249595,0,Low
39.0,4571,0,0.03710525891616857,0.03710525891616857,0,Low
47.95,12839,0,0.09999793524779782,0.09999793524779782,0,Low
58.95,11822,0,0.06948598544529788,0.06948598544529788,0,Low
47.95,10112,0,0.06270564867432644,0.06270564867432644,0,Low
160.95,17400,0,0.165296700981746,0.165296700981746,0,Low
235.0,3605,0,0.19861045679022332,0.19861045679022332,0,Low
507.95,9692,0,0.19652408941935998,0.19652408941935998,0,Low
109.0,10509,0,0.06600524219791237,0.06600524219791237,0,Low
209.95,18132,0,0.14922524297327608,0.14922524297327608,0,Low
39.0,16163,0,0.10236408574602272,0.10236408574602272,0,Low
39.0,12839,0,0.14200396698566398,0.14200396698566398,0,Low
34.0,15066,0,0.14576873763077436,0.14576873763077436,0,Low
213.95,7919,0,0.10972944948983074,0.10972944948983074,0,Low
39.0,10856,0,0.06771964038911366,0.06771964038911366,0,Low
527.0,2263,0,0.2066602176042823,0.2066602176042823,0,Low
100.0,1214,0,0.16173800300485677,0.16173800300485677,0,Low
226.0,15757,0,0.18958073359370445,0.18958073359370445,0,Low
102.0,11204,0,0.12911818948369824,0.12911818948369824,0,Low
235.0,12695,0,0.21843373501354604,0.21843373501354604,0,Low
108.5,17188,0,0.17645266787163336,0.17645266787163336,0,Low
50.0,18268,0,0.13576023084561112,0.13576023084561112,0,Low
102.0,12469,0,0.08339565784175669,0.08339565784175669,0,Low
57.95,4622,0,0.06156447519268572,0.03693868511561143,0,Low
100.0,9803,0,0.20272305071201624,0.20272305071201624,0,Low
919.0,3278,0,0.2869208060178882,0.2869208060178882,0,Low
67.95,11207,0,0.14221310951668026,0.14221310951668026,0,Low
100.0,6593,0,0.16301285056036113,0.09780771033621667,0,Low
105.47,2884,0,0.13226956127566564,0.13226956127566564,0,Low
200.0,13906,1,0.1867065571779811,0.1867065571779811,0,Low
47.95,12839,0,0.0983252547128113,0.0983252547128113,0,Low
50.0,7826,0,0.1448313301819623,0.1448313301819623,0,Low
39.0,13481,0,0.0956464947964113,0.0956464947964113,0,Low
200.0,12544,0,0.2105633143005774,0.2105633143005774,0,Low
49.0,5170,0,0.0887464374464603,0.0887464374464603,0,Low
50.0,16132,0,0.10651159914085669,0.10651159914085669,0,Low
75.0,7585,0,0.20390460165883506,0.20390460165883506,0,Low
92.95,12695,0,0.15736114151516856,0.15736114151516856,0,Low
117.0,3651,0,0.08100098673059261,0.08100098673059261,0,Low
57.95,15185,0,0.07800095245133573,0.07800095245133573,0,Low
50.0,9485,0,0.11342640744239986,0.11342640744239986,0,Low
209.95,2772,1,0.19712208526999775,0.19712208526999775,0,Low
49.0,13052,0,0.10763272861985876,0.10763272861985876,0,Low
39.0,13314,0,0.12032809800882997,0.372196858805298,1,Low
134.95,7919,0,0.09381625890829728,0.09381625890829728,0,Low
46.0,3166,0,0.06348349959538493,0.06348349959538493,0,Low
34.0,18132,0,0.059222432357547754,0.059222432357547754,0,Low
92.0,3890,0,0.13898926959123833,0.13898926959123833,0,Low
52.95,7012,0,0.08379637179222087,0.08379637179222087,0,Low
159.95,8830,0,0.19155019615784066,0.19155019615784066,0,Low
40.95,4436,1,0.09622868591953983,0.09622868591953983,0,Low
108.5,13964,0,0.10452241309175336,0.10452241309175336,0,Low
117.0,17055,0,0.1002610399245618,0.1002610399245618,0,Low
47.95,11207,0,0.08354259285887085,0.08354259285887085,0,Low
171.0,12260,0,0.19680159186757856,0.19680159186757856,0,Low
47.95,4239,0,0.07077283839430863,0.04246370303658518,0,Low
25.95,11839,0,0.09277475093728509,0.09277475093728509,0,Low
30.95,6530,0,0.0708680832951433,0.0708680832951433,0,Low
100.0,16132,0,0.11542970783354749,0.11542970783354749,0,Low
117.0,10186,0,0.16283893818710665,0.16283893818710665,0,Low
333.44,5951,0,0.19342579975328228,0.19342579975328228,0,Low
737.96,11319,0,0.2117027915954554,0.2117027915954554,0,Low
57.95,9785,0,0.03229733550700568,0.03229733550700568,0,Low
49.0,10057,0,0.11555252152914727,0.11555252152914727,0,Low
175.0,10456,0,0.25900557876059227,0.15540334725635535,0,Low
873.95,11972,0,0.19454913184656475,0.19454913184656475,0,Low
21.95,14482,0,0.07729888379982455,0.07729888379982455,0,Low
88.95,4090,0,0.13374828828066934,0.13374828828066934,0,Low
117.0,10186,0,0.16283893818710665,0.16283893818710665,0,Low
191.0,2704,0,0.12671159383776537,0.12671159383776537,0,Low
75.0,13497,0,0.12496996625332928,0.12496996625332928,0,Low
29.0,13307,0,0.05659285723881664,0.05659285723881664,0,Low
100.0,8289,0,0.16941502524856034,0.1016490151491362,0,Low
35.95,12695,0,0.13787108845730858,0.13787108845730858,0,Low
445.0,12382,0,0.24914500791664002,0.24914500791664002,0,Low
58.95,1939,0,0.08052023139772099,0.08052023139772099,0,Low
171.0,9500,0,0.21744108806640441,0.21744108806640441,0,Low
226.0,7005,0,0.18392346079404903,0.18392346079404903,0,Low
35.95,17188,0,0.1130536238556801,0.1130536238556801,0,Low
29.0,5964,0,0.08450786976937673,0.08450786976937673,0,Low
34.5,2616,0,0.18480718020696177,0.18480718020696177,0,Low
49.41,7676,0,0.15121876546047086,0.15121876546047086,0,Low
25.0,12235,0,0.1426244819680219,0.1426244819680219,0,Low
527.0,17635,0,0.33967380636469185,0.33967380636469185,1,Low
226.0,11106,0,0.1959893575355008,0.1959893575355008,0,Low
335.0,18249,0,0.15876250687383753,0.15876250687383753,0,Low
50.0,16326,0,0.10827199332020741,0.10827199332020741,0,Low
209.95,4153,0,0.21106820693897166,0.21106820693897166,0,Low
117.0,14813,0,0.08717260957977535,0.08717260957977535,0,Low
205.95,12695,0,0.21073429928040682,0.21073429928040682,0,Low
141.0,17055,0,0.14359334905274446,0.14359334905274446,0,Low
25.95,8732,0,0.14706708151289824,0.14706708151289824,0,Low
59.0,12766,0,0.12546925363863193,0.12546925363863193,0,Low
49.0,13307,0,0.07675241411392039,0.07675241411392039,0,Low
200.0,9350,0,0.1652315812389051,0.1652315812389051,0,Low
59.0,10750,0,0.13157480022476498,0.13157480022476498,0,Low
30.95,12411,0,0.1203267007865193,0.1203267007865193,0,Low
900.0,6741,0,0.28856011196219206,0.28856011196219206,0,Low
50.0,5596,0,0.09810588536698135,0.09810588536698135,0,Low
100.0,17188,0,0.13385931700308848,0.13385931700308848,0,Low
764.93,10486,0,0.4104285620711529,0.4104285620711529,0,Low
445.0,18132,0,0.19148847508044642,0.19148847508044642,0,Low
25.99,13511,0,0.12361936662644965,0.12361936662644965,0,Low
77.0,16560,0,0.057348103461694756,0.057348103461694756,0,Low
226.0,2518,0,0.27309147100094405,0.27309147100094405,0,Low
97.95,15484,0,0.11363286086359241,0.11363286086359241,0,Low
30.0,6530,0,0.08624431089996254,0.08624431089996254,0,Low
200.0,16326,0,0.1977636700032182,0.1977636700032182,0,Low
213.0,8131,0,0.1628129038775539,0.1628129038775539,0,Low
67.95,11919,0,0.09332312874130723,0.09332312874130723,0,Low
54.5,17188,0,0.11613461299137316,0.11613461299137316,0,Low
23.728,9633,0,0.27400260572148516,0.27400260572148516,0,Low
57.95,7798,0,0.06095907464649368,0.06095907464649368,0,Low
67.95,11727,0,0.14732589893867423,0.14732589893867423,0,Low
13.95,7078,0,0.1840575152514735,0.1840575152514735,0,Low
14.924,5812,0,0.0971695788416873,0.0971695788416873,0,Low
117.0,7664,0,0.1722917546084334,0.1722917546084334,0,Low
39.0,15205,0,0.05109353254597968,0.05109353254597968,0,Low
25.95,12544,0,0.14148257335074418,0.14148257335074418,0,Low
24.0,7585,0,0.12807654479167066,0.12807654479167066,0,Low
169.0,12789,0,0.2025372214372211,0.2025372214372211,0,Low
209.95,5561,0,0.18041206356054562,0.18041206356054562,0,Low
29.0,7919,0,0.05040342251946727,0.05040342251946727,0,Low
49.0,10023,0,0.11261092781216724,0.11261092781216724,0,Low
125.0,16075,0,0.14201779126758157,0.14201779126758157,0,Low
58.95,10838,0,0.0692811472174116,0.0692811472174116,0,Low
47.95,12240,0,0.09255602366917365,0.05553361420150419,0,Low
117.0,18249,0,0.07313870645604759,0.07313870645604759,0,Low
49.95,7919,0,0.0655939177369867,0.0655939177369867,0,Low
422.5,1675,0,0.2627719535015852,0.2627719535015852,0,Low
67.95,8431,0,0.15067301379221057,0.15067301379221057,0,Low
15.95,10989,0,0.06869574200599829,0.06869574200599829,0,Low
59.0,9749,0,0.17408921307073377,0.17408921307073377,0,Low
554.0,15066,0,0.16982137811503875,0.16982137811503875,0,Low
107.95,3772,0,0.13367800751309084,0.0802068045078545,0,Low
108.95,17321,0,0.08848696256714207,0.08848696256714207,0,Low
117.0,12422,1,0.14221665877189937,0.14221665877189937,0,Low
30.95,10532,0,0.05400966151269587,0.05400966151269587,0,Low
117.0,12866,0,0.13016600763889255,0.13016600763889255,0,Low
49.0,1785,0,0.0609890837908821,0.03659345027452926,0,Low
30.95,9288,0,0.09188640463904005,0.09188640463904005,0,Low
117.0,12695,0,0.15162401248093194,0.15162401248093194,0,Low
39.47,15986,0,0.05183227983804005,0.05183227983804005,0,Low
150.0,15200,0,0.2137789395527967,0.12826736373167802,0,Low
57.95,12501,0,0.07909315500042426,0.07909315500042426,0,Low
117.0,9803,1,0.23758337149224576,0.23758337149224576,0,Low
59.0,14819,0,0.10212288656306845,0.10212288656306845,0,Low
117.0,16560,0,0.06364665470633307,0.06364665470633307,0,Low
107.95,17188,0,0.10501018811974226,0.10501018811974226,0,Low
47.95,7664,0,0.11514466416768152,0.11514466416768152,0,Low
247.0,9500,0,0.22856274221214065,0.22856274221214065,0,Low
29.0,5606,0,0.05921864011537769,0.05921864011537769,0,Low
39.0,6530,0,0.059223561043614474,0.059223561043614474,0,Low
25.0,6951,0,0.11152503407365645,0.11152503407365645,0,Low
201.0,7508,1,0.2182949795125465,0.2182949795125465,0,Low
78.0,10493,0,0.08767377863693675,0.08767377863693675,0,Low
25.95,11388,0,0.05824600022035487,0.05824600022035487,0,Low
57.95,1342,0,0.09969045622864722,0.09969045622864722,0,Low
30.95,15678,0,0.06430668303764132,0.06430668303764132,0,Low
105.0,16075,0,0.12779584546786904,0.12779584546786904,0,Low
59.0,7826,0,0.13408391138240053,0.13408391138240053,0,Low
2161.0,7078,0,0.2110782363080448,0.2110782363080448,0,Low
59.0,18370,0,0.1949069919056746,0.1949069919056746,0,Low
58.95,18018,0,0.05415537631443677,0.05415537631443677,0,Low
78.95,4153,0,0.1465076939167936,0.1465076939167936,0,Low
348.02,7653,0,0.24171161850233192,0.24171161850233192,0,Low
50.0,6019,0,0.14465929984332374,0.14465929984332374,0,Low
39.0,10776,0,0.06656001200474634,0.06656001200474634,0,Low
59.0,16568,0,0.1491595644506154,0.1491595644506154,0,Low
57.95,2772,0,0.07863377272479069,0.07863377272479069,0,Low
77.0,7861,0,0.1646762963144005,0.1646762963144005,0,Low
117.0,5033,0,0.18134138229860997,0.18134138229860997,0,Low
57.95,4806,0,0.08052846406871561,0.08052846406871561,0,Low
47.95,15497,0,0.09563803441634892,0.09563803441634892,0,Low
335.0,4153,0,0.25443086225180817,0.25443086225180817,0,Low
117.0,9500,0,0.1720782171232542,0.1720782171232542,0,Low
39.0,16245,0,0.07441611719484231,0.07441611719484231,0,Low
75.0,1306,0,0.1398981661589472,0.1398981661589472,0,Low
50.0,12501,0,0.0957783663304576,0.0957783663304576,0,Low
418.78,7299,0,0.24324154573573384,0.24324154573573384,0,Low
97.95,16560,0,0.07244738219566436,0.07244738219566436,0,Low
117.0,18132,0,0.07736263901647339,0.07736263901647339,0,Low
117.0,7664,0,0.1722917546084334,0.1722917546084334,0,Low
90.0,12538,0,0.14371931014171516,0.14371931014171516,0,Low
59.0,15592,0,0.13377611193558375,0.13377611193558375,0,Low
85.0,16927,0,0.11444671154497797,0.11444671154497797,0,Low
117.0,7815,1,0.10562157531788169,0.10562157531788169,0,Low
107.95,12839,0,0.09937600180726662,0.09937600180726662,0,Low
542.0,10486,1,0.42349329867890395,0.42349329867890395,0,Low
2161.0,18132,0,0.21156592051662254,0.21156592051662254,0,Low
300.0,8695,0,0.2838865556062153,0.2838865556062153,0,Low
40.0,4272,0,0.10020327189429272,0.10020327189429272,0,Low
311.95,17111,0,0.22309009471028168,0.22309009471028168,0,Low
57.95,9500,0,0.11417564273957,0.11417564273957,0,Low
150.0,17188,0,0.27706158745250387,0.27706158745250387,0,Low
108.5,9350,0,0.15417518115671924,0.15417518115671924,0,Low
57.95,9500,0,0.13833578955618495,0.13833578955618495,0,Low
170.95,2772,0,0.21288233515069124,0.21288233515069124,0,Low
702.32,7959,0,0.2591464987609311,0.15548789925655865,0,Low
108.5,12839,0,0.11998112564783842,0.11998112564783842,0,Low
59.0,9500,0,0.15807642582496212,0.15807642582496212,0,Low
25.0,13749,0,0.08079149320745202,0.08079149320745202,0,Low
107.95,3579,0,0.10551225446032218,0.10551225446032218,0,Low
50.0,16075,0,0.08715356751172029,0.08715356751172029,0,Low
206.0,10719,0,0.22348284790514067,0.22348284790514067,0,Low
35.0,2286,0,0.09801617579624264,0.09801617579624264,0,Low
500.0,9370,0,0.28694989359284806,0.28694989359284806,0,Low
117.0,2803,0,0.09257400754734314,0.09257400754734314,0,Low
59.0,8117,0,0.12545845907809633,0.12545845907809633,0,Low
59.0,7585,0,0.15285938710014663,0.15285938710014663,0,Low
390.0,2101,1,0.2955315840093341,0.2955315840093341,0,Low
117.0,9500,0,0.17430747357802162,0.17430747357802162,0,Low
47.95,2884,0,0.09285986251878638,0.09285986251878638,0,Low
77.0,4908,0,0.0909622713470477,0.0909622713470477,0,Low
59.0,13307,0,0.06711975505451856,0.06711975505451856,0,Low
35.95,11899,0,0.09531526674307976,0.09531526674307976,0,Low
107.95,5699,0,0.13983597599729472,0.13983597599729472,0,Low
335.0,18227,0,0.28361947666647036,0.28361947666647036,0,Low
65.0,10616,0,0.21187444994021618,0.21187444994021618,0,Low
944.0,2616,1,0.7349308736705075,0.7349308736705075,0,High
20.0,9999,0,0.1209028782390476,0.1209028782390476,0,Low
1000.0,7381,0,0.09729446771679547,0.09729446771679547,0,Low
308.5,7919,0,0.1381206601717657,0.1381206601717657,0,Low
161.0,12932,0,0.18626177914392478,0.18626177914392478,0,Low
75.0,9480,0,0.16208422704593015,0.16208422704593015,0,Low
50.0,3025,0,0.09390781488830459,0.05634468893298275,0,Low
21.95,17131,0,0.08707426127118394,0.08707426127118394,0,Low
108.95,7664,0,0.15461156242511895,0.15461156242511895,0,Low
117.0,1546,0,0.13892797297396076,0.13892797297396076,0,Low
22.0,17400,0,0.11628353134977289,0.11628353134977289,0,Low
226.0,9816,0,0.22298543189620507,0.13379125913772302,0,Low
59.0,10011,0,0.2498200961894626,0.2498200961894626,0,Low
117.0,11849,0,0.16706766994496378,0.16706766994496378,0,Low
67.95,14415,0,0.14009222851363395,0.14009222851363395,0,Low
226.0,12599,0,0.2264494123021478,0.2264494123021478,0,Low
105.0,8691,0,0.04169670721958598,0.04169670721958598,0,Low
500.0,6741,0,0.27226837644790186,0.27226837644790186,0,Low
56.5,10023,0,0.1067281939785882,0.1067281939785882,0,Low
25.0,15333,0,0.09646541970780464,0.09646541970780464,0,Low
50.0,2303,0,0.08001897639634167,0.08001897639634167,0,Low
60.0,6530,0,0.06250043399899546,0.06250043399899546,0,Low
47.95,7676,0,0.12513352270000208,0.12513352270000208,0,Low
95.95,15627,0,0.13240134463414843,0.13240134463414843,0,Low
117.0,1692,0,0.11877300306313276,0.11877300306313276,0,Low
2079.95,13691,0,0.12651917001677965,0.12651917001677965,0,Low
117.0,16188,0,0.08826806727341024,0.08826806727341024,0,Low
29.0,10057,0,0.09679952856772597,0.09679952856772597,0,Low
75.0,2616,0,0.3026560103739385,0.3026560103739385,0,Low
100.0,10370,0,0.1385106653719164,0.1385106653719164,0,Low
315.0,7919,0,0.18301927716248195,0.18301927716248195,0,Low
92.0,9112,0,0.1524383967364048,0.1524383967364048,0,Low
146.0,15497,0,0.19938702605282146,0.19938702605282146,0,Low
34.0,17188,0,0.10323391546021687,0.10323391546021687,0,Low
49.0,18366,0,0.13607085729358373,0.13607085729358373,0,Low
554.0,11556,0,0.2401525675654848,0.2401525675654848,0,Low
171.0,9350,0,0.19318764533205926,0.19318764533205926,0,Low
34.0,11919,0,0.11242986340209014,0.11242986340209014,0,Low
280.0,12839,0,0.25027909860490527,0.25027909860490527,0,Low
49.0,6896,0,0.11384061803908686,0.11384061803908686,0,Low
100.0,6019,0,0.18750527138967077,0.18750527138967077,0,Low
400.0,9500,1,0.2667169690244662,0.2667169690244662,0,Low
108.5,5033,0,0.11756483941060639,0.11756483941060639,0,Low
141.0,7207,0,0.16875284809925908,0.16875284809925908,0,Low
107.95,4515,0,0.10404558512825866,0.10404558512825866,0,Low
107.95,13809,0,0.22345503571041023,0.22345503571041023,0,Low
50.0,17904,0,0.10877887351092959,0.10877887351092959,0,Low
59.0,10112,0,0.07908593686550631,0.07908593686550631,0,Low
209.95,16790,0,0.15980216335696482,0.15980216335696482,0,Low
30.95,7676,0,0.13022063526281807,0.13022063526281807,0,Low
25.95,10313,0,0.10412123882647036,0.10412123882647036,0,Low
100.0,10186,0,0.1626571897839453,0.1626571897839453,0,Low
206.0,8556,0,0.19572191929604943,0.19572191929604943,0,Low
58.95,9500,0,0.08871600806846279,0.08871600806846279,0,Low
108.95,17188,0,0.10434326407023532,0.10434326407023532,0,Low
226.0,14610,0,0.1547646362814594,0.1547646362814594,0,Low
77.0,4975,0,0.14369885874161226,0.14369885874161226,0,Low
29.0,7636,0,0.13608255267444336,0.13608255267444336,0,Low
35.95,7636,0,0.12751907194498385,0.12751907194498385,0,Low
117.0,9559,0,0.16403420170309593,0.16403420170309593,0,Low
280.0,11815,0,0.15423504903576765,0.15423504903576765,0,Low
159.95,15528,0,0.12453513520680472,0.12453513520680472,0,Low
160.95,6767,0,0.22982444542829616,0.1378946672569777,0,Low
107.95,14084,0,0.08632898203951182,0.08632898203951182,0,Low
67.95,7919,0,0.051768530211763225,0.051768530211763225,0,Low
125.0,9500,0,0.1525408361177468,0.1525408361177468,0,Low
299.95,7063,0,0.18964853519845115,0.18964853519845115,0,Low
54.5,12577,0,0.07795168575908747,0.07795168575908747,0,Low
49.0,16132,0,0.1082514711875069,0.1082514711875069,0,Low
40.0,17188,0,0.11523964081847775,0.11523964081847775,0,Low
1727.14,17868,0,0.13744056188171996,0.13744056188171996,0,Low
15.95,13108,0,0.06083371408156174,0.06083371408156174,0,Low
47.95,8691,0,0.03444879519643417,0.03444879519643417,0,Low
340.74,7919,0,0.1505370512004935,0.1505370512004935,0,Low
317.5,12469,0,0.1763852447578529,0.1763852447578529,0,Low
57.95,10616,0,0.15245179340234738,0.15245179340234738,0,Low
87.0,16116,0,0.11800676833045126,0.11800676833045126,0,Low
49.0,18233,0,0.07705588061805092,0.07705588061805092,0,Low
57.95,10057,0,0.07881072891351783,0.07881072891351783,0,Low
130.5,10585,0,0.13081326273370916,0.13081326273370916,0,Low
57.95,2884,0,0.09161370951178033,0.09161370951178033,0,Low
30.95,14426,0,0.12579526930104362,0.12579526930104362,0,Low
226.0,7835,0,0.20215905096440356,0.20215905096440356,0,Low
107.95,12260,0,0.09592394075044572,0.09592394075044572,0,Low
50.0,2101,0,0.1100579199794574,0.1100579199794574,0,Low
191.0,10023,0,0.18600584914236312,0.18600584914236312,0,Low
82.95,5523,0,0.08851313592754277,0.08851313592754277,0,Low
48.95,6580,0,0.05137974657138197,0.05137974657138197,0,Low
29.95,10112,0,0.06301763962358455,0.06301763962358455,0,Low
83.95,15368,0,0.09775295536779112,0.09775295536779112,0,Low
146.0,12839,0,0.20352055860916896,0.20352055860916896,0,Low
39.0,17910,0,0.05652038745858541,0.05652038745858541,0,Low
57.95,7919,0,0.04028463438597929,0.04028463438597929,0,Low
39.0,7919,0,0.0549404222576907,0.0549404222576907,0,Low
59.0,17321,0,0.09991662858876779,0.09991662858876779,0,Low
108.5,17399,0,0.07746292759726554,0.07746292759726554,0,Low
59.0,17399,0,0.07509090155682414,0.07509090155682414,0,Low
35.95,11727,0,0.13865004026150357,0.13865004026150357,0,Low
399.95,10748,0,0.27396724868000005,0.27396724868000005,0,Low
57.95,17400,0,0.1050715305872922,0.1050715305872922,0,Low
117.0,10122,0,0.17105856872359224,0.17105856872359224,0,Low
49.0,15385,0,0.10312227176000416,0.10312227176000416,0,Low
115.0,11107,0,0.13706571290079547,0.13706571290079547,0,Low
159.95,10057,0,0.19674698330570023,0.19674698330570023,0,Low
47.95,7919,0,0.05289257676527149,0.05289257676527149,0,Low
26.95,11218,0,0.10023383770927277,0.10023383770927277,0,Low
50.0,7508,0,0.11645817642985672,0.11645817642985672,0,Low
160.95,6019,0,0.23803122751143563,0.23803122751143563,0,Low
226.0,14805,0,0.21312405034521345,0.21312405034521345,0,Low
82.95,4662,0,0.14431099219510274,0.14431099219510274,0,Low
50.0,1600,0,0.37758062500262535,0.2265483750015752,0,Low
405.0,7006,0,0.2480021972400702,0.2480021972400702,0,Low
59.0,7919,0,0.05377256764937341,0.05377256764937341,0,Low
50.0,15063,0,0.07541574759427125,0.07541574759427125,0,Low
20.95,7653,0,0.07902083991165437,0.07902083991165437,0,Low
225.0,4425,0,0.20698329812287247,0.20698329812287247,0,Low
46.95,16560,0,0.054870601074815395,0.054870601074815395,0,Low
117.0,5492,0,0.12320571372981215,0.12320571372981215,0,Low
75.0,17188,0,0.1315057401426226,0.1315057401426226,0,Low
59.0,14649,1,0.28213176732801953,0.28213176732801953,0,Low
374.95,17933,0,0.2857882783359578,0.2857882783359578,0,Low
31.95,13901,0,0.04974324766314374,0.02984594859788624,0,Low
49.0,17400,0,0.139625273560542,0.139625273560542,0,Low
29.0,12002,0,0.0657331880306715,0.0657331880306715,0,Low
49.0,5220,0,0.11484246716349177,0.11484246716349177,0,Low
57.95,8613,0,0.07326716799751741,0.07326716799751741,0,Low
129.95,8842,0,0.15451085635005396,0.15451085635005396,0,Low
200.0,11862,0,0.24400050369514184,0.24400050369514184,0,Low
25.95,4067,0,0.1054704139622117,0.1054704139622117,0,Low
87.95,13108,0,0.13978799786358637,0.13978799786358637,0,Low
125.0,3821,0,0.09477020917208445,0.09477020917208445,0,Low
47.95,16972,0,0.11165025718795758,0.11165025718795758,0,Low
57.95,9561,0,0.06676642632477546,0.06676642632477546,0,Low
390.0,7225,0,0.23437766061813875,0.23437766061813875,0,Low
1044.95,9622,0,0.06710424726575819,0.04026254835945491,0,Low
29.0,17188,0,0.09304222914099426,0.09304222914099426,0,Low
47.95,12544,0,0.13993894089249723,0.13993894089249723,0,Low
171.0,3704,0,0.24620132910783357,0.14772079746470013,0,Low
150.0,2039,0,0.27709870856571145,0.27709870856571145,0,Low
35.0,7585,0,0.12500370920709603,0.12500370920709603,0,Low
49.0,1444,0,0.14033239237624665,0.14033239237624665,0,Low
134.95,11106,0,0.0920604770728802,0.0920604770728802,0,Low
117.0,3178,0,0.13952470281955864,0.13952470281955864,0,Low
87.0,8135,0,0.14812984602163465,0.14812984602163465,0,Low
449.95,14079,0,0.22280027210560252,0.22280027210560252,0,Low
100.0,10486,0,0.17121002607874553,0.17121002607874553,0,Low
59.0,12839,0,0.14899649573209545,0.14899649573209545,0,Low
300.0,17346,0,0.29470298174591236,0.17682178904754742,0,Low
107.95,7861,0,0.11835951913517448,0.11835951913517448,0,Low
100.0,17286,0,0.10022349119218553,0.10022349119218553,0,Low
511.95,17335,0,0.15501996382158317,0.15501996382158317,0,Low
30.95,13249,0,0.07902934992896422,0.07902934992896422,0,Low
59.0,7676,0,0.1455005748554569,0.1455005748554569,0,Low
110.0,15775,0,0.016554351933616866,0.016554351933616866,0,Low
250.0,2897,0,0.24851599616032957,0.14910959769619775,0,Low
75.0,4577,0,0.0922473868696489,0.0922473868696489,0,Low
171.0,7861,0,0.19363381107541133,0.19363381107541133,0,Low
117.0,4208,0,0.1612011799015106,0.1612011799015106,0,Low
47.95,9992,0,0.0714905636697271,0.0714905636697271,0,Low
80.95,10856,0,0.0751770699872373,0.0751770699872373,0,Low
80.0,10349,0,0.07857854060275521,0.07857854060275521,0,Low
150.0,6019,0,0.31531139816098486,0.31531139816098486,1,Low
59.0,10776,0,0.08018776746582516,0.08018776746582516,0,Low
57.95,14181,0,0.05785940184800348,0.05785940184800348,0,Low
224.0,2803,0,0.16328334366357983,0.16328334366357983,0,Low
50.0,17055,0,0.10144156861601208,0.10144156861601208,0,Low
59.0,17289,0,0.10710004233917188,0.10710004233917188,0,Low
35.95,9995,0,0.06251856610407336,0.06251856610407336,0,Low
206.0,12549,0,0.23618619982266587,0.1417117198935995,0,Low
281.95,2616,1,0.5314110356579829,0.5314110356579829,0,Medium
159.95,9456,0,0.1411000808269148,0.1411000808269148,0,Low
390.0,2803,0,0.2482888597378143,0.2482888597378143,0,Low
226.0,3055,0,0.22377690225717026,0.22377690225717026,0,Low
250.0,10024,0,0.20112852554101684,0.20112852554101684,0,Low
219.95,15066,0,0.18406604809407678,0.18406604809407678,0,Low
395.58,15066,0,0.16200092746530603,0.16200092746530603,0,Low
49.0,1678,0,0.12207756032530005,0.12207756032530005,0,Low
117.0,12318,1,0.1271690564312399,0.1271690564312399,0,Low
157.95,18366,0,0.10217709679042095,0.10217709679042095,0,Low
82.95,16521,0,0.06709746687520017,0.06709746687520017,0,Low
100.0,16661,0,0.14186379485986808,0.14186379485986808,0,Low
10.0,1444,0,0.08275911912162019,0.08275911912162019,0,Low
25.0,17677,0,0.0996322104788206,0.0996322104788206,0,Low
82.95,1175,0,0.14905974132517322,0.14905974132517322,0,Low
59.0,16326,0,0.11336944998623269,0.11336944998623269,0,Low
100.0,11207,0,0.1539850431879252,0.1539850431879252,0,Low
117.0,9500,0,0.17225065862109104,0.17225065862109104,0,Low
50.0,4273,0,0.10636343135271556,0.10636343135271556,0,Low
59.0,12695,0,0.14520847845956317,0.14520847845956317,0,Low
994.0,5332,0,0.27823113274202177,0.16693867964521306,0,Low
25.95,13530,0,0.12979616365502886,0.12979616365502886,0,Low
30.95,1039,0,0.066461938546511,0.066461938546511,0,Low
59.0,10908,0,0.16142708781309953,0.16142708781309953,0,Low
59.0,12695,0,0.14520847845956317,0.14520847845956317,0,Low
117.0,15855,0,0.07393312710054349,0.07393312710054349,0,Low
100.0,3181,0,0.11434380219363457,0.11434380219363457,0,Low
159.95,15678,0,0.10446682751827792,0.10446682751827792,0,Low
29.0,8691,0,0.0342115449043676,0.0342115449043676,0,Low
107.95,7664,0,0.15071361239027678,0.15071361239027678,0,Low
814.0,2803,0,0.20014362799554047,0.20014362799554047,0,Low
51.95,8320,0,0.06572057460170026,0.06572057460170026,0,Low
59.0,7676,0,0.12164731097318375,0.12164731097318375,0,Low
77.0,16972,0,0.10766191193575186,0.10766191193575186,0,Low
58.95,18132,0,0.0509935493335065,0.0509935493335065,0,Low
107.0,16783,0,0.10806116657482791,0.10806116657482791,0,Low
29.0,18132,0,0.053146801768530025,0.053146801768530025,0,Low
92.0,16883,0,0.0978546308364347,0.0978546308364347,0,Low
554.0,10485,0,0.23837486808840933,0.14302492085304558,0,Low
57.95,5048,0,0.08103126755500187,0.08103126755500187,0,Low
186.0,11207,0,0.18923048853239005,0.18923048853239005,0,Low
994.0,15142,0,0.3279498106906678,0.3279498106906678,1,Low
57.0,2392,0,0.08263577897058,0.08263577897058,0,Low
209.95,11727,0,0.21334365240077438,0.21334365240077438,0,Low
171.0,10112,0,0.14607138631319402,0.14607138631319402,0,Low
57.95,1739,0,0.08822519883713247,0.08822519883713247,0,Low
50.0,6019,0,0.09446237479348497,0.09446237479348497,0,Low
39.0,3057,0,0.0997002934257266,0.05982017605543596,0,Low
209.95,17188,0,0.17678132245551667,0.17678132245551667,0,Low
57.95,1939,0,0.07898661592884017,0.07898661592884017,0,Low
25.0,1556,0,0.100727323891502,0.100727323891502,0,Low
117.0,15066,0,0.23580804025756907,0.23580804025756907,0,Low
59.0,9500,0,0.15807642582496212,0.15807642582496212,0,Low
34.0,12544,0,0.15484298848529587,0.15484298848529587,0,Low
49.0,17607,0,0.10307296450458305,0.10307296450458305,0,Low
59.0,7815,0,0.09831592393578527,0.09831592393578527,0,Low
25.95,2255,0,0.10244191197805794,0.10244191197805794,0,Low
39.0,5951,0,0.24574667129184796,0.24574667129184796,0,Low
35.95,2884,0,0.09172284460591618,0.09172284460591618,0,Low
554.0,17188,0,0.24904119090671947,0.24904119090671947,0,Low
92.0,16075,0,0.1961090648944123,0.1961090648944123,0,Low
171.0,14170,0,0.18320881323786187,0.18320881323786187,0,Low
60.0,13082,0,0.1146263560808844,0.06877581364853064,0,Low
57.95,7585,0,0.15510778507487483,0.15510778507487483,0,Low
150.0,6019,0,0.2721267094795498,0.2721267094795498,0,Low
161.0,9992,0,0.14637879822493582,0.14637879822493582,0,Low
28.95,4806,0,0.09906498417699056,0.09906498417699056,0,Low
59.0,9288,0,0.12007291921569939,0.12007291921569939,0,Low
107.95,7307,0,0.11944909186564628,0.11944909186564628,0,Low
107.0,10882,0,0.1386233773815828,0.1386233773815828,0,Low
39.0,10027,0,0.06242254994912736,0.06242254994912736,0,Low
57.95,9500,0,0.10706231227886766,0.10706231227886766,0,Low
774.0,10616,0,0.24898451433483276,0.24898451433483276,0,Low
77.0,9500,0,0.1875456667310508,0.1875456667310508,0,Low
222.0,11207,0,0.2005769587244156,0.2005769587244156,0,Low
117.0,15484,0,0.12671716202488434,0.12671716202488434,0,Low
75.0,6019,0,0.20472571431032716,0.20472571431032716,0,Low
39.0,9166,0,0.12629771148349456,0.12629771148349456,0,Low
107.95,16890,0,0.12246316217420464,0.07347789730452278,0,Low
300.0,12583,0,0.6149224132972406,0.6149224132972406,0,Medium
117.0,1342,0,0.1326288785802383,0.1326288785802383,0,Low
25.0,5690,0,0.13138196974262648,0.13138196974262648,0,Low
475.0,15063,0,0.3764400656120865,0.3764400656120865,0,Low
107.95,1342,0,0.10718619286209644,0.10718619286209644,0,Low
75.0,2803,0,0.08742613261504459,0.08742613261504459,0,Low
57.95,13108,0,0.06508743224653374,0.06508743224653374,0,Low
117.0,1078,0,0.15827622970803637,0.15827622970803637,0,Low
45.95,17400,0,0.09266134945240358,0.09266134945240358,0,Low
59.0,2377,0,0.12642372617953457,0.12642372617953457,0,Low
50.0,3821,0,0.10368731662169042,0.10368731662169042,0,Low
34.0,14170,0,0.09070386198187746,0.09070386198187746,0,Low
67.95,1039,0,0.10674703921522247,0.10674703921522247,0,Low
100.0,9500,0,0.17288720805375457,0.17288720805375457,0,Low
77.95,9022,0,0.1509446435499887,0.1509446435499887,0,Low
1044.0,15066,0,0.13088951354425402,0.13088951354425402,0,Low
44.95,15484,0,0.09019209071519926,0.09019209071519926,0,Low
34.0,2714,0,0.07793513633776289,0.07793513633776289,0,Low
107.95,8810,0,0.12049040322415383,0.12049040322415383,0,Low
68.5,2392,0,0.09823065830372034,0.09823065830372034,0,Low
29.0,15986,0,0.050159797049722794,0.050159797049722794,0,Low
34.0,17188,0,0.09713356867830328,0.09713356867830328,0,Low
201.0,17657,0,0.23546422840200523,0.23546422840200523,0,Low
50.0,16075,0,0.1308999182506303,0.1308999182506303,0,Low
57.95,5492,0,0.062150813664237775,0.062150813664237775,0,Low
77.0,11157,0,0.12920056328161245,0.12920056328161245,0,Low
139.95,14290,0,0.1613877947750906,0.1613877947750906,0,Low
67.95,7861,0,0.13875853546259614,0.13875853546259614,0,Low
59.0,2648,0,0.10212383217528105,0.10212383217528105,0,Low
309.97,15066,0,0.14936933810532815,0.14936933810532815,0,Low
103.97,3605,0,0.11972225930695808,0.11972225930695808,0,Low
77.0,5033,0,0.17161774233520352,0.17161774233520352,0,Low
30.0,17188,0,0.09891467574938302,0.09891467574938302,0,Low
117.0,15205,0,0.07017138897267607,0.07017138897267607,0,Low
117.0,4445,0,0.14702812372917928,0.08821687423750757,0,Low
77.95,9500,0,0.1782187772490272,0.1782187772490272,0,Low
44.5,17188,0,0.11646883629636912,0.11646883629636912,0,Low
87.95,14661,0,0.11450079567517957,0.11450079567517957,0,Low
29.0,1632,0,0.09283718599327415,0.09283718599327415,0,Low
117.0,9002,0,0.1661992270475244,0.1661992270475244,0,Low
468.36,1595,0,0.16215648210888237,0.16215648210888237,0,Low
445.0,17768,0,0.27853520683818217,0.1671211241029093,0,Low
75.0,15775,0,0.07699919606732933,0.07699919606732933,0,Low
39.0,9500,0,0.09879301842402928,0.09879301842402928,0,Low
311.95,12389,0,0.19647689401884938,0.19647689401884938,0,Low
87.0,6970,0,0.07380768806386356,0.07380768806386356,0,Low
60.0,1275,0,0.13324402247393535,0.13324402247393535,0,Low
59.0,8868,0,0.060702695980163854,0.060702695980163854,0,Low
36.5,8406,0,0.10927928450353529,0.10927928450353529,0,Low
100.0,2803,0,0.1093880204224504,0.1093880204224504,0,Low
49.0,9112,0,0.11164152572765214,0.11164152572765214,0,Low
300.0,15627,0,0.21932998870308573,0.21932998870308573,0,Low
171.0,16979,0,0.1920381109769192,0.1920381109769192,0,Low
77.0,7738,0,0.13188403251450231,0.07913041950870138,0,Low
44.5,16874,0,0.1054269383282759,0.1054269383282759,0,Low
35.95,15969,0,0.0674750486047455,0.0674750486047455,0,Low
209.95,8273,0,0.2254807626259199,0.2254807626259199,0,Low
59.0,9500,0,0.15807642582496212,0.15807642582496212,0,Low
30.0,7585,0,0.09163700058154718,0.09163700058154718,0,Low
25.95,17482,0,0.07016107548119757,0.07016107548119757,0,Low
49.0,3485,0,0.10219176200489132,0.061315057202934786,0,Low
158.95,17321,0,0.11254989320825277,0.11254989320825277,0,Low
59.0,17188,0,0.11969420447943241,0.11969420447943241,0,Low
67.95,4436,0,0.07618801108639739,0.07618801108639739,0,Low
209.95,4436,0,0.17841721308739739,0.17841721308739739,0,Low
57.95,10241,0,0.08128961681814854,0.048773770090889124,0,Low
97.0,16132,0,0.11678897815151251,0.11678897815151251,0,Low
108.5,2803,0,0.08504298771996456,0.08504298771996456,0,Low
57.95,17400,0,0.1050715305872922,0.1050715305872922,0,Low
67.95,2803,0,0.07651778786648211,0.07651778786648211,0,Low
256.92,17055,0,0.1490633717646737,0.1490633717646737,0,Low
25.0,7826,0,0.14152138227941996,0.14152138227941996,0,Low
47.95,1057,0,0.11081153229733337,0.06648691937840003,0,Low
199.47,16560,0,0.135411952092081,0.135411952092081,0,Low
105.0,2744,0,0.12547464621358723,0.12547464621358723,0,Low
57.95,9485,0,0.08145980884580363,0.08145980884580363,0,Low
59.0,17321,0,0.09991662858876779,0.09991662858876779,0,Low
411.95,17400,0,0.22372280761520383,0.22372280761520383,0,Low
117.0,9112,0,0.14956224517103217,0.14956224517103217,0,Low
24.0,17480,0,0.09895924634414989,0.09895924634414989,0,Low
58.95,17188,0,0.11322248557690724,0.11322248557690724,0,Low
117.0,15497,0,0.12617926612695066,0.12617926612695066,0,Low
59.0,9500,0,0.15807642582496212,0.15807642582496212,0,Low
100.0,11839,0,0.15727372494208278,0.15727372494208278,0,Low
209.95,9992,0,0.15243066249856713,0.15243066249856713,0,Low
59.0,7919,0,0.06576239838836712,0.06576239838836712,0,Low
29.0,6170,0,0.11092091766443722,0.11092091766443722,0,Low
57.95,9500,0,0.10706231227886766,0.10706231227886766,0,Low
107.95,14182,0,0.0942374119003821,0.0942374119003821,0,Low
77.0,15678,0,0.07363468914188362,0.07363468914188362,0,Low
57.95,15080,0,0.08215664162964283,0.04929398497778569,0,Low
77.0,4908,0,0.14909281176269376,0.14909281176269376,0,Low
107.95,3148,0,0.11699907945388047,0.11699907945388047,0,Low
105.0,2884,0,0.1262825748488869,0.1262825748488869,0,Low
100.0,8279,0,0.16471265183676018,0.0988275911020561,0,Low
226.0,9500,0,0.21357726113201064,0.21357726113201064,0,Low
107.95,16435,0,0.10914760988717896,0.10914760988717896,0,Low
82.95,12923,0,0.13295415050021442,0.13295415050021442,0,Low
125.0,3821,0,0.09149958540494975,0.09149958540494975,0,Low
159.95,14502,0,0.16211921249115493,0.16211921249115493,0,Low
245.0,8165,0,0.21179589022381426,0.21179589022381426,0,Low
507.95,18375,0,0.26335941749001524,0.26335941749001524,0,Low
58.43,18269,0,0.08001275976971726,0.08001275976971726,0,Low
29.0,18249,0,0.061664454392280306,0.061664454392280306,0,Low
46.95,10112,0,0.06845107255724084,0.06845107255724084,0,Low
39.0,1214,0,0.12959548222612907,0.12959548222612907,0,Low
47.95,8406,0,0.1093406716014309,0.1093406716014309,0,Low
87.95,6530,0,0.07772534048485752,0.07772534048485752,0,Low
100.0,7585,0,0.17969891030695517,0.17969891030695517,0,Low
280.0,8135,0,0.2581290687688219,0.2581290687688219,0,Low
35.95,10057,0,0.11347771660608769,0.11347771660608769,0,Low
159.95,13281,0,0.16143252817120607,0.16143252817120607,0,Low
226.0,10989,0,0.1315157334252573,0.1315157334252573,0,Low
47.95,2841,0,0.08752164004047135,0.08752164004047135,0,Low
554.0,6753,0,0.23047057351945313,0.23047057351945313,0,Low
474.95,10682,1,0.42124918477618306,0.42124918477618306,0,Low
59.0,7919,0,0.0562969776081666,0.0562969776081666,0,Low
59.0,1675,0,0.13550310362320572,0.13550310362320572,0,Low
100.0,2616,0,0.34688900073008866,0.34688900073008866,1,Low
30.0,4074,0,0.0649521288852205,0.0649521288852205,0,Low
240.0,6019,0,0.3126892929849938,0.3126892929849938,0,Low
141.0,12839,0,0.23933077028693903,0.23933077028693903,0,Low
15.0,3918,0,0.08756266578232125,0.052537599469392744,0,Low
26.95,6970,0,0.05698050777143338,0.05698050777143338,0,Low
159.95,7815,0,0.14965248817771415,0.14965248817771415,0,Low
123.0,11106,0,0.09607641012562267,0.09607641012562267,0,Low
737.0,16075,1,0.4106405922170695,0.4106405922170695,0,Low
219.95,16132,0,0.13417953402400548,0.13417953402400548,0,Low
54.0,9303,0,0.1609602883172027,0.1609602883172027,0,Low
159.95,8695,0,0.21151738180818108,0.21151738180818108,0,Low
77.0,9805,0,0.14256085467937335,0.14256085467937335,0,Low
77.0,5698,0,0.14123660922322695,0.14123660922322695,0,Low
200.0,10486,0,0.32934271989496816,0.32934271989496816,1,Low
22.5,9101,0,0.15532108947523424,0.15532108947523424,0,Low
59.0,17947,0,0.125880113704665,0.125880113704665,0,Low
49.95,5606,0,0.07663340660639126,0.07663340660639126,0,Low
25.95,13991,0,0.07837102417456183,0.07837102417456183,0,Low
100.0,15063,0,0.13669038219268764,0.13669038219268764,0,Low
1090.61,2803,0,0.1675221601860546,0.1675221601860546,0,Low
25.95,12839,0,0.09357385790870655,0.09357385790870655,0,Low
49.0,10112,0,0.07377848507936598,0.07377848507936598,0,Low
40.0,7207,0,0.08939156648947158,0.08939156648947158,0,Low
92.0,7919,0,0.08789038550689682,0.08789038550689682,0,Low
729.95,8528,0,0.21943839502527954,0.21943839502527954,0,Low
50.5,2803,0,0.06678448136391413,0.06678448136391413,0,Low
117.0,7680,0,0.08450308225928288,0.08450308225928288,0,Low
206.0,8320,0,0.18138138261663336,0.18138138261663336,0,Low
226.0,16189,0,0.11500184018075899,0.11500184018075899,0,Low
29.0,13749,0,0.09928214808770804,0.09928214808770804,0,Low
58.95,10989,0,0.05561506317158717,0.05561506317158717,0,Low
226.0,16475,1,0.2407636900564547,0.2407636900564547,0,Low
150.0,3334,1,0.28729466098938056,0.28729466098938056,0,Low
250.0,8695,0,0.24468317403291437,0.24468317403291437,0,Low
57.95,13780,0,0.10986666226018554,0.10986666226018554,0,Low
311.95,2157,0,0.22568191046861144,0.22568191046861144,0,Low
100.0,11106,0,0.10452073039080088,0.10452073039080088,0,Low
57.95,8900,0,0.09693381894267489,0.09693381894267489,0,Low
82.0,10616,0,0.21191925829333078,0.21191925829333078,0,Low
384.99,9803,0,0.29674887931148985,0.29674887931148985,0,Low
335.0,11410,0,0.24982717287149753,0.24982717287149753,0,Low
397.5,9992,0,0.20464658226659388,0.20464658226659388,0,Low
47.95,12695,0,0.13703858377144434,0.13703858377144434,0,Low
262.11,16727,0,0.1810263015481808,0.1810263015481808,0,Low
159.95,4806,0,0.19784600784594822,0.19784600784594822,0,Low
335.0,7585,0,0.2414036511454278,0.2414036511454278,0,Low
25.95,15497,0,0.08606391075691125,0.08606391075691125,0,Low
55.0,5650,0,0.07574066376940031,0.045444398261640186,0,Low
49.0,17055,0,0.12460212242734248,0.12460212242734248,0,Low
100.0,15799,0,0.10565913112505963,0.06339547867503578,0,Low
210.95,4141,0,0.4091660425925642,0.4091660425925642,0,Low
97.95,4630,0,0.1284807267258264,0.07708843603549582,0,Low
59.0,12615,0,0.1397912205252937,0.1397912205252937,0,Low
39.0,9500,0,0.09879301842402928,0.09879301842402928,0,Low
58.95,8839,0,0.07210776809037282,0.07210776809037282,0,Low
49.0,1893,0,0.14684213865340504,0.14684213865340504,0,Low
3205.47,6236,0,0.0995847342831534,0.0995847342831534,0,Low
57.95,9323,0,0.0587654423401898,0.0587654423401898,0,Low
210.95,13870,0,0.16852433132821976,0.10111459879693185,0,Low
201.99,11207,0,0.18715172021135115,0.18715172021135115,0,Low
35.95,6530,0,0.05743070361326803,0.05743070361326803,0,Low
92.0,15286,0,0.1033304579717965,0.1033304579717965,0,Low
226.0,13674,0,0.2225967901354805,0.2225967901354805,0,Low
25.0,1720,0,0.09934334170264676,0.09934334170264676,0,Low
57.95,11207,0,0.0903267158160337,0.0903267158160337,0,Low
226.0,15497,0,0.19237889854565157,0.19237889854565157,0,Low
75.0,15063,0,0.13299215201391554,0.13299215201391554,0,Low
92.0,5147,0,0.1004242591991744,0.1004242591991744,0,Low
200.0,3750,1,0.23791221704663262,0.14274733022797956,0,Low
92.0,1720,0,0.13498572603284928,0.13498572603284928,0,Low
100.0,9803,0,0.21209498330844123,0.21209498330844123,0,Low
209.95,6344,0,0.2152716119906765,0.2152716119906765,0,Low
171.0,13234,0,0.19028618214985854,0.19028618214985854,0,Low
150.0,9485,0,0.2160879453211476,0.2160879453211476,0,Low
62.95,2884,0,0.14447379931683046,0.14447379931683046,0,Low
25.95,7127,0,0.0854123204283602,0.0854123204283602,0,Low
209.95,3178,0,0.2050612148277495,0.2050612148277495,0,Low
34.0,15066,0,0.14576873763077436,0.14576873763077436,0,Low
29.0,11919,0,0.11084986908552294,0.11084986908552294,0,Low
100.0,5726,0,0.1439975841068186,0.08639855046409116,0,Low
49.0,17635,0,0.08651111466037312,0.08651111466037312,0,Low
100.0,6019,0,0.18578136504101386,0.18578136504101386,0,Low
150.0,11854,0,0.1363008512051743,0.08178051072310458,0,Low
35.0,12839,0,0.13973671014543135,0.13973671014543135,0,Low
92.0,7919,0,0.1009509934196998,0.1009509934196998,0,Low
39.0,7919,0,0.053462421592983145,0.053462421592983145,0,Low
1463.39,6832,0,0.18740203940363034,0.18740203940363034,0,Low
50.0,8528,0,0.10168619367289006,0.10168619367289006,0,Low
56.95,3570,1,0.10059587176423147,0.10059587176423147,0,Low
59.0,17188,0,0.11856357572236903,0.11856357572236903,0,Low
25.95,5613,0,0.062855222845297,0.062855222845297,0,Low
33.95,7069,0,0.09596873944540636,0.09596873944540636,0,Low
73.0,9500,0,0.1744042818274276,0.1744042818274276,0,Low
82.0,13120,0,0.07185293292079656,0.07185293292079656,0,Low
82.0,14842,0,0.08031966834906655,0.08031966834906655,0,Low
68.95,12695,0,0.14774521294086773,0.14774521294086773,0,Low
403.95,11708,0,0.24307864424102152,0.24307864424102152,0,Low
423.95,2755,0,0.38548557855848725,0.38548557855848725,0,Low
171.0,7919,0,0.12274754784506042,0.12274754784506042,0,Low
59.0,5912,1,0.17755086453631452,0.17755086453631452,0,Low
120.0,15847,0,0.11225725858218306,0.11225725858218306,0,Low
493.28,2380,0,0.2285795174673878,0.13714771048043267,0,Low
40.0,13844,0,0.1738900421462183,0.1738900421462183,0,Low
151.0,7005,0,0.17128907259124823,0.17128907259124823,0,Low
117.0,15066,0,0.22501830850107424,0.22501830850107424,0,Low
20.95,10447,0,0.11388333614827463,0.11388333614827463,0,Low
20.95,4030,0,0.0769909446326513,0.0769909446326513,0,Low
107.95,13551,0,0.0904698979153312,0.0904698979153312,0,Low
7.19,16136,0,0.037195423903909355,0.037195423903909355,0,Low
59.0,12501,0,0.13451052747055625,0.13451052747055625,0,Low
477.99,6318,0,0.27792150267522775,0.27792150267522775,0,Low
57.95,13491,0,0.05993824761401344,0.05993824761401344,0,Low
141.0,17321,0,0.13325559728714217,0.13325559728714217,0,Low
39.0,9803,0,0.20176699926560912,0.20176699926560912,0,Low
112.0,16560,0,0.08099850074826649,0.08099850074826649,0,Low
280.0,9500,0,0.2770589980974069,0.2770589980974069,0,Low
38.97,13530,0,0.11651807834464073,0.11651807834464073,0,Low
149.95,18132,0,0.19389819699563612,0.19389819699563612,0,Low
107.95,10057,0,0.0974004764377677,0.0974004764377677,0,Low
200.0,11318,0,0.23808677346389528,0.14285206407833717,0,Low
173.0,5700,0,0.15037368675476126,0.15037368675476126,0,Low
283.5,15845,0,0.21565498811256642,0.21565498811256642,0,Low
159.95,12577,0,0.09703089890882816,0.09703089890882816,0,Low
244.97,2616,0,0.3589346373183446,0.3589346373183446,0,Low
1000.95,10616,0,0.2590459275837707,0.2590459275837707,0,Low
47.95,18249,0,0.0561266347279134,0.0561266347279134,0,Low
45.0,7919,0,0.045017408143577554,0.045017408143577554,0,Low
2681.97,5033,0,0.22694343157236993,0.22694343157236993,0,Low
67.95,13481,0,0.07690023720136022,0.07690023720136022,0,Low
390.0,4030,0,0.2811153198026848,0.2811153198026848,0,Low
49.0,11815,0,0.07065353312024761,0.07065353312024761,0,Low
49.0,7919,0,0.05647909324828024,0.05647909324828024,0,Low
52.95,2884,0,0.11829887476924117,0.11829887476924117,0,Low
68.5,9500,0,0.1775783943083292,0.1775783943083292,0,Low
554.0,2744,0,0.28959733447232977,0.28959733447232977,0,Low
49.0,9500,0,0.13307469965225638,0.13307469965225638,0,Low
23.0,17598,0,0.04760525663611265,0.04760525663611265,0,Low
15.0,1939,0,0.08080405231314272,0.08080405231314272,0,Low
44.0,15359,0,0.08685340719177273,0.08685340719177273,0,Low
44.0,7669,1,0.14079137161980593,0.14079137161980593,0,Low
15.0,2581,0,0.10269708760577619,0.10269708760577619,0,Low
57.95,12695,0,0.10945124955207065,0.10945124955207065,0,Low
660.0,7585,0,0.26328178351363724,0.26328178351363724,0,Low
107.95,9500,0,0.13464531656620082,0.13464531656620082,0,Low
50.0,15066,0,0.14100948286325576,0.14100948286325576,0,Low
20.0,16075,0,0.048033034981521255,0.048033034981521255,0,Low
57.95,13932,0,0.07363537827917717,0.07363537827917717,0,Low
50.0,6019,0,0.10738933670851139,0.10738933670851139,0,Low
107.95,11207,0,0.12182961531614245,0.12182961531614245,0,Low
34.5,10210,0,0.14883636785441307,0.14883636785441307,0,Low
100.0,2616,0,0.19933663720088493,0.19933663720088493,0,Low
209.95,15066,0,0.16851452708856843,0.16851452708856843,0,Low
774.0,16116,0,0.2633673216785798,0.2633673216785798,0,Low
161.0,7835,0,0.1934618391536843,0.1934618391536843,0,Low
591.95,10616,0,0.2855213028090461,0.2855213028090461,0,Low
53.95,7919,0,0.052169864252925524,0.052169864252925524,0,Low
29.0,5033,0,0.1245424915200661,0.1245424915200661,0,Low
107.0,15066,1,0.26976734012225934,0.26976734012225934,0,Low
200.0,6019,0,0.28888504245358587,0.28888504245358587,0,Low
112.0,15662,0,0.0975295021692773,0.0975295021692773,0,Low
375.0,17480,0,0.3497039353150899,0.3497039353150899,1,Low
335.0,8058,0,0.24023158086011936,0.24023158086011936,0,Low
554.0,12577,0,0.16874275308283163,0.16874275308283163,0,Low
50.0,2803,0,0.06693264223281176,0.06693264223281176,0,Low
113.95,10616,0,0.20034154923467892,0.20034154923467892,0,Low
49.0,2884,0,0.10835758218264281,0.10835758218264281,0,Low
58.95,7826,0,0.07424276548547169,0.07424276548547169,0,Low
117.0,5700,0,0.12362222264563727,0.12362222264563727,0,Low
171.0,3150,0,0.2640394240357249,0.2640394240357249,0,Low
49.0,12839,1,0.11642308545139829,0.11642308545139829,0,Low
47.95,16085,0,0.0539420566712719,0.0539420566712719,0,Low
30.95,2803,0,0.0663981844457962,0.0663981844457962,0,Low
300.0,17321,0,0.22620261637571373,0.22620261637571373,0,Low
59.0,3055,0,0.14178184246636047,0.14178184246636047,0,Low
50.0,12695,0,0.14564500841534603,0.14564500841534603,0,Low
154.97,5751,0,0.18339355345196284,0.18339355345196284,0,Low
39.0,9500,0,0.12034376029813508,0.12034376029813508,0,Low
59.0,10057,0,0.11332205938076367,0.11332205938076367,0,Low
209.95,6197,0,0.20767352878495682,0.20767352878495682,0,Low
134.95,7826,0,0.16114565151764823,0.16114565151764823,0,Low
59.0,7919,0,0.05895104631847497,0.05895104631847497,0,Low
77.95,8900,0,0.16056434235346892,0.16056434235346892,0,Low
60.0,4523,0,0.1449035364936106,0.1449035364936106,0,Low
100.0,8117,0,0.15854522748423022,0.15854522748423022,0,Low
49.0,12544,0,0.15932191958751601,0.15932191958751601,0,Low
47.95,8842,0,0.1287048997861437,0.1287048997861437,0,Low
39.0,7638,0,0.06575523349986907,0.06575523349986907,0,Low
97.95,4806,0,0.13325292989339027,0.13325292989339027,0,Low
1169.0,4151,0,0.16720487031179762,0.16720487031179762,0,Low
112.0,1393,0,0.13361168895594877,0.13361168895594877,0,Low
129.0,15205,0,0.06640167685245853,0.06640167685245853,0,Low
335.0,3891,0,0.42603757421309013,0.42603757421309013,0,Low
250.0,11752,0,0.17247952469291478,0.17247952469291478,0,Low
75.0,13613,0,0.08650284433986935,0.051901706603921606,0,Low
554.0,10616,0,0.298633215355673,0.298633215355673,0,Low
100.0,17868,0,0.09782240324974154,0.09782240324974154,0,Low
50.0,3682,1,0.09567953534855674,0.09567953534855674,0,Low
117.0,11839,0,0.1481838748749019,0.1481838748749019,0,Low
50.0,17714,0,0.09074895007693565,0.09074895007693565,0,Low
117.0,2561,0,0.09905514468781026,0.09905514468781026,0,Low
200.0,6019,1,0.2763374921076678,0.2763374921076678,0,Low
50.0,7585,0,0.17607510816722102,0.17607510816722102,0,Low
100.0,12598,0,0.15180425032746953,0.15180425032746953,0,Low
47.95,2114,0,0.07677676173033032,0.07677676173033032,0,Low
117.0,14362,0,0.1570145316160095,0.1570145316160095,0,Low
359.63,17188,0,0.2548309179797298,0.2548309179797298,0,Low
335.0,15066,0,0.18154784073065142,0.18154784073065142,0,Low
27.97,6721,0,0.08857694308302001,0.08857694308302001,0,Low
75.0,1724,0,0.163757797177262,0.163757797177262,0,Low
54.5,5924,0,0.13104656771953635,0.13104656771953635,0,Low
54.5,12598,0,0.17670357347149107,0.17670357347149107,0,Low
36.31,9786,0,0.07090566853572301,0.07090566853572301,0,Low
72.95,17188,0,0.13227437148135332,0.13227437148135332,0,Low
73.97,6276,0,0.10426838607963719,0.10426838607963719,0,Low
25.0,10975,0,0.06133147919439819,0.06133147919439819,0,Low
59.95,10989,0,0.0750219503884373,0.0750219503884373,0,Low
57.95,4578,0,0.06324073434491546,0.06324073434491546,0,Low
60.0,3278,0,0.1480051218319816,0.1480051218319816,0,Low
49.0,11157,0,0.09325452553692726,0.09325452553692726,0,Low
159.95,11157,0,0.19677888119059156,0.19677888119059156,0,Low
200.0,4030,0,0.22978617266160709,0.22978617266160709,0,Low
146.0,16485,0,0.1942096309882581,0.1942096309882581,0,Low
554.0,5871,0,0.1708393855998187,0.10250363135989123,0,Low
30.95,16790,0,0.0873449575383389,0.0873449575383389,0,Low
1698.15,14643,0,0.4743536476841953,0.4743536476841953,0,Medium
146.0,17188,0,0.21590472348895445,0.21590472348895445,0,Low
317.99,18343,0,0.20912035426540412,0.20912035426540412,0,Low
108.5,4153,0,0.13166567490581774,0.13166567490581774,0,Low
107.95,10267,0,0.053710252734603454,0.053710252734603454,0,Low
200.0,2039,0,0.2821762073612146,0.2821762073612146,0,Low
117.0,2884,0,0.1385710207462144,0.1385710207462144,0,Low
100.0,15592,0,0.09972029323344576,0.09972029323344576,0,Low
20.0,9112,0,0.11552337262194377,0.11552337262194377,0,Low
97.0,10112,0,0.08982363647466024,0.08982363647466024,0,Low
29.0,3651,0,0.06190796515798638,0.06190796515798638,0,Low
36.37,18018,0,0.07787162862424316,0.07787162862424316,0,Low
427.62,18350,0,0.20528159627555337,0.20528159627555337,0,Low
39.0,10023,0,0.1121220065389277,0.1121220065389277,0,Low
200.0,2591,1,0.27157379815866256,0.5629442788951975,1,Medium
30.95,17188,0,0.09891467574938302,0.09891467574938302,0,Low
450.0,11371,0,0.2537731822715112,0.2537731822715112,0,Low
335.0,16452,0,0.3160035952075873,0.3160035952075873,1,Low
103.5,12501,0,0.12637284284457032,0.12637284284457032,0,Low
20.0,16132,0,0.10119785539013325,0.10119785539013325,0,Low
113.95,7919,0,0.08336667340743656,0.08336667340743656,0,Low
311.95,4067,0,0.24122674290946486,0.24122674290946486,0,Low
554.0,7835,0,0.2410628216188266,0.2410628216188266,0,Low
68.95,16661,0,0.11843370291503845,0.11843370291503845,0,Low
59.0,10740,0,0.09944451128536912,0.09944451128536912,0,Low
59.0,12695,0,0.11479046876949989,0.11479046876949989,0,Low
129.95,6635,0,0.1341524860727053,0.1341524860727053,0,Low
49.0,10023,0,0.11261092781216724,0.11261092781216724,0,Low
107.0,13979,0,0.14398596064121552,0.14398596064121552,0,Low
39.95,13360,0,0.0554359383851893,0.0554359383851893,0,Low
59.0,10930,0,0.15180686858327536,0.15180686858327536,0,Low
35.95,10057,0,0.11347771660608769,0.11347771660608769,0,Low
119.97,10856,0,0.0828791144011931,0.0828791144011931,0,Low
117.0,7322,0,0.1391408880069219,0.1391408880069219,0,Low
49.0,16232,0,0.10324666373765913,0.10324666373765913,0,Low
54.0,11162,0,0.1228406429535827,0.1228406429535827,0,Low
100.0,9870,0,0.11683924285140175,0.11683924285140175,0,Low
249.95,11546,0,0.15566852393126066,0.15566852393126066,0,Low
68.95,17188,0,0.12623876836978043,0.12623876836978043,0,Low
159.95,13136,0,0.17302932073608412,0.17302932073608412,0,Low
57.95,10616,0,0.1675655389747467,0.1675655389747467,0,Low
28.95,12469,0,0.06187067669797756,0.06187067669797756,0,Low
335.0,12544,0,0.24114109761575217,0.24114109761575217,0,Low
55.0,15986,0,0.1149888035052004,0.1149888035052004,0,Low
100.0,6019,0,0.18750527138967077,0.18750527138967077,0,Low
335.0,11218,0,0.2328753051280992,0.2328753051280992,0,Low
117.0,7919,0,0.08596670170780754,0.08596670170780754,0,Low
39.0,14712,0,0.08196880099607644,0.08196880099607644,0,Low
40.0,4063,0,0.04747447512471921,0.04747447512471921,0,Low
47.95,2039,0,0.11635299072597716,0.11635299072597716,0,Low
59.0,7664,0,0.15487244213515639,0.15487244213515639,0,Low
602.0,12577,0,0.17445676121866693,0.17445676121866693,0,Low
226.0,8965,1,0.20402047561413583,0.20402047561413583,0,Low
21.0,9480,0,0.13545445514651563,0.13545445514651563,0,Low
59.0,2039,0,0.1425434138257403,0.1425434138257403,0,Low
15.0,7919,0,0.09142145950348675,0.09142145950348675,0,Low
265.0,12850,0,0.2034358899871204,0.2034358899871204,0,Low
44.0,13249,0,0.08313013716614208,0.08313013716614208,0,Low
54.0,7031,0,0.09309685050172974,0.09309685050172974,0,Low
22.0,13626,0,0.09242450609713787,0.09242450609713787,0,Low
57.95,9500,0,0.14881637733630787,0.14881637733630787,0,Low
500.0,4263,0,0.2666719228054199,0.16000315368325194,0,Low
1268.11,9500,0,0.2128415818516737,0.2128415818516737,0,Low
103.97,17868,0,0.08260980960805629,0.08260980960805629,0,Low
1331.0,1214,0,0.18338086904557913,0.18338086904557913,0,Low
117.0,6019,0,0.17750734674605848,0.17750734674605848,0,Low
30.95,12544,0,0.14148257335074418,0.14148257335074418,0,Low
380.0,7835,0,0.24049287162686203,0.24049287162686203,0,Low
280.0,10057,0,0.22859939874825738,0.22859939874825738,0,Low
117.0,14858,0,0.12917591002082296,0.12917591002082296,0,Low
117.0,5629,0,0.14739862721906521,0.14739862721906521,0,Low
77.95,16132,0,0.10784211495190886,0.10784211495190886,0,Low
53.97,15484,0,0.09073183463269777,0.09073183463269777,0,Low
161.0,11218,0,0.22287573980958644,0.22287573980958644,0,Low
25.0,11319,0,0.11099406470032264,0.11099406470032264,0,Low
280.0,1675,0,0.29013758378551496,0.29013758378551496,0,Low
159.95,16560,0,0.11433107993647264,0.11433107993647264,0,Low
30.95,3326,0,0.08558898704375309,0.08558898704375309,0,Low
34.0,15651,0,0.10496063573288725,0.10496063573288725,0,Low
276.0,12544,0,0.2585498917637821,0.2585498917637821,0,Low
30.95,16483,0,0.0828755966370095,0.0828755966370095,0,Low
125.0,15775,0,0.039170377836584044,0.039170377836584044,0,Low
58.95,14853,0,0.07819442616606412,0.04691665569963847,0,Low
57.95,7508,0,0.0927965864510367,0.0927965864510367,0,Low
277.92,17188,0,0.25647224573031924,0.25647224573031924,0,Low
34.0,14426,0,0.12579526930104362,0.12579526930104362,0,Low
57.95,10186,0,0.11643955805814327,0.11643955805814327,0,Low
60.866,15885,0,0.09391700749176927,0.09391700749176927,0,Low
50.0,6019,0,0.15890709456123892,0.15890709456123892,0,Low
54.5,9500,0,0.18864008674682398,0.18864008674682398,0,Low
44.5,7744,0,0.16077323732605375,0.16077323732605375,0,Low
100.0,17399,0,0.09741472703643846,0.09741472703643846,0,Low
275.0,3972,1,0.3547524687422009,0.3547524687422009,0,Low
20.0,11919,0,0.10831622353573439,0.10831622353573439,0,Low
29.0,6998,0,0.13063746733234258,0.13063746733234258,0,Low
24.5,2423,0,0.08086032437046932,0.08086032437046932,0,Low
49.0,16533,0,0.07801148294942058,0.07801148294942058,0,Low
30.95,7919,0,0.05111558190964247,0.05111558190964247,0,Low
77.95,11160,0,0.14754631930795678,0.14754631930795678,0,Low
48.95,11465,0,0.06250633120060352,0.06250633120060352,0,Low
108.5,11453,0,0.06867545871635442,0.06867545871635442,0,Low
700.0,6019,0,0.28463389808280526,0.28463389808280526,0,Low
226.0,9043,0,0.19091115486015797,0.19091115486015797,0,Low
49.0,1974,0,0.07498930044382075,0.07498930044382075,0,Low
50.0,12581,0,0.14793534364856026,0.14793534364856026,0,Low
117.0,1874,0,0.10424611639055353,0.10424611639055353,0,Low
57.95,16435,0,0.10527497182169214,0.10527497182169214,0,Low
49.0,7305,0,0.1130855758254257,0.06785134549525541,0,Low
49.0,11720,0,0.14059401233695748,0.14059401233695748,0,Low
108.95,16934,0,0.08243820431173743,0.08243820431173743,0,Low
31.95,4293,0,0.06801081290675441,0.06801081290675441,0,Low
87.0,2803,0,0.10278865758402203,0.10278865758402203,0,Low
250.0,11205,0,0.17998601613461332,0.10799160968076799,0,Low
57.95,6924,0,0.05600572669371566,0.05600572669371566,0,Low
107.95,12577,0,0.062361041607171465,0.062361041607171465,0,Low
88.5,1522,0,0.09447826832069157,0.09447826832069157,0,Low
281.2,1724,0,0.31372865633515196,0.31372865633515196,0,Low
42.95,16279,0,0.10054003796717921,0.10054003796717921,0,Low
26.5,7815,0,0.07772745840239842,0.07772745840239842,0,Low
12.97,15813,0,0.1133048391939043,0.1133048391939043,0,Low
884.0,7127,0,0.27985510179281814,0.27985510179281814,0,Low
25.95,2884,0,0.09713779457529897,0.09713779457529897,0,Low
25.95,1030,0,0.08313047628922542,0.08313047628922542,0,Low
57.95,11749,0,0.1257282742767822,0.07543696456606933,0,Low
59.0,7585,0,0.21682881424797987,0.21682881424797987,0,Low
35.95,2884,0,0.0997293601130103,0.0997293601130103,0,Low
117.0,2884,0,0.13562734179241995,0.13562734179241995,0,Low
516.95,15066,0,0.17861964861765064,0.17861964861765064,0,Low
92.95,12544,0,0.1702981637172036,0.1702981637172036,0,Low
117.0,14065,0,0.18006157989889718,0.18006157989889718,0,Low
57.95,6062,0,0.06535649506432305,0.06535649506432305,0,Low
250.0,7664,1,0.25956877559547564,0.25956877559547564,0,Low
54.5,1618,0,0.08867257230543467,0.08867257230543467,0,Low
97.0,7585,0,0.18459978142424668,0.18459978142424668,0,Low
47.95,2803,0,0.0601560145282404,0.0601560145282404,0,Low
25.95,9500,0,0.13383496425713406,0.13383496425713406,0,Low
117.0,2538,0,0.0999207122681169,0.0999207122681169,0,Low
97.0,16883,0,0.10037084102816932,0.10037084102816932,0,Low
59.0,7508,0,0.14271342933815553,0.14271342933815553,0,Low
300.0,2903,0,0.32331100433738547,0.32331100433738547,1,Low
77.0,10112,0,0.0814102875373739,0.0814102875373739,0,Low
59.0,2616,1,0.27939695257028063,0.27939695257028063,0,Low
209.95,17705,0,0.18372878060481704,0.11023726836289022,0,Low
108.95,12873,0,0.10923895924166023,0.10923895924166023,0,Low
117.0,13481,0,0.14364973819591473,0.14364973819591473,0,Low
77.0,7585,0,0.18201571709073874,0.18201571709073874,0,Low
46.0,16163,0,0.10254881678012615,0.10254881678012615,0,Low
59.0,12577,0,0.07250129740184402,0.07250129740184402,0,Low
59.0,13676,0,0.14563247036702712,0.14563247036702712,0,Low
57.95,1444,0,0.09941478910598525,0.09941478910598525,0,Low
59.0,12501,0,0.13421548701487426,0.13421548701487426,0,Low
75.0,8695,0,0.11244150846062985,0.11244150846062985,0,Low
107.95,11207,0,0.1063712760089668,0.1063712760089668,0,Low
40.0,9500,0,0.12034376029813508,0.12034376029813508,0,Low
59.0,8839,0,0.11182626648087139,0.11182626648087139,0,Low
226.0,9500,0,0.2536234100886094,0.2536234100886094,0,Low
185.0,12544,0,0.22925091131258393,0.22925091131258393,0,Low
20.0,1893,0,0.0913672357464165,0.0913672357464165,0,Low
43.97,11157,0,0.0808162078560132,0.0808162078560132,0,Low
49.0,9112,0,0.11164152572765214,0.11164152572765214,0,Low
50.0,5658,0,0.08714997779690883,0.08714997779690883,0,Low
77.0,10023,0,0.12842821467319868,0.12842821467319868,0,Low
97.0,6816,0,0.14894467096626696,0.14894467096626696,0,Low
35.95,7815,0,0.07496763040210883,0.07496763040210883,0,Low
133.0,11207,0,0.14175054974057708,0.14175054974057708,0,Low
554.0,3821,0,0.23951854378325713,0.23951854378325713,0,Low
150.0,3769,0,0.2533525799232886,0.2533525799232886,0,Low
117.0,1284,0,0.1357064201399737,0.1357064201399737,0,Low
25.0,3682,0,0.07089374556974735,0.07089374556974735,0,Low
20.95,10989,0,0.06569210211175687,0.06569210211175687,0,Low
115.0,7664,1,0.17722373598919294,0.17722373598919294,0,Low
408.95,15497,0,0.24849121277831127,0.24849121277831127,0,Low
205.95,3957,0,0.19210996336863484,0.19210996336863484,0,Low
105.0,2884,0,0.1384480524759935,0.1384480524759935,0,Low
117.0,17188,0,0.1327015417019167,0.1327015417019167,0,Low
100.0,10616,0,0.1655527063355736,0.1655527063355736,0,Low
59.0,16632,0,0.08768618671263759,0.08768618671263759,0,Low
47.95,18132,0,0.050436263393781336,0.050436263393781336,0,Low
108.5,16132,0,0.08827114833584082,0.08827114833584082,0,Low
201.95,17399,0,0.1057189530029191,0.1057189530029191,0,Low
49.0,5772,0,0.0926376373907972,0.0926376373907972,0,Low
311.95,6203,0,0.22524610320736776,0.22524610320736776,0,Low
240.0,6070,0,0.22718755804438182,0.22718755804438182,0,Low
75.0,10486,0,0.1767940064310614,0.1767940064310614,0,Low
54.5,7826,0,0.14695458173599177,0.14695458173599177,0,Low
35.0,17217,0,0.10722324655121161,0.10722324655121161,0,Low
59.0,8849,0,0.07764289213875872,0.07764289213875872,0,Low
494.64,9002,0,0.27523338885743437,0.27523338885743437,0,Low
75.0,7442,0,0.10448563634210853,0.10448563634210853,0,Low
30.95,10023,0,0.11492636303373523,0.11492636303373523,0,Low
664.0,6019,0,0.30412671949324616,0.30412671949324616,0,Low
59.0,8320,0,0.0686553634127158,0.0686553634127158,0,Low
59.0,7919,0,0.05807339937602784,0.05807339937602784,0,Low
839.95,2616,0,0.5566525379274982,0.5566525379274982,0,Medium
58.43,17175,0,0.04094400748712394,0.04094400748712394,0,Low
107.95,16883,0,0.08770053922439562,0.08770053922439562,0,Low
25.0,2177,0,0.0458129976825731,0.0458129976825731,0,Low
36.95,15986,0,0.07900125345735229,0.07900125345735229,0,Low
50.0,15301,0,0.09210620672657868,0.09210620672657868,0,Low
39.0,17055,0,0.06465326694328678,0.06465326694328678,0,Low
57.95,17188,0,0.10206505094180342,0.10206505094180342,0,Low
107.95,4272,0,0.12498280275598882,0.12498280275598882,0,Low
110.0,15775,0,0.016554351933616866,0.016554351933616866,0,Low
57.95,12577,0,0.044113647958436246,0.044113647958436246,0,Low
43.97,1661,0,0.06243926610411255,0.06243926610411255,0,Low
80.0,7919,0,0.09772850848938729,0.09772850848938729,0,Low
554.0,9479,0,0.17431621589942606,0.17431621589942606,0,Low
35.95,12783,0,0.13477857006284133,0.13477857006284133,0,Low
87.95,8528,0,0.1308997293541555,0.1308997293541555,0,Low
209.95,17321,0,0.12197517489668702,0.12197517489668702,0,Low
150.0,5436,0,0.1762645803804297,0.1762645803804297,0,Low
59.0,7182,0,0.18140456928038629,0.18140456928038629,0,Low
115.0,12615,0,0.15416323766419932,0.15416323766419932,0,Low
49.0,11899,0,0.10544023498235149,0.10544023498235149,0,Low
1820.6,14037,0,0.1571333053199745,0.1571333053199745,0,Low
26.95,3056,0,0.051911054290697194,0.051911054290697194,0,Low
300.0,16075,0,0.4611515190930481,0.4611515190930481,0,Medium
511.95,17131,0,0.21620497868314945,0.21620497868314945,0,Low
82.95,6070,0,0.15818586983515812,0.15818586983515812,0,Low
49.0,7861,0,0.13171791488216963,0.13171791488216963,0,Low
445.0,13530,0,0.25521940755064243,0.25521940755064243,0,Low
57.95,7919,0,0.061536304443360834,0.061536304443360834,0,Low
117.0,12695,0,0.15162401248093194,0.15162401248093194,0,Low
30.95,12544,0,0.15298781400378691,0.15298781400378691,0,Low
24.0,6303,0,0.08143579873791024,0.08143579873791024,0,Low
77.95,7510,0,0.1369330507363565,0.1369330507363565,0,Low
499.95,9643,0,0.2463185233234767,0.147791113994086,0,Low
117.0,12308,0,0.07906571604322443,0.07906571604322443,0,Low
200.0,16914,0,0.14469110964656381,0.08681466578793828,0,Low
117.0,8493,0,0.16204522114393524,0.16204522114393524,0,Low
106.0,10486,0,0.16446228427429013,0.16446228427429013,0,Low
600.0,6019,1,0.3744230793671502,0.3744230793671502,0,Low
49.0,2906,0,0.11475035133108824,0.06885021079865294,0,Low
88.95,3184,0,0.10490408574043267,0.0629424514442596,0,Low
300.0,9803,0,0.31638693930597583,0.31638693930597583,1,Low
77.0,10960,0,0.0936691499588641,0.0936691499588641,0,Low
57.95,12544,0,0.07471043580338772,0.07471043580338772,0,Low
25.0,7664,0,0.11559080063900584,0.11559080063900584,0,Low
57.95,9480,0,0.07051478910366167,0.07051478910366167,0,Low
100.0,14182,0,0.1336502993007778,0.1336502993007778,0,Low
209.95,14290,0,0.178258322262058,0.178258322262058,0,Low
50.0,6727,0,0.11444970824154758,0.11444970824154758,0,Low
57.95,7585,0,0.12729444415797725,0.12729444415797725,0,Low
108.95,7078,0,0.1206338321180839,0.1206338321180839,0,Low
49.0,6062,0,0.08506708023727456,0.08506708023727456,0,Low
59.0,15497,0,0.1088704570660545,0.1088704570660545,0,Low
107.95,16255,0,0.05969520325046232,0.05969520325046232,0,Low
200.0,14540,0,0.1941889321933962,0.1941889321933962,0,Low
103.97,15497,0,0.11022016608058077,0.11022016608058077,0,Low
75.0,18373,0,0.1474763807692217,0.08848582846153302,0,Low
45.0,2616,0,0.14694392367951917,0.14694392367951917,0,Low
424.95,1556,0,0.24698466226982985,0.24698466226982985,0,Low
57.95,16485,0,0.08074246511623145,0.08074246511623145,0,Low
50.0,16435,0,0.13298179180249034,0.13298179180249034,0,Low
115.0,18095,0,0.11047377272623723,0.11047377272623723,0,Low
57.95,15986,0,0.04509912282311479,0.04509912282311479,0,Low
300.0,17188,0,0.2972249062472172,0.2972249062472172,0,Low
30.95,12544,0,0.14148257335074418,0.14148257335074418,0,Low
77.0,7585,0,0.15705109260651756,0.15705109260651756,0,Low
57.95,14858,0,0.07539019349813013,0.07539019349813013,0,Low
59.0,13307,0,0.07315446974040538,0.07315446974040538,0,Low
150.0,7835,0,0.24197031486785178,0.24197031486785178,0,Low
100.0,10616,0,0.18980306626191126,0.18980306626191126,0,Low
400.0,8117,0,0.2633886583054826,0.2633886583054826,0,Low
29.0,9500,0,0.11568426533931282,0.11568426533931282,0,Low
47.95,7508,0,0.1557893916490913,0.1557893916490913,0,Low
2594.95,1893,0,0.17877798410992876,0.17877798410992876,0,Low
1484.47,7585,0,0.21172748906219763,0.21172748906219763,0,Low
159.95,17286,0,0.1379202843321922,0.1379202843321922,0,Low
32.95,12686,0,0.06318998980973914,0.06318998980973914,0,Low
107.95,17412,0,0.09239152970969744,0.09239152970969744,0,Low
50.0,7826,0,0.1377387263554857,0.1377387263554857,0,Low
117.0,4310,0,0.12240322096593866,0.12240322096593866,0,Low
49.0,14502,0,0.07713666384179968,0.07713666384179968,0,Low
107.95,13511,1,0.2089297341475594,0.2089297341475594,0,Low
98.95,16132,0,0.11376604061572655,0.11376604061572655,0,Low
59.0,1046,0,0.09663402181674856,0.05798041309004913,0,Low
140.0,6729,0,0.16652528963072108,0.16652528963072108,0,Low
633.5,11495,0,0.2642274027765063,0.15853644166590378,0,Low
27.0,17188,0,0.09821250497557223,0.09821250497557223,0,Low
365.0,8821,0,0.2403381309951358,0.2403381309951358,0,Low
209.95,1332,0,0.20131215770479027,0.20131215770479027,0,Low
49.0,17055,0,0.08808480119768967,0.08808480119768967,0,Low
317.5,9803,0,0.2936723211894246,0.2936723211894246,0,Low
92.0,15484,0,0.0972111804722917,0.0972111804722917,0,Low
97.0,2455,0,0.15418917578354863,0.15418917578354863,0,Low
52.95,15497,0,0.10012198438883799,0.10012198438883799,0,Low
34.742,14260,0,0.20100751392297034,0.25393784168711553,0,Low
146.0,7585,0,0.3159491233169144,0.3159491233169144,1,Low
77.0,3651,0,0.09654501313767846,0.09654501313767846,0,Low
40.0,12783,0,0.08702948393941184,0.08702948393941184,0,Low
171.0,7919,0,0.11424803091176473,0.11424803091176473,0,Low
59.0,10179,0,0.12626736580592499,0.12626736580592499,0,Low
335.0,11218,0,0.2328753051280992,0.2328753051280992,0,Low
100.0,15851,0,0.11978021643164506,0.11978021643164506,0,Low
279.95,1893,0,0.34115707900814696,0.34115707900814696,1,Low
85.95,14181,0,0.11996505105699619,0.11996505105699619,0,Low
53.97,1723,0,0.10275747548687636,0.10275747548687636,0,Low
107.95,7826,0,0.12713991369982547,0.12713991369982547,0,Low
50.0,11218,0,0.11139597724316946,0.11139597724316946,0,Low
450.0,16004,1,0.2639463851739433,0.2639463851739433,0,Low
87.0,3939,1,0.23865696784900362,0.23865696784900362,0,Low
47.95,9500,0,0.11574320064349734,0.11574320064349734,0,Low
68.95,17188,0,0.12775708607788905,0.12775708607788905,0,Low
100.0,12544,0,0.16414075026883573,0.16414075026883573,0,Low
346.5,11922,0,0.2654215960318747,0.2654215960318747,0,Low
100.0,6741,0,0.09931013108163456,0.09931013108163456,0,Low
59.0,4436,0,0.10710587464570862,0.10710587464570862,0,Low
58.95,1764,0,0.07936569202787531,0.07936569202787531,0,Low
226.0,15813,0,0.15996250656308178,0.15996250656308178,0,Low
59.0,13234,0,0.11287304270599538,0.11287304270599538,0,Low
47.95,7069,0,0.08140189081547704,0.08140189081547704,0,Low
21.95,16132,0,0.10119785539013325,0.10119785539013325,0,Low
100.0,6019,0,0.14773920826290932,0.14773920826290932,0,Low
103.97,2803,0,0.08895791813172589,0.08895791813172589,0,Low
430.95,10616,0,0.27801357255943326,0.27801357255943326,0,Low
30.0,18132,0,0.051685409002728326,0.051685409002728326,0,Low
19.95,9992,0,0.05732575921577117,0.05732575921577117,0,Low
97.95,9112,0,0.1477381400513968,0.1477381400513968,0,Low
59.0,5033,0,0.11150662177295613,0.11150662177295613,0,Low
150.0,16972,0,0.2516469655538582,0.2516469655538582,0,Low
226.0,13786,0,0.13063959732284086,0.13063959732284086,0,Low
67.95,2392,0,0.09504916668885001,0.09504916668885001,0,Low
25.0,6019,0,0.12377659301436633,0.12377659301436633,0,Low
16.95,15066,0,0.16240263325205884,0.16240263325205884,0,Low
159.97,7826,0,0.18632642935622332,0.18632642935622332,0,Low
34.0,7207,0,0.11322675789976422,0.11322675789976422,0,Low
141.0,3334,0,0.28059748956161334,0.28059748956161334,0,Low
59.0,2898,0,0.1120527415370467,0.1120527415370467,0,Low
90.482,2256,0,0.3653435877231575,0.3653435877231575,0,Low
56.5,7861,0,0.12076877270781206,0.12076877270781206,0,Low
29.0,18018,0,0.05148885650591369,0.05148885650591369,0,Low
206.0,17868,0,0.12879511939874022,0.12879511939874022,0,Low
30.95,7826,0,0.08697242961012731,0.08697242961012731,0,Low
226.0,13481,0,0.17021711377530674,0.17021711377530674,0,Low
59.0,16132,0,0.10094235588254985,0.10094235588254985,0,Low
51.0,15497,0,0.10012198438883799,0.10012198438883799,0,Low
117.0,14795,0,0.13262231606305397,0.13262231606305397,0,Low
47.95,12695,0,0.13703858377144434,0.13703858377144434,0,Low
26.95,5690,0,0.13138196974262648,0.13138196974262648,0,Low
335.0,8135,0,0.2185436840117663,0.2185436840117663,0,Low
57.95,7919,0,0.05565279469520849,0.05565279469520849,0,Low
139.95,15446,0,0.12981186249367974,0.12981186249367974,0,Low
276.0,17399,0,0.1810211539286363,0.1810211539286363,0,Low
44.99,8135,0,0.07467829438084478,0.07467829438084478,0,Low
100.0,5634,0,0.1360667652887022,0.08164005917322133,0,Low
50.0,7826,0,0.1448313301819623,0.1448313301819623,0,Low
87.95,16189,0,0.07593733443578132,0.07593733443578132,0,Low
106.0,15775,0,0.01418082020733279,0.01418082020733279,0,Low
39.0,1946,0,0.10003049010423128,0.10003049010423128,0,Low
57.95,16314,0,0.09204291298253642,0.09204291298253642,0,Low
161.0,15066,0,0.14863649370806054,0.14863649370806054,0,Low
160.4,12076,0,0.22779608482100727,0.13667765089260436,0,Low
117.0,9500,0,0.1720782171232542,0.1720782171232542,0,Low
300.0,18268,0,0.3214927004879544,0.3214927004879544,1,Low
117.0,16132,0,0.10096839050641054,0.10096839050641054,0,Low
30.95,14502,0,0.05650200484999285,0.05650200484999285,0,Low
213.0,4436,0,0.1842642806515466,0.1842642806515466,0,Low
39.0,8117,0,0.12224090771806273,0.12224090771806273,0,Low
171.0,17188,1,0.19501694475431947,0.19501694475431947,0,Low
226.0,17868,0,0.13784197855299773,0.13784197855299773,0,Low
59.0,7324,0,0.11444174931913542,0.11444174931913542,0,Low
209.95,7664,0,0.2050677876258645,0.2050677876258645,0,Low
54.99,17399,0,0.08107449759213059,0.08107449759213059,0,Low
87.0,13623,1,0.794813318790175,0.794813318790175,0,High
25.0,8065,1,0.14111896088745218,0.08467137653247131,0,Low
105.0,11919,0,0.10530938084325994,0.10530938084325994,0,Low
54.5,16313,0,0.06535957782332708,0.06535957782332708,0,Low
39.0,10023,0,0.1121220065389277,0.1121220065389277,0,Low
40.0,14080,0,0.1262419345245796,0.1262419345245796,0,Low
57.95,13120,0,0.047084635848204597,0.047084635848204597,0,Low
47.95,6068,0,0.07471451193989204,0.07471451193989204,0,Low
57.95,16582,0,0.05798908744257668,0.05798908744257668,0,Low
36.95,16075,0,0.1326348823179633,0.1326348823179633,0,Low
157.95,7826,0,0.1832263733879189,0.1832263733879189,0,Low
107.95,18132,0,0.06017313469085059,0.06017313469085059,0,Low
59.0,6053,0,0.09468315900692098,0.09468315900692098,0,Low
209.95,5524,0,0.19431529761756458,0.19431529761756458,0,Low
40.0,12839,0,0.11793532187495058,0.11793532187495058,0,Low
77.0,17872,0,0.13514757528580904,0.13514757528580904,0,Low
34.0,8406,0,0.08726948651980498,0.08726948651980498,0,Low
85.0,16313,0,0.07442752164873603,0.07442752164873603,0,Low
77.0,1682,0,0.16820186491889186,0.16820186491889186,0,Low
50.0,9350,0,0.1101656324294639,0.1101656324294639,0,Low
1331.0,6459,0,0.16511223221939667,0.16511223221939667,0,Low
29.0,11107,0,0.12606915323520435,0.12606915323520435,0,Low
483.95,2884,0,0.2655513033209866,0.2655513033209866,0,Low
209.95,17188,0,0.17615868370639579,0.17615868370639579,0,Low
49.0,10960,0,0.09146954512022652,0.09146954512022652,0,Low
34.0,6394,0,0.08324436836054451,0.08324436836054451,0,Low
59.0,8900,0,0.1421244440942627,0.1421244440942627,0,Low
27.99,1444,0,0.09938339235555223,0.09938339235555223,0,Low
117.0,6019,0,0.21487733564812717,0.21487733564812717,0,Low
57.95,17489,0,0.09235297973005033,0.09235297973005033,0,Low
50.0,5938,0,0.10359992622037836,0.10359992622037836,0,Low
108.95,7602,0,0.129549066014767,0.07772943960886021,0,Low
25.95,12839,0,0.09357385790870655,0.09357385790870655,0,Low
29.0,11531,0,0.06796005572485976,0.06796005572485976,0,Low
25.0,2616,0,0.2896378756950625,0.2896378756950625,0,Low
77.0,7919,0,0.0836324957771739,0.0836324957771739,0,Low
1214.95,14502,0,0.17831235626000602,0.17831235626000602,0,Low
58.43,17265,0,0.06315752906664579,0.06315752906664579,0,Low
44.5,14170,0,0.10613540981466803,0.10613540981466803,0,Low
107.95,11986,0,0.11253551304058532,0.11253551304058532,0,Low
35.0,12582,0,0.15167782339387584,0.15167782339387584,0,Low
100.0,9580,0,0.19949141170177498,0.19949141170177498,0,Low
49.0,7638,0,0.0859545206758609,0.0859545206758609,0,Low
59.0,17493,0,0.05900548241021496,0.03540328944612897,0,Low
250.0,16659,0,0.21115009162296322,0.21115009162296322,0,Low
49.0,9500,1,0.2017362502946739,0.2017362502946739,0,Low
57.95,10023,0,0.08335202358661967,0.08335202358661967,0,Low
72.95,9400,0,0.1179259422478025,0.1179259422478025,0,Low
171.0,2884,0,0.22635233655302958,0.22635233655302958,0,Low
68.95,7835,0,0.16820832815509718,0.16820832815509718,0,Low
30.95,6899,0,0.06314134136059293,0.06314134136059293,0,Low
150.0,11106,0,0.23409565740100802,0.23409565740100802,0,Low
77.95,17188,0,0.11382072752397031,0.11382072752397031,0,Low
32.44,1310,0,0.07009425640394801,0.07009425640394801,0,Low
59.0,3121,1,0.13700509914477732,0.13700509914477732,0,Low
59.0,4071,0,0.11213054314085413,0.06727832588451248,0,Low
25.0,16659,0,0.065875771556343,0.065875771556343,0,Low
161.0,1393,0,0.21119480043337382,0.21119480043337382,0,Low
30.95,10057,0,0.08573093779564044,0.08573093779564044,0,Low
171.0,18195,0,0.13598324704189316,0.13598324704189316,0,Low
196.0,4663,0,0.1797118323162405,0.1797118323162405,0,Low
92.0,17635,0,0.1317049028460131,0.1317049028460131,0,Low
57.95,7919,0,0.05781907711583429,0.05781907711583429,0,Low
382.5,11863,0,0.2105570401964578,0.2105570401964578,0,Low
49.0,10960,0,0.07786295130594943,0.07786295130594943,0,Low
445.0,14540,0,0.25855701886613536,0.25855701886613536,0,Low
326.95,12501,0,0.2556994031686445,0.2556994031686445,0,Low
44.0,13534,0,0.07991371816272243,0.07991371816272243,0,Low
77.0,8965,0,0.15649741654205063,0.15649741654205063,0,Low
57.95,3056,0,0.0512717339075087,0.0512717339075087,0,Low
31.5,11207,0,0.10571257110562865,0.10571257110562865,0,Low
57.95,10407,0,0.10599102944962686,0.06359461766977612,0,Low
100.0,17632,0,0.11961640887283805,0.11961640887283805,0,Low
150.0,16659,0,0.3097491364453077,0.3097491364453077,0,Low
22.97,3508,0,0.10070660815918098,0.10070660815918098,0,Low
200.0,14902,0,0.2336263544860298,0.2336263544860298,0,Low
7.0,9332,0,0.22109022463018616,0.1326541347781117,0,Low
25.0,1675,0,0.12378314091922216,0.12378314091922216,0,Low
117.0,8880,0,0.11204653570435001,0.11204653570435001,0,Low
34.0,16255,0,0.07014013570567422,0.07014013570567422,0,Low
59.0,2969,0,0.12056469733983377,0.12056469733983377,0,Low
25.0,3682,0,0.07199290813268744,0.07199290813268744,0,Low
149.95,3762,0,0.2880809576196172,0.2880809576196172,0,Low
335.0,7463,0,0.22027413661811499,0.232164481970869,0,Low
159.95,9705,0,0.18103272410654206,0.18103272410654206,0,Low
59.0,14182,0,0.10408528406469417,0.10408528406469417,0,Low
146.0,2803,0,0.19129085484189484,0.19129085484189484,0,Low
31.95,16070,0,0.07635628307639081,0.07635628307639081,0,Low
125.0,12116,0,0.1415647573715573,0.1415647573715573,0,Low
77.95,10616,0,0.218773567069049,0.218773567069049,0,Low
5.0,4485,0,0.0901363503700611,0.0901363503700611,0,Low
694.0,14265,0,0.2181980121902633,0.2181980121902633,0,Low
146.0,14502,0,0.1961597932771442,0.1961597932771442,0,Low
58.95,16255,0,0.05993821330174307,0.05993821330174307,0,Low
117.0,2772,0,0.143056084075701,0.143056084075701,0,Low
57.95,2177,0,0.03590568421765022,0.03590568421765022,0,Low
117.0,3343,0,0.11846018243853221,0.11846018243853221,0,Low
117.0,11218,0,0.28632714672329057,0.28632714672329057,0,Low
226.0,17400,0,0.1642109822962167,0.1642109822962167,0,Low
160.5,6816,0,0.16790582880774385,0.16790582880774385,0,Low
59.0,5017,0,0.13764914770118833,0.13764914770118833,0,Low
29.0,13663,0,0.0576824886066541,0.0576824886066541,0,Low
47.95,17131,0,0.07664236113466169,0.07664236113466169,0,Low
335.0,6489,0,0.21791050244220483,0.21791050244220483,0,Low
49.0,17300,0,0.06416734380610344,0.06416734380610344,0,Low
57.95,18350,0,0.04989200457663826,0.04989200457663826,0,Low
25.95,14179,0,0.07710268775702907,0.07710268775702907,0,Low
59.0,8528,0,0.09039085350107547,0.09039085350107547,0,Low
34.5,7919,0,0.04849019461742539,0.04849019461742539,0,Low
29.0,12615,0,0.13185800012547627,0.13185800012547627,0,Low
100.0,6019,0,0.17136926915171258,0.17136926915171258,0,Low
49.0,13614,0,0.0803721989059337,0.048223319343560216,0,Low
97.95,12526,0,0.14815794914481667,0.14815794914481667,0,Low
29.0,2383,0,0.05664477559197363,0.05664477559197363,0,Low
17.95,9500,0,0.11597453736235601,0.11597453736235601,0,Low
2107.92,2157,0,0.13595044932979503,0.13595044932979503,0,Low
47.95,1393,0,0.10737596024118125,0.10737596024118125,0,Low
47.95,7919,0,0.04635519307885178,0.04635519307885178,0,Low
720.13,15066,0,0.15283662639344323,0.15283662639344323,0,Low
50.0,7971,0,0.09745839849059422,0.09745839849059422,0,Low
226.0,1906,0,0.24611057757041233,0.24611057757041233,0,Low
39.0,7429,0,0.13259339898527156,0.07955603939116293,0,Low
24.5,6490,0,0.08057693115327501,0.08057693115327501,0,Low
43.46,8755,0,0.35211806739893214,0.35211806739893214,0,Low
59.0,10462,0,0.14420889095138326,0.14420889095138326,0,Low
34.0,3978,0,0.10179892983983806,0.10179892983983806,0,Low
226.0,5629,0,0.23391453637615825,0.23391453637615825,0,Low
47.95,2020,0,0.08699537316199381,0.08699537316199381,0,Low
39.0,7919,0,0.05189379418935408,0.05189379418935408,0,Low
50.0,2884,0,0.11485011878104263,0.11485011878104263,0,Low
22.97,18199,0,0.062162091700462566,0.062162091700462566,0,Low
214.0,16706,0,0.18801789490107182,0.18801789490107182,0,Low
67.95,15484,0,0.10558307732950042,0.10558307732950042,0,Low
35.95,2772,0,0.0902347298336759,0.0902347298336759,0,Low
150.0,8958,0,0.24933769673889195,0.24933769673889195,0,Low
226.0,10112,0,0.22204700650257655,0.22204700650257655,0,Low
343.27,12929,0,0.22336003357839174,0.22336003357839174,0,Low
1364.95,17400,0,0.17502276835207134,0.17502276835207134,0,Low
167.0,12544,0,0.21188233792600633,0.21188233792600633,0,Low
29.0,11162,0,0.1176815992761719,0.1176815992761719,0,Low
568.69,8986,0,0.26693733162806643,0.26693733162806643,0,Low
57.95,16048,0,0.07504774737678555,0.07504774737678555,0,Low
75.45,11207,0,0.16247519407414426,0.16247519407414426,0,Low
130.95,9500,0,0.16952627114398447,0.16952627114398447,0,Low
171.0,15066,0,0.23299506899775296,0.23299506899775296,0,Low
100.0,11919,0,0.11823979595420543,0.11823979595420543,0,Low
135.5,15497,0,0.14479235516401967,0.14479235516401967,0,Low
30.95,12570,0,0.11899313748691039,0.11899313748691039,0,Low
25.95,13249,0,0.0782479066448581,0.0782479066448581,0,Low
139.95,7919,0,0.09642582720314906,0.09642582720314906,0,Low
380.0,7919,0,0.14248300557032073,0.14248300557032073,0,Low
67.95,1444,0,0.1060481271457752,0.1060481271457752,0,Low
26.5,2884,0,0.0848401944562768,0.0848401944562768,0,Low
508.43,4067,0,0.2645653648500482,0.2645653648500482,0,Low
117.0,12695,0,0.1381498434770975,0.1381498434770975,0,Low
24.0,10616,1,0.20644082661614455,0.20644082661614455,0,Low
75.0,15773,1,0.22691888235475605,0.22691888235475605,0,Low
32.95,5033,0,0.12357795069073708,0.12357795069073708,0,Low
24.5,18132,0,0.06003264642610664,0.06003264642610664,0,Low
57.95,17760,0,0.07475580055985993,0.07475580055985993,0,Low
100.0,11319,0,0.13167247685606362,0.13167247685606362,0,Low
12.5,1870,0,0.16231507480297228,0.16231507480297228,0,Low
117.0,9992,0,0.08491177653418605,0.08491177653418605,0,Low
59.0,16132,0,0.06581265983469317,0.06581265983469317,0,Low
319.95,18268,0,0.27080056413107345,0.27080056413107345,0,Low
50.0,12686,0,0.10457371485646277,0.10457371485646277,0,Low
20.0,11839,0,0.10162509778067852,0.10162509778067852,0,Low
112.99,11919,0,0.10567363558798083,0.10567363558798083,0,Low
29.0,11899,0,0.09437577731104664,0.09437577731104664,0,Low
100.0,8695,0,0.14335346829155796,0.14335346829155796,0,Low
139.95,12695,0,0.16231197385181118,0.16231197385181118,0,Low
103.97,5033,0,0.1226905050671506,0.1226905050671506,0,Low
54.5,14065,0,0.09744220076049526,0.09744220076049526,0,Low
100.0,1704,0,0.15148557468847124,0.15148557468847124,0,Low
255.0,9500,0,0.2518347422912668,0.2518347422912668,0,Low
29.0,14653,0,0.045326256662971014,0.045326256662971014,0,Low
157.95,7919,0,0.10881347823444648,0.10881347823444648,0,Low
1084.95,5567,0,0.25485938217276144,0.25485938217276144,0,Low
350.0,1769,0,0.20444731851805334,0.122668391110832,0,Low
100.0,15066,0,0.1581965849758038,0.1581965849758038,0,Low
34.0,15538,0,0.071199604650666,0.071199604650666,0,Low
77.0,10925,0,0.15193916068741992,0.15193916068741992,0,Low
117.0,10655,0,0.15818325802566843,0.15818325802566843,0,Low
44.0,2755,0,0.11528417803662219,0.11528417803662219,0,Low
50.0,14098,0,0.17382980383436236,0.17382980383436236,0,Low
15.95,7585,0,0.1755210604842735,0.1755210604842735,0,Low
15.95,7919,0,0.053421679146977465,0.053421679146977465,0,Low
250.0,5772,0,0.25962895413649123,0.25962895413649123,0,Low
745.0,7919,0,0.19943344947939493,0.19943344947939493,0,Low
300.0,14814,0,0.219842172785507,0.5319053036713042,1,Medium
24.95,17188,0,0.09382960278458206,0.09382960278458206,0,Low
107.95,12686,0,0.08895315311206459,0.08895315311206459,0,Low
149.0,14574,0,0.18595006356356714,0.18595006356356714,0,Low
200.0,2591,1,0.27157379815866256,0.5629442788951975,1,Medium
59.0,15715,0,0.09974647921016355,0.09974647921016355,0,Low
82.0,6481,0,0.12581772492038368,0.12581772492038368,0,Low
226.0,16691,0,0.16410002579657268,0.16410002579657268,0,Low
34.95,12544,0,0.14333774783225317,0.14333774783225317,0,Low
113.01,12501,0,0.1258242250300943,0.1258242250300943,0,Low
199.95,9480,0,0.22370620461378987,0.22370620461378987,0,Low
171.0,5033,0,0.2798403484317655,0.2798403484317655,0,Low
213.0,17598,0,0.10547226747193239,0.10547226747193239,0,Low
49.0,15562,0,0.0890453299073831,0.0890453299073831,0,Low
29.5,7919,0,0.05349644854831656,0.05349644854831656,0,Low
226.0,10157,0,0.2116051547550919,0.12696309285305513,0,Low
300.0,14290,0,0.3106744261119489,0.3106744261119489,0,Low
200.0,17933,0,0.2590841375174798,0.2590841375174798,0,Low
117.0,18334,0,0.07430584797850188,0.07430584797850188,0,Low
39.0,2392,0,0.06481938877481812,0.06481938877481812,0,Low
57.95,6530,0,0.06707383767781966,0.06707383767781966,0,Low
57.95,10112,0,0.053053934870619504,0.053053934870619504,0,Low
199.95,10486,0,0.3079625889757068,0.3079625889757068,0,Low
35.95,7664,0,0.11658288309312675,0.11658288309312675,0,Low
54.21,17175,0,0.04853463933353162,0.04853463933353162,0,Low
48.95,7900,0,0.08283578909105264,0.08283578909105264,0,Low
39.0,4045,0,0.08514851054168919,0.08514851054168919,0,Low
365.0,18335,0,0.2840636608395747,0.2840636608395747,0,Low
107.95,6721,0,0.14446036970370402,0.14446036970370402,0,Low
36.95,7664,0,0.11658288309312675,0.11658288309312675,0,Low
85.0,12741,0,0.08392772904922913,0.08392772904922913,0,Low
39.0,17943,0,0.07258504034635328,0.04355102420781197,0,Low
33.0,9500,0,0.1855924538741948,0.1855924538741948,0,Low
29.0,10057,1,0.22506327222596892,0.22506327222596892,0,Low
42.95,10486,0,0.13796910870902337,0.13796910870902337,0,Low
107.95,11204,0,0.11820353532356555,0.11820353532356555,0,Low
100.0,13844,0,0.15610595662803617,0.15610595662803617,0,Low
58.95,13208,0,0.0832580177057914,0.049954810623474837,0,Low
209.95,1675,0,0.28427540557971204,0.28427540557971204,0,Low
440.99,3605,0,0.2619986287119938,0.2619986287119938,0,Low
20.0,12211,0,0.14488718688396418,0.14488718688396418,0,Low
107.95,11863,0,0.0760999669858421,0.0760999669858421,0,Low
47.95,9364,0,0.0643338633056735,0.0643338633056735,0,Low
106.0,15775,0,0.01418082020733279,0.01418082020733279,0,Low
97.0,8695,0,0.14935141703203736,0.14935141703203736,0,Low
87.0,7638,0,0.09448019119572347,0.09448019119572347,0,Low
54.0,1310,0,0.08695719355592858,0.08695719355592858,0,Low
53.97,14182,0,0.06492497877199002,0.06492497877199002,0,Low
35.95,7835,0,0.14609675919630946,0.14609675919630946,0,Low
144.97,8868,0,0.14295289618883117,0.14295289618883117,0,Low
107.95,8528,0,0.10705876988683759,0.10705876988683759,0,Low
97.95,17188,0,0.12258345567413921,0.12258345567413921,0,Low
30.95,5700,0,0.06759768355487855,0.06759768355487855,0,Low
117.0,15971,0,0.12016985850201829,0.12016985850201829,0,Low
59.0,7664,0,0.15487244213515639,0.15487244213515639,0,Low
108.5,7919,0,0.05593037591862884,0.05593037591862884,0,Low
335.0,10616,0,0.248863608575253,0.248863608575253,0,Low
44.0,7676,0,0.0953863253281291,0.0953863253281291,0,Low
250.0,6211,0,0.24935565866224876,0.24935565866224876,0,Low
35.95,12581,0,0.11895796993777781,0.11895796993777781,0,Low
60.95,7969,0,0.1591270800631767,0.1591270800631767,0,Low
50.0,6747,0,0.15145052771456283,0.0908703166287377,0,Low
59.0,1262,0,0.0811416609848838,0.0811416609848838,0,Low
226.0,2884,0,0.21870753949505137,0.21870753949505137,0,Low
75.0,9645,0,0.15495889028130108,0.15495889028130108,0,Low
572.52,10616,0,0.24898451433483276,0.24898451433483276,0,Low
226.0,9500,0,0.21357726113201064,0.21357726113201064,0,Low
107.95,12087,0,0.10138740316438026,0.10138740316438026,0,Low
47.95,10960,0,0.05702127575507438,0.05702127575507438,0,Low
107.0,6933,0,0.0828202377999352,0.0828202377999352,0,Low
59.0,3343,0,0.11670961668140391,0.11670961668140391,0,Low
39.0,10057,0,0.09187120989010902,0.09187120989010902,0,Low
117.0,11207,0,0.14332489039828217,0.14332489039828217,0,Low
226.0,2377,0,0.16704503448830788,0.16704503448830788,0,Low
226.0,16075,0,0.24686401887363302,0.24686401887363302,0,Low
75.0,10023,0,0.10625599842320259,0.10625599842320259,0,Low
100.0,13815,0,0.09960558141504315,0.09960558141504315,0,Low
50.0,2039,0,0.12303800301663331,0.12303800301663331,0,Low
107.95,7919,0,0.05341976407309024,0.05341976407309024,0,Low
184.0,16876,0,0.2147632229587671,0.2147632229587671,0,Low
250.0,1675,0,0.2660132486511899,0.2660132486511899,0,Low
29.5,12260,0,0.09080214322109065,0.09080214322109065,0,Low
112.99,12883,0,0.13976401023699636,0.13976401023699636,0,Low
97.0,10925,0,0.15155172572559214,0.15155172572559214,0,Low
509.99,15106,0,0.19951005470591682,0.19951005470591682,0,Low
26.95,8701,0,0.10910191000606022,0.10910191000606022,0,Low
82.95,7307,0,0.13606732691094303,0.13606732691094303,0,Low
42.5,6530,0,0.06040679728202389,0.06040679728202389,0,Low
59.0,1490,0,0.15991726631362774,0.15991726631362774,0,Low
29.0,10349,0,0.056292749631013814,0.056292749631013814,0,Low
65.63,14290,0,0.12124958497309307,0.12124958497309307,0,Low
39.0,2377,0,0.05659970108981296,0.05659970108981296,0,Low
108.5,9500,0,0.16554843316677512,0.16554843316677512,0,Low
100.0,10616,0,0.1743112072982183,0.1743112072982183,0,Low
226.0,18132,0,0.17131713627955913,0.17131713627955913,0,Low
35.95,2803,0,0.06464541038964021,0.06464541038964021,0,Low
57.95,12382,0,0.10483309770170333,0.10483309770170333,0,Low
50.0,15627,1,0.1763996358374789,0.1763996358374789,0,Low
100.0,16326,0,0.11856483156345425,0.11856483156345425,0,Low
57.95,12544,0,0.10851668555145409,0.10851668555145409,0,Low
87.95,14259,0,0.13299103658192943,0.13299103658192943,0,Low
58.95,18018,0,0.047564993789604326,0.047564993789604326,0,Low
100.0,16132,0,0.11542970783354749,0.11542970783354749,0,Low
59.0,8528,0,0.10818963817530451,0.10818963817530451,0,Low
107.95,16435,0,0.10914760988717896,0.10914760988717896,0,Low
105.0,15775,0,0.01418082020733279,0.01418082020733279,0,Low
39.0,13307,0,0.05533593305598795,0.05533593305598795,0,Low
49.0,1342,0,0.12775631334634205,0.12775631334634205,0,Low
44.0,11207,0,0.14297788585954815,0.14297788585954815,0,Low
3088.0,17480,0,0.2431437513118841,0.2431437513118841,0,Low
117.0,7482,0,0.14658082587704094,0.14658082587704094,0,Low
30.95,8320,0,0.06743840640731796,0.06743840640731796,0,Low
150.0,8340,0,0.28877416546642687,0.28877416546642687,0,Low
151.0,14410,0,0.17612489455743044,0.17612489455743044,0,Low
59.0,2884,0,0.1229398292242369,0.1229398292242369,0,Low
370.53,17035,0,0.18957117252162892,0.18957117252162892,0,Low
54.5,12469,0,0.07452226702307438,0.07452226702307438,0,Low
20.0,8049,0,0.08658798141790608,0.08658798141790608,0,Low
335.0,12494,0,0.24321340457406002,0.145928042744436,0,Low
72.95,12544,0,0.16177728303365718,0.16177728303365718,0,Low
29.5,2377,0,0.06449510016230571,0.06449510016230571,0,Low
75.0,10616,0,0.2223243683690788,0.2223243683690788,0,Low
29.0,6053,0,0.11535527868166709,0.11535527868166709,0,Low
50.0,18246,0,0.09116023262552433,0.09116023262552433,0,Low
34.95,5700,1,0.10328298653932935,0.10328298653932935,0,Low
100.0,6079,0,0.15530058514782097,0.09318035108869258,0,Low
117.0,8432,0,0.15824760326969092,0.15824760326969092,0,Low
194.95,11815,0,0.10313531282466874,0.10313531282466874,0,Low
39.0,14290,0,0.08786512731762124,0.08786512731762124,0,Low
50.0,9043,0,0.10376083277467335,0.10376083277467335,0,Low
55.95,5700,0,0.07263966142252182,0.07263966142252182,0,Low
87.0,16682,1,0.23517918795542211,0.23517918795542211,0,Low
43.95,3277,0,0.07289414527433528,0.07289414527433528,0,Low
875.0,2259,0,0.20073984724895472,0.20073984724895472,0,Low
30.95,11162,0,0.1176815992761719,0.1176815992761719,0,Low
59.0,17400,0,0.1333441090932724,0.1333441090932724,0,Low
150.0,6344,0,0.35286667585325093,0.35286667585325093,0,Low
50.0,6019,0,0.10738933670851139,0.10738933670851139,0,Low
49.0,4663,0,0.08563786465191826,0.08563786465191826,0,Low
40.95,14502,0,0.06102952559703016,0.06102952559703016,0,Low
150.0,9338,0,0.27104532167557166,0.27104532167557166,0,Low
167.0,3605,0,0.22496797747487526,0.22496797747487526,0,Low
57.95,7919,0,0.052158752321583055,0.052158752321583055,0,Low
29.0,17482,0,0.07086324625500837,0.07086324625500837,0,Low
59.0,9175,0,0.09312035279520164,0.09312035279520164,0,Low
175.0,13697,0,0.2540042682003214,0.15240256092019283,0,Low
36.95,9249,0,0.09658681683673426,0.09658681683673426,0,Low
335.0,1022,0,0.26264301550312685,0.21472866644473323,0,Low
233.95,7664,0,0.22751191446425423,0.22751191446425423,0,Low
100.0,6019,0,0.18504425940272615,0.18504425940272615,0,Low
47.95,16560,0,0.06399418532906365,0.06399418532906365,0,Low
424.95,13136,0,0.2522118678402672,0.2522118678402672,0,Low
226.0,8901,0,0.24045546039420165,0.14427327623652098,0,Low
374.95,10616,0,0.29120774289694557,0.29120774289694557,0,Low
20.0,15111,0,0.08838790185287054,0.08838790185287054,0,Low
54.5,9445,0,0.12332658063420635,0.12332658063420635,0,Low
47.0,9002,0,0.10240046758802931,0.10240046758802931,0,Low
213.0,16132,0,0.12331729708086231,0.12331729708086231,0,Low
213.0,7919,1,0.1656576198365172,0.1656576198365172,0,Low
59.0,16560,0,0.060615217520112105,0.060615217520112105,0,Low
47.95,10859,0,0.06082131871231188,0.06082131871231188,0,Low
76.95,9500,0,0.18521247821114614,0.18521247821114614,0,Low
150.0,14774,0,0.24065701996200553,0.24065701996200553,0,Low
117.0,17442,0,0.12896161226343733,0.12896161226343733,0,Low
189.95,7826,0,0.21406599643761023,0.21406599643761023,0,Low
30.95,14182,0,0.03958332487040792,0.03958332487040792,0,Low
67.0,13249,0,0.0812173830360466,0.0812173830360466,0,Low
361.95,15597,0,0.3343237746463197,0.3343237746463197,1,Low
48.95,12839,0,0.1306246286879151,0.1306246286879151,0,Low
209.95,7919,0,0.11602366857478075,0.11602366857478075,0,Low
107.95,4806,0,0.10922118013981802,0.10922118013981802,0,Low
113.0,12695,0,0.14887134430479387,0.14887134430479387,0,Low
25.95,17188,0,0.06951283820455323,0.06951283820455323,0,Low
209.95,15497,0,0.1684451577461528,0.1684451577461528,0,Low
44.0,12544,0,0.15580802507868008,0.15580802507868008,0,Low
59.0,9500,0,0.18639451492884596,0.18639451492884596,0,Low
97.0,9480,0,0.13767043190662626,0.13767043190662626,0,Low
100.0,1284,0,0.15255438363952772,0.15255438363952772,0,Low
260.0,8347,0,0.174905679809314,0.174905679809314,0,Low
20.0,13780,0,0.14277374720921554,0.14277374720921554,0,Low
200.0,16070,0,0.11213517798276908,0.11213517798276908,0,Low
92.0,11487,0,0.11873465023149621,0.07124079013889772,0,Low
77.0,3821,0,0.12486587098781604,0.12486587098781604,0,Low
34.0,12839,0,0.13356121580046615,0.13356121580046615,0,Low
809.95,3278,0,0.27531574369835465,0.27531574369835465,0,Low
34.0,11035,0,0.09826543026508253,0.05895925815904951,0,Low
25.0,10019,0,0.04015839287162784,0.04015839287162784,0,Low
35.95,18132,0,0.058228341246664456,0.058228341246664456,0,Low
269.95,6832,0,0.2075399980640727,0.2075399980640727,0,Low
117.0,1804,0,0.10399110976494161,0.10399110976494161,0,Low
200.0,12695,0,0.2145842547971845,0.2145842547971845,0,Low
57.95,5734,0,0.11097707337420193,0.11097707337420193,0,Low
47.95,12932,0,0.12828953557147735,0.12828953557147735,0,Low
67.95,7337,0,0.0824841652736591,0.0824841652736591,0,Low
554.0,11781,0,0.2592818526558732,0.2592818526558732,0,Low
58.95,1893,0,0.08979899601459884,0.08979899601459884,0,Low
35.0,17577,0,0.09522835364991833,0.09522835364991833,0,Low
527.0,14858,0,0.2421732395079349,0.2421732395079349,0,Low
30.95,12577,0,0.05234823770882087,0.05234823770882087,0,Low
35.95,13249,0,0.0809863733958884,0.0809863733958884,0,Low
59.0,10267,0,0.07089150651314494,0.07089150651314494,0,Low
300.0,7164,0,0.20404624430763238,0.20404624430763238,0,Low
57.95,7508,0,0.08889587567883445,0.08889587567883445,0,Low
29.0,16163,0,0.09606316914799998,0.09606316914799998,0,Low
209.95,3621,0,0.2204217663643214,0.2204217663643214,0,Low
82.95,6170,0,0.14114921935790609,0.14114921935790609,0,Low
150.0,10894,0,0.27089494588231783,0.27089494588231783,0,Low
25.0,15066,0,0.16864484355808745,0.16864484355808745,0,Low
44.5,17131,0,0.07911571140635969,0.07911571140635969,0,Low
206.0,18018,0,0.17392044086276046,0.17392044086276046,0,Low
59.95,10989,0,0.07678276133644568,0.07678276133644568,0,Low
130.0,5938,0,0.20628823912971103,0.20628823912971103,0,Low
41.0,14858,0,0.09562792676746977,0.09562792676746977,0,Low
67.95,12695,0,0.1418415268701265,0.1418415268701265,0,Low
24.0,16560,0,0.05414447125061403,0.05414447125061403,0,Low
209.95,13249,0,0.14944822232183166,0.14944822232183166,0,Low
384.95,8830,0,0.23769424762597502,0.23769424762597502,0,Low
97.0,5033,0,0.18430224205153148,0.18430224205153148,0,Low
152.163,4504,1,0.5054788929163507,0.5054788929163507,0,Medium
35.95,10565,0,0.061167463283562554,0.061167463283562554,0,Low
59.0,9500,0,0.18639451492884596,0.18639451492884596,0,Low
25.95,14426,0,0.12458480073142197,0.12458480073142197,0,Low
226.0,15411,0,0.18417669003484055,0.18417669003484055,0,Low
171.0,12932,0,0.1838646011992883,0.1838646011992883,0,Low
26.97,3484,0,0.058476292593918594,0.058476292593918594,0,Low
117.0,3821,0,0.09536331808278735,0.09536331808278735,0,Low
425.0,17188,0,0.3025417264345063,0.3025417264345063,0,Low
59.0,18132,0,0.07031551051780403,0.07031551051780403,0,Low
159.95,12695,0,0.18545569289001856,0.18545569289001856,0,Low
160.5,2803,0,0.1671193463159665,0.1671193463159665,0,Low
107.95,10960,0,0.06284653619675998,0.06284653619675998,0,Low
335.0,10112,0,0.16446805054643945,0.16446805054643945,0,Low
59.0,17188,0,0.11969420447943241,0.11969420447943241,0,Low
107.95,2455,0,0.142700137319824,0.142700137319824,0,Low
160.5,12932,0,0.16921697318430404,0.16921697318430404,0,Low
97.0,7815,0,0.10456545915594971,0.10456545915594971,0,Low
107.95,2803,1,0.11728631150198092,0.11728631150198092,0,Low
59.0,7919,0,0.059030441962819785,0.059030441962819785,0,Low
226.0,12932,0,0.18809294063063697,0.18809294063063697,0,Low
49.0,8556,0,0.10719723547246227,0.10719723547246227,0,Low
49.0,12469,0,0.0781080331766843,0.0781080331766843,0,Low
50.0,7621,0,0.10286757281641107,0.06172054368984664,0,Low
117.0,17345,0,0.13615679670655387,0.13615679670655387,0,Low
49.0,6170,0,0.12583027829729101,0.12583027829729101,0,Low
48.97,6542,0,0.10885451032085419,0.10885451032085419,0,Low
97.0,12695,0,0.1366676792266264,0.1366676792266264,0,Low
36.95,17188,0,0.10128436711133292,0.10128436711133292,0,Low
49.0,1214,0,0.13906352496432264,0.13906352496432264,0,Low
29.0,7919,0,0.06562644934808708,0.06562644934808708,0,Low
335.0,4911,0,0.25628174160747025,0.25628174160747025,0,Low
57.95,18249,0,0.05889795834835931,0.05889795834835931,0,Low
54.0,2157,0,0.09277142477512808,0.09277142477512808,0,Low
160.5,15998,0,0.22709673933964847,0.22709673933964847,0,Low
77.0,11207,0,0.16301396603824336,0.16301396603824336,0,Low
59.0,10616,0,0.20220858120535717,0.20220858120535717,0,Low
333.0,3278,0,0.2501563914250772,0.2501563914250772,0,Low
97.0,14858,0,0.11910167032708124,0.11910167032708124,0,Low
107.95,15066,0,0.14513592010649812,0.14513592010649812,0,Low
59.95,6816,0,0.13748937947721973,0.13748937947721973,0,Low
317.5,12037,0,0.23279172001616733,0.23279172001616733,0,Low
59.0,4272,0,0.10604620350316857,0.10604620350316857,0,Low
56.5,17188,0,0.11337942039599301,0.11337942039599301,0,Low
57.95,1922,0,0.07085440719353402,0.07085440719353402,0,Low
213.0,15773,0,0.10427135695427334,0.10427135695427334,0,Low
134.95,4272,0,0.11787288835634784,0.11787288835634784,0,Low
25.0,6230,0,0.043983507508610534,0.043983507508610534,0,Low
54.5,4663,0,0.0843342149690057,0.0843342149690057,0,Low
29.0,9500,0,0.13383496425713406,0.13383496425713406,0,Low
82.95,2884,0,0.14955367321489757,0.14955367321489757,0,Low
52.5,16435,0,0.13298179180249034,0.13298179180249034,0,Low
54.5,1686,0,0.10952366575964259,0.10952366575964259,0,Low
35.95,17100,0,0.07950144008517956,0.07950144008517956,0,Low
59.0,2074,0,0.11367920664900137,0.11367920664900137,0,Low
97.0,17598,0,0.07060950490761271,0.07060950490761271,0,Low
150.0,14859,0,0.19493222171212743,0.19493222171212743,0,Low
50.0,17144,0,0.1099798146057686,0.06598788876346115,0,Low
67.95,12695,0,0.1418415268701265,0.1418415268701265,0,Low
39.0,3278,0,0.112707517621548,0.112707517621548,0,Low
30.0,15066,0,0.1527690214767385,0.1527690214767385,0,Low
311.95,17188,0,0.23630045470415936,0.23630045470415936,0,Low
50.0,14835,0,0.13920797440495417,0.0835247846429725,0,Low
130.5,1682,0,0.14837202996414864,0.14837202996414864,0,Low
50.0,11899,0,0.10247459438319381,0.10247459438319381,0,Low
49.0,10023,0,0.11261092781216724,0.11261092781216724,0,Low
60.0,8058,0,0.11977779930294913,0.11977779930294913,0,Low
83.95,10112,0,0.08525963923158945,0.08525963923158945,0,Low
30.95,8624,0,0.0837688986644359,0.0837688986644359,0,Low
335.0,13460,0,0.17913942398701552,0.1074836543922093,0,Low
146.0,5911,0,0.1591093824383217,0.1591093824383217,0,Low
25.95,12544,0,0.14148257335074418,0.14148257335074418,0,Low
78.95,12544,0,0.15861325605247387,0.15861325605247387,0,Low
57.95,11279,0,0.1013005644678559,0.1013005644678559,0,Low
117.0,2455,0,0.1608930916074268,0.1608930916074268,0,Low
92.0,9653,0,0.1587811978024796,0.1587811978024796,0,Low
100.0,14879,0,0.10468434653727587,0.10468434653727587,0,Low
107.95,14776,0,0.0834909133348358,0.0834909133348358,0,Low
225.0,18268,0,0.26158630445464104,0.26158630445464104,0,Low
446.6,17524,0,0.2707430791856611,0.2707430791856611,0,Low
1041.0,2616,0,0.2137629420244935,0.2137629420244935,0,Low
83.95,16070,0,0.08367106923992201,0.08367106923992201,0,Low
29.0,17491,0,0.10137322783873938,0.10137322783873938,0,Low
59.0,4115,0,0.1287174445065475,0.1287174445065475,0,Low
107.0,15066,0,0.19017500805799467,0.19017500805799467,0,Low
107.95,11289,0,0.09592992365152347,0.09592992365152347,0,Low
35.0,7468,0,0.11579298560538892,0.11579298560538892,0,Low
108.5,2455,0,0.15045160451316117,0.15045160451316117,0,Low
59.0,17469,0,0.09293060107584963,0.09293060107584963,0,Low
107.95,16003,0,0.10486530000543887,0.10486530000543887,0,Low
49.0,6700,0,0.1052766664286863,0.1052766664286863,0,Low
100.0,4090,0,0.13451564631022572,0.13451564631022572,0,Low
134.95,13541,0,0.1360927422478788,0.1360927422478788,0,Low
57.95,12577,0,0.055628807964046165,0.055628807964046165,0,Low
361.95,11942,0,0.2797087017961575,0.2797087017961575,0,Low
57.95,6877,0,0.09733386392618096,0.09733386392618096,0,Low
117.0,1874,0,0.11270007216294314,0.11270007216294314,0,Low
36.95,5606,0,0.058561357991245316,0.058561357991245316,0,Low
236.95,12686,0,0.1940073586360627,0.1940073586360627,0,Low
35.95,4002,0,0.10318151034706763,0.10318151034706763,0,Low
25.0,1333,0,0.12351309556943393,0.12351309556943393,0,Low
311.95,8037,0,0.21933240362621093,0.21933240362621093,0,Low
200.0,1214,0,0.16039163393751604,0.16039163393751604,0,Low
117.0,10057,0,0.1361395363399396,0.1361395363399396,0,Low
108.95,7283,0,0.07647009639637306,0.07647009639637306,0,Low
49.0,7919,0,0.07724836291106707,0.07724836291106707,0,Low
39.0,7919,0,0.05189379418935408,0.05189379418935408,0,Low
59.0,17270,0,0.11146573862987337,0.11146573862987337,0,Low
67.95,2803,0,0.07190804470595066,0.07190804470595066,0,Low
59.0,10057,0,0.11561624034423397,0.11561624034423397,0,Low
70.0,5938,0,0.10817334405721725,0.10817334405721725,0,Low
150.0,16659,0,0.3352343298521251,0.3352343298521251,1,Low
107.95,8613,0,0.10835778383058192,0.10835778383058192,0,Low
58.95,9323,0,0.06011947367551092,0.06011947367551092,0,Low
59.0,16865,0,0.09168205783516807,0.09168205783516807,0,Low
48.95,7676,0,0.11654856987855075,0.11654856987855075,0,Low
300.0,6019,1,0.33937317625308355,0.33937317625308355,1,Low
20.0,7585,0,0.13859342209538872,0.13859342209538872,0,Low
47.0,9175,0,0.074580791649217,0.074580791649217,0,Low
209.95,12932,0,0.16940521954757337,0.16940521954757337,0,Low
280.0,2755,0,0.33527909436397174,0.33527909436397174,1,Low
100.0,11905,0,0.12101937475408625,0.12101937475408625,0,Low
30.95,9500,0,0.13383496425713406,0.13383496425713406,0,Low
49.0,11771,0,0.13921666815504888,0.08353000089302932,0,Low
67.95,4806,0,0.11499149467261206,0.11499149467261206,0,Low
311.95,16923,0,0.10855688256922236,0.10855688256922236,0,Low
261.95,6209,0,0.2688961551121131,0.2688961551121131,0,Low
15.0,17188,0,0.13880083662271075,0.13880083662271075,0,Low
59.0,8135,1,0.12721064246470995,0.12721064246470995,0,Low
107.95,6533,0,0.11048164454247113,0.11048164454247113,0,Low
150.0,7309,0,0.2177314669505231,0.2177314669505231,0,Low
112.95,14653,0,0.06730492769028079,0.06730492769028079,0,Low
77.0,17148,0,0.11822934842554882,0.11822934842554882,0,Low
80.0,8860,0,0.16103870308581109,0.09662322185148665,0,Low
102.0,6530,0,0.08284207420575287,0.08284207420575287,0,Low
34.0,13307,0,0.062457131359325846,0.062457131359325846,0,Low
107.95,16132,0,0.08679951035548206,0.08679951035548206,0,Low
160.95,7919,0,0.06693050189143056,0.06693050189143056,0,Low
77.95,4806,0,0.13213473866435332,0.13213473866435332,0,Low
23.95,6507,0,0.0935136238913377,0.0935136238913377,0,Low
39.0,4153,0,0.1088841648631888,0.1088841648631888,0,Low
25.0,7800,0,0.07783697084830751,0.07783697084830751,0,Low
141.0,1393,0,0.2505817116613176,0.2505817116613176,0,Low
71.95,17399,0,0.07822860542553517,0.07822860542553517,0,Low
500.0,11353,0,0.2833431924321661,0.17000591545929966,0,Low
209.95,17188,0,0.5903516401272483,0.5903516401272483,0,Medium
52.95,10267,0,0.06722596308895816,0.06722596308895816,0,Low
105.0,14259,0,0.11399219736821374,0.11399219736821374,0,Low
33.95,4490,0,0.11165954733134857,0.11165954733134857,0,Low
250.0,9043,0,0.21894377098000373,0.21894377098000373,0,Low
25.95,6328,0,0.057800951878409806,0.057800951878409806,0,Low
226.0,13111,0,0.22418917695516435,0.22418917695516435,0,Low
77.0,1767,0,0.14467161383552044,0.14467161383552044,0,Low
117.0,2772,0,0.143056084075701,0.143056084075701,0,Low
226.0,7815,0,0.15745693862739424,0.15745693862739424,0,Low
97.0,2455,0,0.1690723225180407,0.1690723225180407,0,Low
59.0,7919,0,0.077335277794952,0.077335277794952,0,Low
39.0,2835,0,0.12653697105392445,0.12653697105392445,0,Low
47.95,7919,0,0.046472388685156185,0.046472388685156185,0,Low
57.95,17926,0,0.08823980767338208,0.08823980767338208,0,Low
65.0,2803,0,0.06675406466625428,0.06675406466625428,0,Low
108.95,5878,0,0.09998448510005305,0.09998448510005305,0,Low
59.0,18132,0,0.09586098268923753,0.09586098268923753,0,Low
59.0,8431,0,0.1427102754310458,0.1427102754310458,0,Low
92.0,14357,0,0.11329258630731755,0.11329258630731755,0,Low
141.0,17188,0,0.2319996075785275,0.2319996075785275,0,Low
42.95,9400,0,0.1109709178979928,0.1109709178979928,0,Low
29.0,15398,0,0.07926435164949115,0.07926435164949115,0,Low
75.0,6019,0,0.17766365800418224,0.17766365800418224,0,Low
82.0,7585,0,0.17524754564393455,0.17524754564393455,0,Low
191.0,17055,0,0.1447173280891839,0.1447173280891839,0,Low
27.0,4063,0,0.06562182248729283,0.06562182248729283,0,Low
20.95,16070,0,0.07218868316732367,0.07218868316732367,0,Low
100.0,17399,0,0.09741472703643846,0.09741472703643846,0,Low
107.95,9500,0,0.16047093326218925,0.16047093326218925,0,Low
10.0,3653,0,0.16183399954810493,0.16183399954810493,0,Low
75.0,10616,0,0.2434204658989341,0.2434204658989341,0,Low
150.0,18268,0,0.31656495348462854,0.31656495348462854,1,Low
186.0,2803,0,0.18936082131054596,0.18936082131054596,0,Low
39.0,15949,0,0.0982950334213802,0.0982950334213802,0,Low
50.0,16854,0,0.2612966704325459,0.15677800225952754,0,Low
15.0,14170,0,0.16486593316007778,0.16486593316007778,0,Low
49.0,12695,0,0.14860024779479414,0.14860024779479414,0,Low
59.0,17399,0,0.07509090155682414,0.07509090155682414,0,Low
100.0,17286,0,0.09208919462457515,0.09208919462457515,0,Low
55.99,9500,0,0.13024654319826945,0.13024654319826945,0,Low
59.0,7585,0,0.15285938710014663,0.15285938710014663,0,Low
10.0,6019,0,0.16042888018615817,0.16042888018615817,0,Low
49.0,16132,0,0.1082514711875069,0.1082514711875069,0,Low
54.5,17480,0,0.10450410866795588,0.10450410866795588,0,Low
141.0,15863,0,0.19854287892323957,0.19854287892323957,0,Low
117.0,12695,0,0.15162401248093194,0.15162401248093194,0,Low
442.95,9500,0,0.2847065367690487,0.2847065367690487,0,Low
226.0,6019,0,0.29163416935004177,0.29163416935004177,0,Low
105.95,7529,0,0.07199415773456902,0.07199415773456902,0,Low
72.99,13626,0,0.14617073140361359,0.14617073140361359,0,Low
1771.83,9098,0,0.08166391997489057,0.08166391997489057,0,Low
59.0,12501,0,0.13451052747055625,0.13451052747055625,0,Low
32.97,14858,0,0.09154545673280018,0.09154545673280018,0,Low
68.95,5711,0,0.08738376470744125,0.08738376470744125,0,Low
30.95,2392,0,0.06978136250879852,0.06978136250879852,0,Low
108.95,15497,0,0.09974894951817453,0.09974894951817453,0,Low
209.95,2392,0,0.16740359893098775,0.16740359893098775,0,Low
566.52,15592,0,0.29179640596561895,0.29179640596561895,0,Low
30.95,11157,0,0.06302066649374027,0.06302066649374027,0,Low
68.5,11919,0,0.10631501193667998,0.10631501193667998,0,Low
483.7,15813,0,0.19530481561491964,0.19530481561491964,0,Low
107.95,17492,0,0.10117525800625227,0.10117525800625227,0,Low
10.0,1939,0,0.1294568696155273,0.1294568696155273,0,Low
108.95,13324,0,0.09148719272277082,0.09148719272277082,0,Low
77.95,7787,0,0.12300357413512435,0.12300357413512435,0,Low
59.0,12577,0,0.07542442478148628,0.07542442478148628,0,Low
291.95,8131,0,0.23642134127049258,0.23642134127049258,0,Low
309.0,17131,0,0.19096232233976285,0.19096232233976285,0,Low
57.95,12738,0,0.05893552950565994,0.05893552950565994,0,Low
47.95,10908,0,0.1207110610147542,0.1207110610147542,0,Low
388.0,8009,0,0.22880903313247164,0.22880903313247164,0,Low
107.95,3716,0,0.11703741395196576,0.11703741395196576,0,Low
55.95,15066,0,0.32600649727788117,0.32600649727788117,1,Low
940.95,16075,0,0.35232211674614544,0.35232211674614544,0,Low
209.95,10023,0,0.16223480458731895,0.16223480458731895,0,Low
97.0,2917,0,0.19137464555656375,0.19137464555656375,0,Low
57.95,13481,0,0.08316792733182725,0.08316792733182725,0,Low
269.95,9749,0,0.2995263371856394,0.2995263371856394,0,Low
25.95,8320,0,0.061415168872946256,0.061415168872946256,0,Low
30.0,9043,0,0.09598214300660583,0.09598214300660583,0,Low
57.95,7826,0,0.11434688599180558,0.11434688599180558,0,Low
40.0,1906,0,0.06851202285710756,0.06851202285710756,0,Low
39.0,12932,0,0.08765171891726649,0.08765171891726649,0,Low
57.95,4806,0,0.08052846406871561,0.08052846406871561,0,Low
125.0,5073,0,0.10566178093886702,0.10566178093886702,0,Low
250.0,5957,0,0.2620035939308697,0.2620035939308697,0,Low
59.0,8528,0,0.10818963817530451,0.10818963817530451,0,Low
15.25,13378,0,0.16028323856743543,0.16028323856743543,0,Low
100.0,2803,0,0.11507011600753891,0.11507011600753891,0,Low
10.0,4063,0,0.07653135323378592,0.07653135323378592,0,Low
50.0,16873,0,0.10713420703798357,0.10713420703798357,0,Low
34.0,12839,0,0.0958652866653397,0.0958652866653397,0,Low
32.0,1078,0,0.10932299025312318,0.10932299025312318,0,Low
117.0,12572,0,0.14728796444214004,0.08837277866528402,0,Low
57.95,9500,0,0.10706231227886766,0.10706231227886766,0,Low
150.0,10836,1,0.40486064640564723,0.40486064640564723,0,Low
261.95,7919,0,0.1913690726092517,0.1913690726092517,0,Low
49.0,2377,0,0.07534974855127556,0.07534974855127556,0,Low
734.0,6105,0,0.26629906177691665,0.26629906177691665,0,Low
107.95,2039,0,0.1068744698265771,0.1068744698265771,0,Low
100.0,7585,0,0.175076064049484,0.175076064049484,0,Low
53.95,15399,0,0.0705495655693236,0.0705495655693236,0,Low
39.0,9500,0,0.12034376029813508,0.12034376029813508,0,Low
49.0,1882,0,0.10468961478860644,0.06281376887316387,0,Low
52.95,7508,0,0.11537498069073523,0.11537498069073523,0,Low
117.0,6174,0,0.17076008023939582,0.17076008023939582,0,Low
100.0,9803,0,0.17100361293095287,0.17100361293095287,0,Low
107.95,2772,0,0.12254489637228343,0.12254489637228343,0,Low
35.95,16132,0,0.10137749816753354,0.10137749816753354,0,Low
161.0,8868,0,0.14038653838649187,0.14038653838649187,0,Low
34.0,7919,0,0.04848896759771436,0.04848896759771436,0,Low
49.0,12695,0,0.14860024779479414,0.14860024779479414,0,Low
150.0,11233,1,0.25807804184709027,0.25807804184709027,0,Low
54.5,9002,0,0.15372009882225315,0.15372009882225315,0,Low
47.95,7069,0,0.06930972642092445,0.06930972642092445,0,Low
34.0,7676,0,0.12008121638802807,0.12008121638802807,0,Low
29.0,1675,0,0.09605396836619297,0.09605396836619297,0,Low
59.0,7859,0,0.12217447618739838,0.07330468571243902,0,Low
25.0,1145,0,0.11072573231639066,0.06643543938983439,0,Low
305.97,10486,0,0.4076990089328668,0.4076990089328668,0,Low
44.0,12163,1,0.10485140829363866,0.10485140829363866,0,Low
100.0,10918,0,0.13762962409891571,0.13762962409891571,0,Low
100.0,4806,0,0.13447110273857713,0.13447110273857713,0,Low
67.95,12695,0,0.1418415268701265,0.1418415268701265,0,Low
57.95,1444,0,0.08010186622225975,0.08010186622225975,0,Low
105.0,5596,0,0.12913079469788546,0.12913079469788546,0,Low
59.0,10471,0,0.09999201529343199,0.09999201529343199,0,Low
56.5,1804,0,0.08187863414317308,0.08187863414317308,0,Low
150.0,4141,0,0.4469063338277666,0.4469063338277666,0,Low
42.95,5415,0,0.1006058707767332,0.1006058707767332,0,Low
49.0,7005,0,0.11448580962919876,0.11448580962919876,0,Low
1941.44,11157,0,0.17413014777679284,0.17413014777679284,0,Low
34.0,7919,0,0.05188298557914342,0.05188298557914342,0,Low
171.0,15497,0,0.18615861429233035,0.18615861429233035,0,Low
50.0,7585,0,0.15172554924177237,0.15172554924177237,0,Low
107.95,12501,0,0.108242075067752,0.108242075067752,0,Low
49.0,13045,0,0.08213018510314303,0.08213018510314303,0,Low
219.95,16063,0,0.18018633342152987,0.18018633342152987,0,Low
821.48,1893,0,0.2523281567908074,0.2523281567908074,0,Low
420.54,2397,0,0.2480228643690522,0.1488137186214313,0,Low
171.0,4436,0,0.2100094065390678,0.2100094065390678,0,Low
15.95,12544,0,0.1433157545227405,0.1433157545227405,0,Low
209.95,9992,0,0.154269474270789,0.154269474270789,0,Low
250.0,1435,0,0.17061681336166107,0.10237008801699664,0,Low
107.95,16659,0,0.08891359491115669,0.08891359491115669,0,Low
107.95,2884,0,0.11922150872305498,0.11922150872305498,0,Low
100.0,9388,0,0.12081667247232009,0.12081667247232009,0,Low
38.95,12469,0,0.06574237508179653,0.06574237508179653,0,Low
15.0,13285,1,0.2697090953235364,0.2697090953235364,0,Low
276.0,9677,0,0.2580728715044492,0.2580728715044492,0,Low
39.0,13052,0,0.1099086783941752,0.1099086783941752,0,Low
107.95,17729,0,0.06956990083933932,0.06956990083933932,0,Low
67.95,8528,0,0.08890809587573818,0.08890809587573818,0,Low
100.0,10486,0,0.16754867282021532,0.16754867282021532,0,Low
49.0,5751,0,0.09066291262147351,0.09066291262147351,0,Low
150.0,16972,0,0.22859056971909056,0.22859056971909056,0,Low
213.0,10726,0,0.22173046568202032,0.22173046568202032,0,Low
59.0,7919,0,0.07197981213725906,0.07197981213725906,0,Low
59.0,2755,0,0.2501438855424204,0.2501438855424204,0,Low
59.0,3898,0,0.11009280257229159,0.11009280257229159,0,Low
30.95,12839,0,0.0933019244006013,0.0933019244006013,0,Low
117.0,8431,0,0.16051786743214397,0.16051786743214397,0,Low
30.0,2616,0,0.2058275463398484,0.2058275463398484,0,Low
68.95,12758,0,0.10152104302866678,0.10152104302866678,0,Low
117.0,8135,1,0.13408320248836364,0.13408320248836364,0,Low
40.0,1522,0,0.058324701959541495,0.058324701959541495,0,Low
59.0,11085,0,0.11298375758207198,0.11298375758207198,0,Low
175.0,13285,0,0.18791454557398393,0.18791454557398393,0,Low
107.95,15484,0,0.07941403990695411,0.07941403990695411,0,Low
46.5,11925,0,0.17198957939484527,0.17198957939484527,0,Low
100.0,11319,0,0.1310573285270034,0.1310573285270034,0,Low
30.0,18137,0,0.07264324299614434,0.07264324299614434,0,Low
29.0,1444,0,0.08039888889835797,0.08039888889835797,0,Low
58.95,9500,0,0.1084459015751153,0.1084459015751153,0,Low
99.95,2055,0,0.13749539338602657,0.13749539338602657,0,Low
712.95,1893,0,0.2538517491701954,0.2538517491701954,0,Low
77.0,12037,0,0.11944731891801107,0.11944731891801107,0,Low
100.0,4097,0,0.15773656731775512,0.15773656731775512,0,Low
209.95,5033,0,0.2253795267136298,0.2253795267136298,0,Low
108.5,1342,0,0.12368714763501933,0.12368714763501933,0,Low
549.99,18132,0,0.17229431798064393,0.17229431798064393,0,Low
226.0,4676,0,0.21613196921912559,0.12967918153147534,0,Low
59.0,12577,0,0.07185318268933166,0.07185318268933166,0,Low
107.95,4243,0,0.1094781795325979,0.1094781795325979,0,Low
72.0,2772,1,0.15899963900260614,0.15899963900260614,0,Low
26.95,18132,0,0.04778427568675119,0.04778427568675119,0,Low
15.0,17188,0,0.1042669768400086,0.1042669768400086,0,Low
30.95,2884,0,0.09165901977394307,0.09165901977394307,0,Low
34.0,1219,0,0.06295482626424785,0.06295482626424785,0,Low
416.94,15066,0,0.1032871981286359,0.1032871981286359,0,Low
350.95,16659,0,0.21030741564545485,0.21030741564545485,0,Low
139.95,12839,0,0.15007219328951887,0.15007219328951887,0,Low
335.0,3682,0,0.24393883090262636,0.24393883090262636,0,Low
57.95,15398,0,0.06251992274068417,0.06251992274068417,0,Low
2013.95,11106,0,0.14835960162241804,0.14835960162241804,0,Low
30.0,15497,0,0.08052709908223071,0.08052709908223071,0,Low
100.0,13964,0,0.13961484331246396,0.13961484331246396,0,Low
108.43,4648,0,0.07096051669112885,0.07096051669112885,0,Low
25.95,15851,0,0.09445516346410722,0.09445516346410722,0,Low
59.0,6663,0,0.10510365755399878,0.10510365755399878,0,Low
226.0,12364,0,0.22243686305555063,0.22243686305555063,0,Low
58.95,9500,0,0.11890086491534073,0.11890086491534073,0,Low
59.0,3343,0,0.11670961668140391,0.11670961668140391,0,Low
29.0,4121,0,0.0860901550640512,0.0860901550640512,0,Low
226.0,12996,0,0.21967058775378998,0.13180235265227397,0,Low
49.0,10871,0,0.09096978358805355,0.09096978358805355,0,Low
82.95,12839,0,0.13124778886604913,0.13124778886604913,0,Low
100.0,16132,0,0.11542970783354749,0.11542970783354749,0,Low
47.95,16313,0,0.067465143738805,0.067465143738805,0,Low
82.0,9749,0,0.15161352926478772,0.15161352926478772,0,Low
269.75,13108,0,0.22853111050168312,0.22853111050168312,0,Low
36.95,11465,0,0.06132937011973472,0.06132937011973472,0,Low
219.95,11839,0,0.19615270090126008,0.19615270090126008,0,Low
146.0,2157,0,0.21303614751287175,0.21303614751287175,0,Low
262.95,10626,0,0.26183509475811007,0.26183509475811007,0,Low
59.0,2455,0,0.13378095414936547,0.13378095414936547,0,Low
1963.95,13481,0,0.15368717570318455,0.15368717570318455,0,Low
311.95,12839,0,0.23635300468022966,0.23635300468022966,0,Low
15.95,1974,0,0.057975531641813606,0.057975531641813606,0,Low
90.0,2616,1,0.4185710671219433,0.4185710671219433,0,Low
311.95,3880,0,0.21645459279093232,0.21645459279093232,0,Low
29.0,15066,0,0.22088588477879043,0.22088588477879043,0,Low
34.0,2884,0,0.08515538389671344,0.08515538389671344,0,Low
50.0,5329,0,0.12493353773578264,0.12493353773578264,0,Low
25.95,7919,0,0.046672300631041524,0.046672300631041524,0,Low
54.0,6019,0,0.14139659421073053,0.14139659421073053,0,Low
107.95,7919,0,0.05343706546491447,0.05343706546491447,0,Low
58.95,15627,0,0.1124041761942747,0.1124041761942747,0,Low
102.0,15184,0,0.10928851756424356,0.10928851756424356,0,Low
35.95,2803,0,0.06727133221520044,0.06727133221520044,0,Low
47.95,1225,0,0.1034058483940587,0.1034058483940587,0,Low
24.5,18249,0,0.08236895700313225,0.08236895700313225,0,Low
58.95,13076,0,0.05852359569629761,0.05852359569629761,0,Low
49.0,9480,0,0.1021369115661988,0.1021369115661988,0,Low
335.0,10505,0,0.24276911584687247,0.24276911584687247,0,Low
2888.37,6741,0,0.1558633808744198,0.1558633808744198,0,Low
67.95,15368,0,0.07775985890582683,0.07775985890582683,0,Low
55.0,5033,0,0.08853151207759564,0.08853151207759564,0,Low
171.0,18249,0,0.11903986812047601,0.11903986812047601,0,Low
107.95,18132,0,0.05657977434415299,0.05657977434415299,0,Low
209.95,10616,0,0.22825043449031224,0.22825043449031224,0,Low
24.0,12544,0,0.14148257335074418,0.14148257335074418,0,Low
327.75,10057,0,0.21575388122719769,0.21575388122719769,0,Low
171.0,13481,0,0.1709423798441446,0.1709423798441446,0,Low
47.95,7919,0,0.04856729629029332,0.04856729629029332,0,Low
117.0,1807,0,0.10600350237350202,0.10600350237350202,0,Low
107.95,7508,0,0.14336569272572336,0.14336569272572336,0,Low
29.0,8119,0,0.08618597739144851,0.0517115864348691,0,Low
1104.0,8406,0,0.184302548574651,0.184302548574651,0,Low
59.0,8380,0,0.16721634557414297,0.16721634557414297,0,Low
20.0,15668,0,0.06148823610273443,0.06148823610273443,0,Low
29.0,8320,0,0.053552139818856294,0.053552139818856294,0,Low
39.0,16115,0,0.05026000612523436,0.05026000612523436,0,Low
29.0,7919,0,0.050263767141619946,0.050263767141619946,0,Low
40.0,10447,0,0.1148252756399723,0.1148252756399723,0,Low
35.95,8431,0,0.13222474635304107,0.13222474635304107,0,Low
117.0,2803,0,0.09010712701013729,0.09010712701013729,0,Low
68.95,1039,0,0.12294340320437763,0.12294340320437763,0,Low
210.95,17188,0,0.1752151487547924,0.1752151487547924,0,Low
117.0,15066,0,0.3018235264187071,0.3018235264187071,0,Low
59.0,2157,0,0.09940818245080124,0.09940818245080124,0,Low
40.0,12686,0,0.08782027950677172,0.08782027950677172,0,Low
107.95,10447,0,0.11170414324184932,0.11170414324184932,0,Low
115.0,11839,0,0.15407577339636913,0.15407577339636913,0,Low
35.95,11157,0,0.09308713354094303,0.09308713354094303,0,Low
25.0,15182,0,0.1075361153975859,0.06452166923855153,0,Low
50.0,12544,0,0.14700091609645954,0.14700091609645954,0,Low
59.0,9500,0,0.15630369375743036,0.15630369375743036,0,Low
311.95,7664,0,0.2654805569663196,0.2654805569663196,0,Low
100.0,9772,0,0.13293418220606218,0.0797605093236373,0,Low
117.0,16115,0,0.06758417042632084,0.06758417042632084,0,Low
59.0,11207,0,0.10772191620214461,0.10772191620214461,0,Low
57.95,2803,0,0.04902432569302017,0.04902432569302017,0,Low
100.0,4997,0,0.09950003174934346,0.059700019049606076,0,Low
50.0,13070,0,0.07845699777093237,0.04707419866255942,0,Low
107.0,15093,0,0.0903080548435788,0.0903080548435788,0,Low
107.95,12002,0,0.07477052424108399,0.07477052424108399,0,Low
335.0,7680,0,0.18974123964565975,0.18974123964565975,0,Low
97.0,10112,0,0.09344046222548659,0.09344046222548659,0,Low
58.95,17188,0,0.11322248557690724,0.11322248557690724,0,Low
837.4,15063,0,0.2670877990754947,0.2670877990754947,0,Low
117.0,8528,0,0.10673203685949369,0.10673203685949369,0,Low
50.0,11316,0,0.09423563257029638,0.056541379542177826,0,Low
84.95,17188,0,0.11989003575700716,0.11989003575700716,0,Low
50.0,10447,0,0.1387257844522927,0.1387257844522927,0,Low
250.0,7279,0,0.2630512118363464,0.2630512118363464,0,Low
226.0,14813,0,0.1160321215210361,0.1160321215210361,0,Low
64.649,9633,1,0.788136940723239,0.788136940723239,0,High
59.0,2616,0,0.19750866882480944,0.19750866882480944,0,Low
171.0,2803,0,0.19950054709910747,0.19950054709910747,0,Low
59.0,13511,0,0.18259323094526753,0.18259323094526753,0,Low
49.0,11207,0,0.0983356343922498,0.0983356343922498,0,Low
100.0,7035,0,0.1377755257278918,0.08266531543673508,0,Low
39.0,9559,0,0.14330542483975464,0.14330542483975464,0,Low
54.5,4436,0,0.09708231602996448,0.09708231602996448,0,Low
240.0,5291,0,0.2245431801033534,0.2245431801033534,0,Low
129.95,5341,0,0.15425692896819304,0.15425692896819304,0,Low
117.0,12544,0,0.13002230396294312,0.13002230396294312,0,Low
117.0,13614,0,0.08840190077632322,0.05304114046579393,0,Low
47.95,9500,0,0.1290282807102199,0.1290282807102199,0,Low
107.95,9323,0,0.09611928402549877,0.09611928402549877,0,Low
92.0,15066,0,0.20165897365113483,0.20165897365113483,0,Low
117.0,17188,0,0.13218543352724502,0.13218543352724502,0,Low
117.0,7207,0,0.12036522052600074,0.12036522052600074,0,Low
100.0,9766,0,0.17487284643482423,0.17487284643482423,0,Low
150.0,13844,0,0.30479682369019334,0.30479682369019334,0,Low
103.97,6598,0,0.09308546811908623,0.09308546811908623,0,Low
107.95,11839,0,0.10361646745102716,0.10361646745102716,0,Low
107.95,17188,0,0.10349450226147372,0.10349450226147372,0,Low
186.0,1675,0,0.3814428683096625,0.3814428683096625,0,Low
250.0,2744,0,0.2631099537449689,0.2631099537449689,0,Low
24.0,13780,0,0.14094056603721922,0.14094056603721922,0,Low
15.0,9500,0,0.14640019469101317,0.14640019469101317,0,Low
42.95,18132,0,0.08341489984477837,0.08341489984477837,0,Low
34.0,2072,0,0.11275935328522957,0.11275935328522957,0,Low
72.99,17131,0,0.07386036741311228,0.07386036741311228,0,Low
117.0,7919,0,0.08846345369738852,0.08846345369738852,0,Low
57.95,14290,0,0.09457040335912355,0.09457040335912355,0,Low
59.0,9175,0,0.07937661834319974,0.07937661834319974,0,Low
117.0,18018,0,0.07919264573041797,0.07919264573041797,0,Low
2726.23,5938,0,0.12117586663595445,0.12117586663595445,0,Low
35.95,12839,0,0.10784132551077966,0.10784132551077966,0,Low
57.95,17188,0,0.10206505094180342,0.10206505094180342,0,Low
150.0,16253,0,0.20067714883107435,0.20067714883107435,0,Low
150.0,15066,0,0.2216086935301785,0.2216086935301785,0,Low
117.0,5017,0,0.14439361226049516,0.14439361226049516,0,Low
117.0,7207,0,0.1160615854106848,0.1160615854106848,0,Low
15.95,5374,0,0.06677621873229059,0.06677621873229059,0,Low
226.0,12695,0,0.21736693030896304,0.21736693030896304,0,Low
117.0,13307,0,0.08100344304168561,0.08100344304168561,0,Low
57.95,18129,0,0.07888839849227106,0.07888839849227106,0,Low
39.0,17131,0,0.08495233459260104,0.08495233459260104,0,Low
27.97,6081,0,0.08742328939816132,0.08742328939816132,0,Low
100.0,7585,0,0.1485028415994227,0.1485028415994227,0,Low
171.0,17458,0,0.2018011724333715,0.2018011724333715,0,Low
97.0,16132,0,0.11678897815151251,0.11678897815151251,0,Low
82.95,1333,0,0.11576685141793577,0.11576685141793577,0,Low
47.95,18018,0,0.05931713141059635,0.05931713141059635,0,Low
20.0,13108,0,0.06192353953920329,0.06192353953920329,0,Low
186.0,2455,0,0.2530668215425758,0.2530668215425758,0,Low
50.0,10486,0,0.1378698716880353,0.1378698716880353,0,Low
117.0,17635,0,0.15687876765921493,0.15687876765921493,0,Low
112.99,12570,0,0.1395325970789667,0.1395325970789667,0,Low
55.5,10924,0,0.08287036216546208,0.08287036216546208,0,Low
151.0,17188,0,0.18730843123156202,0.18730843123156202,0,Low
30.95,12235,0,0.1426244819680219,0.1426244819680219,0,Low
82.0,16986,0,0.12328888516125844,0.12328888516125844,0,Low
59.0,2884,0,0.14075612547226868,0.14075612547226868,0,Low
350.0,9056,1,0.30505216704816374,0.30505216704816374,0,Low
117.0,2994,0,0.1384265267918489,0.1384265267918489,0,Low
117.0,17188,0,0.133508515340359,0.133508515340359,0,Low
130.5,4490,0,0.13770958801767802,0.13770958801767802,0,Low
12.5,8320,0,0.06664032741638544,0.06664032741638544,0,Low
151.95,7782,0,0.1671027681995188,0.1671027681995188,0,Low
59.0,7861,0,0.16721634557414297,0.16721634557414297,0,Low
200.0,10486,0,0.3476656668829758,0.3476656668829758,1,Low
35.95,11919,0,0.08145760337961694,0.08145760337961694,0,Low
59.0,16437,0,0.10057555875309312,0.10057555875309312,0,Low
161.0,12974,0,0.18653098123201942,0.11191858873921165,0,Low
30.95,1942,0,0.0764087338864801,0.04584524033188806,0,Low
88.5,18132,0,0.11657516985951505,0.11657516985951505,0,Low
44.0,2994,0,0.10390933985483713,0.10390933985483713,0,Low
67.95,12570,0,0.1281180037839632,0.1281180037839632,0,Low
72.0,10486,0,0.15628358436847942,0.15628358436847942,0,Low
25.0,10447,0,0.11388333614827463,0.11388333614827463,0,Low
25.0,2884,0,0.0967314185484958,0.0967314185484958,0,Low
150.0,1365,0,0.24589302629838464,0.24589302629838464,0,Low
226.0,10112,0,0.15026342566660408,0.15026342566660408,0,Low
110.0,15775,0,0.016554351933616866,0.016554351933616866,0,Low
30.0,3962,0,0.1930362290167231,0.1930362290167231,0,Low
107.95,7861,0,0.14683154790657404,0.14683154790657404,0,Low
70.0,12260,0,0.10924587475634505,0.10924587475634505,0,Low
445.0,2692,0,0.2121298308810481,0.2121298308810481,0,Low
12.97,13810,0,0.07962743856531476,0.07962743856531476,0,Low
59.0,8409,0,0.15831219921613146,0.15831219921613146,0,Low
29.0,12382,0,0.13088636367930992,0.13088636367930992,0,Low
136.0,7919,0,0.06839744535214468,0.06839744535214468,0,Low
10.0,18132,0,0.07619041408994266,0.07619041408994266,0,Low
150.0,6019,0,0.266572447067787,0.266572447067787,0,Low
35.95,2300,0,0.10380722063114776,0.10380722063114776,0,Low
72.95,6236,0,0.1027027481232929,0.1027027481232929,0,Low
29.0,17475,0,0.07709089668358818,0.07709089668358818,0,Low
25.0,3278,0,0.0918886178860231,0.0918886178860231,0,Low
200.0,1592,0,0.24923396529784714,0.24923396529784714,0,Low
409.95,2560,0,0.4167299219515702,0.4167299219515702,0,Low
57.95,16661,0,0.0937432703796426,0.0937432703796426,0,Low
60.0,7919,0,0.07435288872638375,0.07435288872638375,0,Low
107.95,8320,0,0.05614813042173148,0.05614813042173148,0,Low
88.0,16661,0,0.14069863458838477,0.14069863458838477,0,Low
365.15,15066,0,0.1643742162530336,0.1643742162530336,0,Low
141.0,13108,0,0.20099855480042808,0.20099855480042808,0,Low
59.0,1939,0,0.15285635141910114,0.15285635141910114,0,Low
49.0,6358,0,0.09400596937404064,0.09400596937404064,0,Low
59.0,12382,0,0.1563682085990317,0.1563682085990317,0,Low
589.37,8333,0,0.2412780358405467,0.2412780358405467,0,Low
100.0,1724,0,0.15814009182375569,0.15814009182375569,0,Low
90.0,2803,0,0.14142089550775602,0.14142089550775602,0,Low
18.508,9633,0,0.25908550851590656,0.25908550851590656,0,Low
159.95,7005,0,0.17119042979460786,0.17119042979460786,0,Low
49.0,10023,0,0.11451929847164853,0.11451929847164853,0,Low
33.48,2392,0,0.06373878129247826,0.06373878129247826,0,Low
280.0,7063,0,0.18908655036314742,0.18908655036314742,0,Low
226.0,7861,0,0.22533075353658755,0.22533075353658755,0,Low
44.0,4030,0,0.07983402712481827,0.07983402712481827,0,Low
87.95,10112,0,0.08241867988260079,0.08241867988260079,0,Low
107.95,11207,0,0.12182961531614245,0.12182961531614245,0,Low
117.0,7585,0,0.18899025868992694,0.18899025868992694,0,Low
92.0,10409,0,0.10730291237180788,0.10730291237180788,0,Low
82.95,1678,0,0.1437646311987235,0.1437646311987235,0,Low
100.0,11454,0,0.11634892856483807,0.11634892856483807,0,Low
56.0,18132,0,0.060099012044185086,0.060099012044185086,0,Low
107.95,11207,0,0.12505581001110427,0.12505581001110427,0,Low
29.0,16659,0,0.083109669656345,0.083109669656345,0,Low
100.0,2421,0,0.09332237587365887,0.09332237587365887,0,Low
35.95,5033,0,0.07995042759219968,0.07995042759219968,0,Low
231.95,16631,0,0.19053557723963724,0.19053557723963724,0,Low
75.0,13526,0,0.10664231353901793,0.10664231353901793,0,Low
57.95,5606,0,0.0621070310126406,0.0621070310126406,0,Low
87.0,6844,0,0.1543292319618469,0.1543292319618469,0,Low
222.0,17188,0,0.19310965150007217,0.19310965150007217,0,Low
107.95,9537,0,0.20981400299585293,0.20981400299585293,0,Low
59.0,7580,0,0.15868625189860108,0.09521175113916065,0,Low
49.0,15066,0,0.14869301212290886,0.14869301212290886,0,Low
54.0,5160,0,0.10716930694234444,0.10716930694234444,0,Low
48.95,1974,0,0.062259329850441365,0.062259329850441365,0,Low
47.95,10113,0,0.08602323796005606,0.08602323796005606,0,Low
26.5,15453,0,0.08849522463756675,0.08849522463756675,0,Low
554.0,7919,0,0.14895896432819744,0.14895896432819744,0,Low
49.0,14426,0,0.12558860552448736,0.12558860552448736,0,Low
59.0,13426,0,0.15020867586611028,0.09012520551966617,0,Low
47.95,14712,0,0.07520660397908961,0.07520660397908961,0,Low
43.97,7680,0,0.1172912263313945,0.1172912263313945,0,Low
761.95,10112,0,0.23095195663789603,0.23095195663789603,0,Low
226.0,9500,0,0.24333776382202923,0.24333776382202923,0,Low
52.95,16081,0,0.10233388502997878,0.10233388502997878,0,Low
33.0,2994,0,0.10058488587367026,0.10058488587367026,0,Low
117.0,5938,0,0.10665515461439033,0.10665515461439033,0,Low
40.0,15385,0,0.10054034951581928,0.10054034951581928,0,Low
59.0,8140,0,0.15442163069143627,0.15442163069143627,0,Low
29.0,14410,0,0.06581840202403227,0.06581840202403227,0,Low
209.95,8113,0,0.1851051063167721,0.1851051063167721,0,Low
50.0,14025,0,0.0951014251245233,0.0951014251245233,0,Low
150.0,15063,0,0.35144870216099505,0.35144870216099505,0,Low
527.0,1430,0,0.22842935395042752,0.13705761237025652,0,Low
108.5,11919,0,0.09537612203503779,0.09537612203503779,0,Low
34.0,18018,0,0.06364287106484884,0.06364287106484884,0,Low
99.95,15185,0,0.10095278320312064,0.10095278320312064,0,Low
57.95,8691,0,0.027882985945017983,0.027882985945017983,0,Low
65.0,2336,0,0.09774380698045503,0.09774380698045503,0,Low
97.0,9002,0,0.18191303712708812,0.18191303712708812,0,Low
107.95,16661,0,0.11337479126000659,0.11337479126000659,0,Low
57.95,14259,0,0.09254233483205365,0.09254233483205365,0,Low
59.0,3771,0,0.09852149513337027,0.09852149513337027,0,Low
25.0,2755,0,0.15134934680269538,0.15134934680269538,0,Low
117.0,7919,0,0.06101650614965538,0.06101650614965538,0,Low
15.95,10447,0,0.12411137551847697,0.12411137551847697,0,Low
35.95,7810,0,0.08504067698100862,0.05102440618860517,0,Low
39.0,12544,0,0.13944639919700386,0.13944639919700386,0,Low
325.86,12308,0,0.17641477646186587,0.17641477646186587,0,Low
50.0,12581,0,0.10648845541186262,0.10648845541186262,0,Low
58.95,8113,0,0.07437286462554375,0.07437286462554375,0,Low
107.95,10057,0,0.09753238162142447,0.09753238162142447,0,Low
25.0,17261,0,0.07084664648053607,0.04250798788832164,0,Low
345.0,9500,0,0.27050072319381646,0.27050072319381646,0,Low
240.0,1804,0,0.20956812061798968,0.20956812061798968,0,Low
125.0,7585,0,0.1750526628332264,0.1750526628332264,0,Low
171.0,16075,0,0.48830891981640684,0.48830891981640684,0,Medium
49.0,8174,0,0.1444557933939728,0.1444557933939728,0,Low
49.0,12598,1,0.12860886038381097,0.12860886038381097,0,Low
200.0,3168,0,0.27611094629112864,0.16566656777467717,0,Low
226.0,11364,0,0.25176002977797907,0.15105601786678743,0,Low
107.95,12389,0,0.07252378835885087,0.07252378835885087,0,Low
107.95,12501,0,0.108242075067752,0.108242075067752,0,Low
107.95,4141,0,0.090823467644722,0.090823467644722,0,Low
196.0,10750,0,0.20666027554661714,0.20666027554661714,0,Low
97.0,11218,1,0.4065567322744617,0.4065567322744617,0,Low
28.95,16560,0,0.03916158588298509,0.03916158588298509,0,Low
50.0,11207,0,0.1442393743373055,0.1442393743373055,0,Low
108.5,12695,0,0.12322044389390159,0.12322044389390159,0,Low
26.95,15484,0,0.08748869486322972,0.08748869486322972,0,Low
255.0,5131,0,0.10401011024877266,0.10401011024877266,0,Low
54.5,6615,0,0.19261943930946474,0.19261943930946474,0,Low
24.0,12598,0,0.08853326840068748,0.08853326840068748,0,Low
107.95,14643,0,0.08284423597270134,0.08284423597270134,0,Low
92.0,7826,0,0.13899513970839952,0.13899513970839952,0,Low
35.95,5033,0,0.12371132268889727,0.12371132268889727,0,Low
67.95,12695,0,0.1418415268701265,0.1418415268701265,0,Low
57.95,13833,0,0.08328287504286523,0.08328287504286523,0,Low
82.95,2803,0,0.1466876297438225,0.1466876297438225,0,Low
330.99,14183,0,0.20551977946131356,0.20551977946131356,0,Low
218.0,4067,0,0.20074520733589293,0.20074520733589293,0,Low
311.95,12544,0,0.24801792706527642,0.24801792706527642,0,Low
59.0,12361,0,0.16433133955599863,0.16433133955599863,0,Low
226.0,6053,0,0.15898800457221923,0.15898800457221923,0,Low
100.0,16659,0,0.11738862192189528,0.11738862192189528,0,Low
117.0,17304,0,0.1481262357861396,0.1481262357861396,0,Low
55.95,11960,0,0.08026654995037012,0.08026654995037012,0,Low
117.0,16734,0,0.13931472702743575,0.13931472702743575,0,Low
39.0,10112,0,0.05793923336544746,0.05793923336544746,0,Low
57.95,4578,0,0.06324073434491546,0.06324073434491546,0,Low
25.0,15333,0,0.059150033616486776,0.059150033616486776,0,Low
100.0,13780,0,0.15315144067294295,0.15315144067294295,0,Low
107.0,2581,0,0.1253436333616592,0.1253436333616592,0,Low
300.0,10791,0,0.33250385531452786,0.33250385531452786,1,Low
107.95,15497,0,0.10173765440038612,0.10173765440038612,0,Low
1248.79,10486,0,0.25176278820555187,0.25176278820555187,0,Low
59.0,12501,0,0.13421548701487426,0.13421548701487426,0,Low
48.95,1444,0,0.1051060330451778,0.1051060330451778,0,Low
50.0,16287,0,0.09172303380126316,0.05503382028075789,0,Low
171.0,6530,0,0.09357659565458082,0.09357659565458082,0,Low
59.0,11596,0,0.08204361513610549,0.08204361513610549,0,Low
35.95,10748,0,0.18460260190623057,0.18460260190623057,0,Low
117.0,15497,0,0.12617926612695066,0.12617926612695066,0,Low
59.0,2333,0,0.07948977218513026,0.07948977218513026,0,Low
29.0,12501,0,0.08845806446748179,0.08845806446748179,0,Low
118.19,10616,0,0.29052064507687375,0.29052064507687375,0,Low
117.0,12839,0,0.1383485431002511,0.1383485431002511,0,Low
39.0,17188,0,0.11238423179335814,0.11238423179335814,0,Low
97.0,2517,1,0.1526404196648342,0.22491758513223384,0,Low
107.0,2884,0,0.14272843211605737,0.14272843211605737,0,Low
29.0,5291,0,0.10374565656433817,0.10374565656433817,0,Low
117.0,6530,0,0.08029647228235623,0.08029647228235623,0,Low
34.5,7919,0,0.07534058291099607,0.07534058291099607,0,Low
68.95,1078,0,0.15618129050349291,0.15618129050349291,0,Low
80.0,2884,0,0.1364778425701276,0.1364778425701276,0,Low
50.0,3681,0,0.10308958372195023,0.10308958372195023,0,Low
3190.0,9500,1,0.4166930856923001,0.4166930856923001,0,Low
58.95,4090,0,0.08323649091368181,0.08323649091368181,0,Low
107.95,15333,0,0.1191254705865547,0.1191254705865547,0,Low
35.95,7919,0,0.06002036245274134,0.06002036245274134,0,Low
34.0,1342,0,0.10552836502038054,0.10552836502038054,0,Low
42.95,15236,0,0.08214102777155154,0.08214102777155154,0,Low
49.0,12839,1,0.11642308545139829,0.11642308545139829,0,Low
40.0,10370,0,0.14143567021088466,0.14143567021088466,0,Low
34.0,9500,0,0.12141968462784498,0.12141968462784498,0,Low
25.0,12501,0,0.10869139838399126,0.10869139838399126,0,Low
404.95,15497,0,0.24849121277831127,0.24849121277831127,0,Low
944.95,11653,0,0.2632702073905818,0.2632702073905818,0,Low
57.95,9485,0,0.08145980884580363,0.08145980884580363,0,Low
59.0,2803,0,0.0638470314505532,0.0638470314505532,0,Low
115.0,1342,0,0.12951603811331222,0.12951603811331222,0,Low
57.95,4436,0,0.07536503773924996,0.07536503773924996,0,Low
97.0,5008,0,0.13450865117029323,0.08070519070217594,0,Low
35.95,10846,0,0.08768896751002052,0.08768896751002052,0,Low
67.95,2146,0,0.1001316305078621,0.1001316305078621,0,Low
59.0,3821,0,0.09312260207515224,0.09312260207515224,0,Low
30.95,7508,0,0.12366978854216905,0.12366978854216905,0,Low
49.0,17399,0,0.09098980141651201,0.09098980141651201,0,Low
42.95,8765,0,0.07733232975928028,0.07733232975928028,0,Low
39.0,8317,0,0.1400424824698949,0.1400424824698949,0,Low
28.95,7069,0,0.09529010025336124,0.09529010025336124,0,Low
171.0,12695,0,0.20785589351605752,0.20785589351605752,0,Low
15.95,12577,0,0.057906773136364297,0.057906773136364297,0,Low
59.0,7135,0,0.07594724165889848,0.07594724165889848,0,Low
25.0,16676,0,0.05923040063097929,0.05923040063097929,0,Low
227.56,15847,0,0.17212220845068266,0.17212220845068266,0,Low
31.5,7919,0,0.055832026183299154,0.055832026183299154,0,Low
29.0,9500,0,0.11568426533931282,0.11568426533931282,0,Low
117.0,3278,0,0.1413727693496802,0.1413727693496802,0,Low
47.95,15651,0,0.10759529907496188,0.10759529907496188,0,Low
125.0,2748,0,0.10113415762842863,0.10113415762842863,0,Low
50.0,17060,0,0.09972788861660778,0.09972788861660778,0,Low
280.0,13108,0,0.26264234852783397,0.26264234852783397,0,Low
107.95,2803,0,0.07797080450539734,0.07797080450539734,0,Low
50.0,16676,0,0.06511279982811322,0.06511279982811322,0,Low
15.0,16132,0,0.10085379922331249,0.10085379922331249,0,Low
59.0,5492,0,0.08079450259422323,0.08079450259422323,0,Low
117.0,2157,0,0.10779483226514945,0.10779483226514945,0,Low
49.0,2803,0,0.06277718428588756,0.06277718428588756,0,Low
25.95,6530,0,0.05772078453833908,0.05772078453833908,0,Low
107.95,13301,0,0.0986837709533555,0.0986837709533555,0,Low
58.95,11839,0,0.08566034700931857,0.08566034700931857,0,Low
311.95,4030,1,0.2600639102088038,0.2600639102088038,0,Low
46.95,9992,0,0.06587490839659789,0.06587490839659789,0,Low
24.0,1039,0,0.08044420220369693,0.08044420220369693,0,Low
40.95,1450,0,0.05737624003043188,0.05737624003043188,0,Low
100.0,4966,0,0.08451864663627688,0.08451864663627688,0,Low
106.0,15775,0,0.01418082020733279,0.01418082020733279,0,Low
117.0,8468,0,0.10968355966360545,0.10968355966360545,0,Low
59.0,7815,0,0.0765371305346385,0.0765371305346385,0,Low
30.0,7508,0,0.1239104624290523,0.1239104624290523,0,Low
57.95,5254,0,0.06982618124141082,0.06982618124141082,0,Low
685.95,15063,0,0.3377326255940843,0.3377326255940843,1,Low
29.5,12210,0,0.06368294807770819,0.038209768846624914,0,Low
280.0,7919,0,0.15739253803141046,0.15739253803141046,0,Low
39.0,7862,0,0.08563387854872502,0.08563387854872502,0,Low
102.95,11207,0,0.13818869443833592,0.13818869443833592,0,Low
29.95,15224,0,0.05294323275308596,0.05294323275308596,0,Low
45.95,15986,0,0.04959850818218075,0.04959850818218075,0,Low
171.0,14649,1,0.3064466280785692,0.3064466280785692,0,Low
171.0,12866,0,0.19334784316382628,0.19334784316382628,0,Low
107.95,6174,0,0.15826584187835294,0.15826584187835294,0,Low
34.5,17188,0,0.10323391546021687,0.10323391546021687,0,Low
57.95,16560,0,0.05137892366038109,0.05137892366038109,0,Low
100.0,7202,0,0.09468885951736106,0.09468885951736106,0,Low
30.0,14128,0,0.0798922417429358,0.0798922417429358,0,Low
67.95,5700,0,0.06784611634520864,0.06784611634520864,0,Low
39.0,15066,0,0.20605156484039427,0.20605156484039427,0,Low
151.0,7585,0,0.2533223906964098,0.2533223906964098,0,Low
57.95,15484,0,0.0761959622284079,0.0761959622284079,0,Low
40.0,11218,0,0.10807837775522668,0.10807837775522668,0,Low
107.95,2772,0,0.12534723708286158,0.12534723708286158,0,Low
77.0,10616,0,0.26510629624142956,0.26510629624142956,0,Low
50.0,7063,0,0.16516274271981335,0.16516274271981335,0,Low
50.0,12501,0,0.1203489622032798,0.1203489622032798,0,Low
34.0,12544,0,0.14333774783225317,0.14333774783225317,0,Low
108.95,2884,0,0.12687689621002546,0.12687689621002546,0,Low
360.95,9112,0,0.23769424762597502,0.23769424762597502,0,Low
300.0,1724,0,0.3329743830013971,0.3329743830013971,1,Low
117.0,15757,0,0.15179544911237344,0.15179544911237344,0,Low
39.0,5700,0,0.06490767005730215,0.06490767005730215,0,Low
39.0,18036,0,0.06866315721071008,0.06866315721071008,0,Low
150.0,3682,0,0.22223437889003786,0.22223437889003786,0,Low
92.0,2845,0,0.1021791025063805,0.1021791025063805,0,Low
20.0,17131,0,0.07765845371104645,0.07765845371104645,0,Low
100.0,7585,0,0.17969891030695517,0.17969891030695517,0,Low
57.95,14842,0,0.0539597334051024,0.0539597334051024,0,Low
200.0,18227,1,0.3076674167714461,0.3076674167714461,0,Low
29.0,11839,0,0.10833824621060152,0.10833824621060152,0,Low
57.95,12141,0,0.09946008832001343,0.09946008832001343,0,Low
107.95,10267,0,0.053710252734603454,0.053710252734603454,0,Low
50.0,13964,0,0.11490944720568949,0.11490944720568949,0,Low
171.0,15066,0,0.2095149956478356,0.2095149956478356,0,Low
554.0,4141,0,0.41152733441549066,0.41152733441549066,0,Low
100.0,16075,0,0.15743049048619637,0.15743049048619637,0,Low
226.0,7835,0,0.20215905096440356,0.20215905096440356,0,Low
206.0,6174,0,0.2247134053206449,0.2247134053206449,0,Low
47.95,3808,0,0.1009520761341843,0.1009520761341843,0,Low
219.95,15066,0,0.19442135787484718,0.19442135787484718,0,Low
107.95,1675,0,0.12692417995805388,0.12692417995805388,0,Low
117.0,1424,0,0.1471079652686795,0.0882647791612077,0,Low
47.95,16560,0,0.047383212290314204,0.047383212290314204,0,Low
117.0,1078,0,0.15827622970803637,0.15827622970803637,0,Low
80.95,6019,0,0.17204666686055348,0.17204666686055348,0,Low
67.95,13366,0,0.15092477361533388,0.15092477361533388,0,Low
39.0,12577,0,0.06056741969086374,0.06056741969086374,0,Low
57.95,10989,0,0.04832788434944292,0.04832788434944292,0,Low
171.0,10104,0,0.17757674040661273,0.17757674040661273,0,Low
57.0,9098,0,0.10392020926583394,0.10392020926583394,0,Low
250.0,16426,0,0.14501063988348983,0.14501063988348983,0,Low
150.0,17188,0,0.27706158745250387,0.27706158745250387,0,Low
59.0,2455,0,0.15003109073245166,0.15003109073245166,0,Low
117.0,11716,1,0.370360235056377,0.370360235056377,0,Low
250.0,10616,0,0.2577992091890808,0.2577992091890808,0,Low
583.73,15066,0,0.09693492350588347,0.09693492350588347,0,Low
117.0,2392,0,0.09676989266440027,0.09676989266440027,0,Low
250.0,10904,0,0.22747607083173488,0.22747607083173488,0,Low
57.95,17131,0,0.05559419015639477,0.05559419015639477,0,Low
107.95,4527,0,0.13245500912990046,0.13245500912990046,0,Low
57.95,6635,0,0.09145086613732747,0.09145086613732747,0,Low
20.0,15010,0,0.10170469047349227,0.10170469047349227,0,Low
97.95,7638,0,0.07432148338930561,0.07432148338930561,0,Low
107.95,17926,0,0.09593608167214221,0.09593608167214221,0,Low
59.0,12133,0,0.09533044438070473,0.09533044438070473,0,Low
27.95,3166,0,0.05563029810917341,0.05563029810917341,0,Low
57.95,6170,0,0.09291265892053074,0.09291265892053074,0,Low
107.95,7919,0,0.05295265837348536,0.05295265837348536,0,Low
54.5,12695,0,0.0989247401440516,0.0989247401440516,0,Low
159.95,7919,0,0.12017481369254815,0.12017481369254815,0,Low
50.0,6019,0,0.1312033370249359,0.1312033370249359,0,Low
83.5,7919,0,0.09712942263111428,0.09712942263111428,0,Low
100.0,16659,0,0.10454005956762,0.10454005956762,0,Low
15.0,5290,0,0.06887640157005091,0.06887640157005091,0,Low
200.0,7585,0,0.24301928068829515,0.24301928068829515,0,Low
44.0,7919,0,0.06634236771364911,0.06634236771364911,0,Low
171.0,16132,0,0.13262905213059054,0.13262905213059054,0,Low
39.0,1039,0,0.09194396240892898,0.09194396240892898,0,Low
141.0,4251,0,0.30707103582180406,0.30707103582180406,0,Low
25.0,17188,0,0.0972392496963108,0.0972392496963108,0,Low
49.0,7861,0,0.1333020521463927,0.1333020521463927,0,Low
52.95,8037,0,0.0907211453433549,0.0907211453433549,0,Low
97.0,9537,0,0.23204013341392243,0.23204013341392243,0,Low
25.0,11653,0,0.11996081350614424,0.11996081350614424,0,Low
107.95,7664,0,0.15071361239027678,0.15071361239027678,0,Low
59.0,14118,0,0.1461338586655523,0.08768031519933138,0,Low
39.0,15651,0,0.10994931886894134,0.10994931886894134,0,Low
640.24,7353,0,0.3435783067291427,0.3435783067291427,1,Low
336.95,3148,0,0.24392938968585404,0.24392938968585404,0,Low
311.95,14367,0,0.2330936009654945,0.2330936009654945,0,Low
117.0,2581,0,0.09128729066387649,0.09128729066387649,0,Low
250.0,15063,0,0.37673584398525045,0.37673584398525045,0,Low
226.0,16473,0,0.13235558517120952,0.13235558517120952,0,Low
161.0,14216,0,0.2507017266963873,0.2507017266963873,0,Low
59.0,2392,0,0.09686997627060545,0.09686997627060545,0,Low
58.95,13534,0,0.06257400183549466,0.06257400183549466,0,Low
107.95,6051,0,0.12018177269806142,0.12018177269806142,0,Low
39.0,7919,0,0.05189379418935408,0.05189379418935408,0,Low
87.95,15290,0,0.11046792437953347,0.11046792437953347,0,Low
317.5,17188,0,0.23644396611156687,0.23644396611156687,0,Low
210.23,9633,0,0.20239733825034545,0.20239733825034545,0,Low
29.0,11465,0,0.0675649302215775,0.0675649302215775,0,Low
159.95,15385,0,0.1165058445081083,0.1165058445081083,0,Low
44.0,13374,0,0.11143456084227747,0.11143456084227747,0,Low
75.0,4078,1,0.23353006141531327,0.4829751797063308,1,Medium
147.0,14310,0,0.17975210277467976,0.17975210277467976,0,Low
115.0,10011,0,0.2460440723989657,0.2460440723989657,0,Low
311.95,4067,0,0.2607222542001969,0.2607222542001969,0,Low
50.0,8148,0,0.06486998056252258,0.06486998056252258,0,Low
224.0,5409,0,0.22082527680931785,0.22082527680931785,0,Low
100.0,15406,0,0.10979033178824464,0.10979033178824464,0,Low
40.0,3682,0,0.07203683320809541,0.07203683320809541,0,Low
107.95,16177,0,0.09951842071765102,0.09951842071765102,0,Low
87.0,15066,1,0.16153812640996965,0.16153812640996965,0,Low
241.95,15712,0,0.1927866624506833,0.11567199747040997,0,Low
64.95,10186,0,0.15218279960980627,0.15218279960980627,0,Low
774.0,11027,0,0.20269415047912298,0.20269415047912298,0,Low
21.95,2255,0,0.10444772240203486,0.10444772240203486,0,Low
48.95,12469,0,0.07034287755203461,0.07034287755203461,0,Low
87.95,17913,0,0.116849363184373,0.116849363184373,0,Low
57.95,10023,0,0.08335202358661967,0.08335202358661967,0,Low
58.95,11218,0,0.19662375963098394,0.19662375963098394,0,Low
107.95,13457,0,0.09517869391759644,0.09517869391759644,0,Low
44.5,10023,0,0.11166651229065129,0.11166651229065129,0,Low
47.95,2746,0,0.07036000642221495,0.07036000642221495,0,Low
100.0,17698,0,0.10432118626947627,0.10432118626947627,0,Low
37.0,3343,0,0.09142397918624762,0.09142397918624762,0,Low
75.0,15863,0,0.07865421574824004,0.07865421574824004,0,Low
129.95,5751,0,0.1124222373545925,0.1124222373545925,0,Low
664.0,17188,0,0.24904119090671947,0.24904119090671947,0,Low
183.95,2803,0,0.18799250485977076,0.18799250485977076,0,Low
82.0,1682,0,0.16607282003411708,0.16607282003411708,0,Low
59.0,2581,0,0.13122215554830055,0.13122215554830055,0,Low
25.0,13236,0,0.12417396406587419,0.07450437843952451,0,Low
54.5,17055,0,0.07074677800481295,0.07074677800481295,0,Low
35.95,11839,0,0.09468985449965864,0.09468985449965864,0,Low
26.95,10104,0,0.06125248794726921,0.06125248794726921,0,Low
75.0,13844,0,0.1898876152659768,0.1898876152659768,0,Low
35.95,12895,0,0.06932827422074384,0.06932827422074384,0,Low
49.0,4663,0,0.09505411851591987,0.09505411851591987,0,Low
108.5,16972,0,0.0917971857029388,0.0917971857029388,0,Low
87.0,18035,0,0.14872110596812993,0.14872110596812993,0,Low
209.95,15497,0,0.1684451577461528,0.1684451577461528,0,Low
429.95,7005,0,0.24828286044648118,0.24828286044648118,0,Low
97.0,7919,0,0.10299547005452869,0.10299547005452869,0,Low
59.0,14741,0,0.09805862766142721,0.09805862766142721,0,Low
265.0,14025,0,0.22705681573035427,0.22705681573035427,0,Low
77.95,17400,0,0.14531659325170804,0.14531659325170804,0,Low
209.95,12063,0,0.15099150248712692,0.15099150248712692,0,Low
118.02,6530,0,0.0647913082508379,0.0647913082508379,0,Low
134.95,7676,0,0.15592489416333394,0.15592489416333394,0,Low
43.95,17188,0,0.11646883629636912,0.11646883629636912,0,Low
47.95,7919,0,0.05540201659022276,0.05540201659022276,0,Low
67.95,14259,0,0.12106404300684774,0.12106404300684774,0,Low
83.95,18249,0,0.0741591872461923,0.0741591872461923,0,Low
25.0,6288,0,0.09787594295561028,0.09787594295561028,0,Low
57.95,10447,0,0.09178400596165286,0.09178400596165286,0,Low
25.0,10960,0,0.06946323634999896,0.06946323634999896,0,Low
50.0,9803,0,0.17819165946662185,0.17819165946662185,0,Low
107.95,4747,0,0.10272542554778524,0.061635255328671146,0,Low
113.0,7919,0,0.06763642770144519,0.06763642770144519,0,Low
39.0,1877,0,0.0942925534562275,0.0942925534562275,0,Low
107.95,7585,0,0.1406534178005171,0.1406534178005171,0,Low
554.0,4571,0,0.1527624594890687,0.1527624594890687,0,Low
26.95,5291,0,0.1037032153571783,0.1037032153571783,0,Low
40.0,15651,0,0.112501415569589,0.112501415569589,0,Low
39.0,16560,0,0.06839204446631,0.06839204446631,0,Low
57.95,8135,0,0.08649832591487694,0.08649832591487694,0,Low
23.95,16661,0,0.09679594829717697,0.09679594829717697,0,Low
834.0,7585,0,0.2899308186821379,0.2899308186821379,0,Low
36.95,12097,0,0.10854181043263851,0.10854181043263851,0,Low
226.0,9992,0,0.14878695846752957,0.14878695846752957,0,Low
107.95,15066,0,0.10185937142582573,0.10185937142582573,0,Low
39.0,7508,0,0.12244721279564817,0.12244721279564817,0,Low
117.0,7919,0,0.07121851638109923,0.07121851638109923,0,Low
100.0,16972,0,0.11282480707395814,0.11282480707395814,0,Low
213.0,9002,0,0.20102867534191102,0.20102867534191102,0,Low
49.0,12695,0,0.10631727984436638,0.10631727984436638,0,Low
54.5,9500,0,0.12604296292111164,0.12604296292111164,0,Low
107.95,7919,0,0.05591326519425538,0.05591326519425538,0,Low
57.95,1991,0,0.0647526400875369,0.0647526400875369,0,Low
107.95,5690,0,0.13810377789405703,0.13810377789405703,0,Low
57.95,18132,0,0.047478953399201516,0.047478953399201516,0,Low
154.97,12469,0,0.10641116094065499,0.10641116094065499,0,Low
107.95,9485,0,0.10692746663965559,0.10692746663965559,0,Low
53.95,8333,0,0.06272183802812757,0.06272183802812757,0,Low
47.95,13374,0,0.0800894604628386,0.0800894604628386,0,Low
226.0,15813,0,0.15996250656308178,0.15996250656308178,0,Low
25.0,2803,0,0.0591158321498864,0.0591158321498864,0,Low
250.0,6019,0,0.32959534018623127,0.32959534018623127,1,Low
117.0,4030,0,0.14486924842711135,0.14486924842711135,0,Low
47.95,2518,0,0.10823982138143375,0.10823982138143375,0,Low
150.0,4096,0,0.21391139891910116,0.21391139891910116,0,Low
97.0,18103,0,0.13427325888385475,0.13427325888385475,0,Low
39.0,7508,0,0.1062428391989858,0.1062428391989858,0,Low
117.0,7919,0,0.09637525346285351,0.09637525346285351,0,Low
15.45,17782,0,0.026529825293846662,0.026529825293846662,0,Low
209.95,2884,0,0.2050612148277495,0.2050612148277495,0,Low
92.0,11157,1,0.13876228269924418,0.13876228269924418,0,Low
68.5,11181,0,0.1403186562611545,0.1403186562611545,0,Low
15.95,3181,0,0.06700361922586281,0.06700361922586281,0,Low
57.95,17399,0,0.06298524328532813,0.06298524328532813,0,Low
117.0,7919,0,0.07039961400196008,0.07039961400196008,0,Low
36.95,7585,0,0.17976482476067507,0.17976482476067507,0,Low
107.95,1333,0,0.11298897840120943,0.11298897840120943,0,Low
107.95,11963,0,0.10943306428458564,0.10943306428458564,0,Low
600.0,9323,0,0.2154102358419443,0.2154102358419443,0,Low
8.0,1675,0,0.10753297116720165,0.10753297116720165,0,Low
258.95,6156,0,0.16979625568958523,0.16979625568958523,0,Low
50.0,18375,0,0.16299245215066221,0.16299245215066221,0,Low
265.0,1563,0,0.18771288946186207,0.18771288946186207,0,Low
34.0,9500,0,0.13383496425713406,0.13383496425713406,0,Low
59.0,3757,0,0.10891639461681421,0.10891639461681421,0,Low
25.0,15063,0,0.0831775699341093,0.0831775699341093,0,Low
25.135,16040,0,0.05600419436062185,0.03360251661637311,0,Low
29.0,2884,0,0.09917686256521202,0.09917686256521202,0,Low
117.0,9365,0,0.1412336323360144,0.1412336323360144,0,Low
47.95,13813,0,0.08728327303339796,0.08728327303339796,0,Low
57.95,9112,0,0.09304506979509769,0.09304506979509769,0,Low
117.0,14653,0,0.07354630594322878,0.07354630594322878,0,Low
41.99,2884,0,0.10035896153469093,0.10035896153469093,0,Low
77.0,18132,0,0.07592431746360993,0.07592431746360993,0,Low
1436.0,7585,0,0.2066409771157518,0.2066409771157518,0,Low
47.95,16659,0,0.09663095560409139,0.09663095560409139,0,Low
210.95,4272,0,0.18066954541195338,0.18066954541195338,0,Low
49.0,3277,0,0.08456782804116583,0.08456782804116583,0,Low
49.0,12599,0,0.08923480542761678,0.08923480542761678,0,Low
117.0,14182,0,0.11180646916668736,0.11180646916668736,0,Low
495.0,1546,0,0.22456348329335252,0.22456348329335252,0,Low
117.0,16538,0,0.07564433318409342,0.07564433318409342,0,Low
50.0,8289,0,0.15289573643434326,0.09173744186060595,0,Low
77.95,12695,0,0.15522907783805778,0.15522907783805778,0,Low
117.0,1724,0,0.18774369243478095,0.18774369243478095,0,Low
25.95,9400,0,0.11022640452234693,0.11022640452234693,0,Low
159.95,17188,0,0.17472896591957288,0.17472896591957288,0,Low
109.5,2455,0,0.16117446417480866,0.16117446417480866,0,Low
209.95,10399,0,0.18609681777013623,0.18609681777013623,0,Low
542.0,12695,0,0.2643540515848492,0.2643540515848492,0,Low
57.95,12839,0,0.08794181723382226,0.08794181723382226,0,Low
259.95,16362,0,0.2267828789452106,0.2267828789452106,0,Low
25.0,4966,0,0.05914508062534713,0.05914508062534713,0,Low
94.0,11870,0,0.12912428862990555,0.12912428862990555,0,Low
87.0,1804,0,0.10518908813107808,0.10518908813107808,0,Low
39.0,17055,0,0.06533856355296272,0.06533856355296272,0,Low
25.95,2689,0,0.08604722273070259,0.08604722273070259,0,Low
77.95,9500,0,0.1935241983812939,0.1935241983812939,0,Low
50.0,15066,0,0.2838053527969319,0.2838053527969319,0,Low
57.95,17055,0,0.08589110106452039,0.08589110106452039,0,Low
117.0,11919,0,0.12402757073161313,0.12402757073161313,0,Low
59.0,2803,0,0.08064565378492898,0.08064565378492898,0,Low
109.0,12544,0,0.13195844357366246,0.13195844357366246,0,Low
226.0,12045,0,0.21123511042958829,0.21123511042958829,0,Low
39.0,13481,0,0.13195482544327952,0.13195482544327952,0,Low
100.0,14643,0,0.1553551908237858,0.1553551908237858,0,Low
554.0,2803,0,0.20441972635535308,0.20441972635535308,0,Low
49.0,10682,0,0.12209685551620027,0.12209685551620027,0,Low
171.0,12501,0,0.2063464235003877,0.2063464235003877,0,Low
25.95,1342,0,0.11143769395281575,0.11143769395281575,0,Low
77.0,17188,0,0.16028075141060733,0.16028075141060733,0,Low
320.0,14649,0,0.25929650506309737,0.25929650506309737,0,Low
67.95,16485,0,0.0971740526982002,0.0971740526982002,0,Low
35.95,7664,0,0.11658288309312675,0.11658288309312675,0,Low
59.0,9500,0,0.15807642582496212,0.15807642582496212,0,Low
335.0,11207,0,0.22965375057774215,0.22965375057774215,0,Low
49.0,17088,0,0.11944811729419172,0.11944811729419172,0,Low
294.95,15497,0,0.23380183279626268,0.23380183279626268,0,Low
104.95,1030,0,0.10690445363551306,0.10690445363551306,0,Low
107.95,1444,0,0.10214522149601704,0.10214522149601704,0,Low
43.95,9500,0,0.12034376029813508,0.12034376029813508,0,Low
100.0,10102,0,0.11958652209782329,0.11958652209782329,0,Low
30.99,1039,0,0.06391388054308597,0.06391388054308597,0,Low
59.0,5700,0,0.08231480033820388,0.08231480033820388,0,Low
49.0,2884,0,0.10657104138861528,0.10657104138861528,0,Low
56.95,14426,0,0.11066004591928134,0.11066004591928134,0,Low
67.95,8481,0,0.1421965720165729,0.1421965720165729,0,Low
25.95,12544,0,0.14148257335074418,0.14148257335074418,0,Low
26.95,6489,0,0.07567818675901686,0.07567818675901686,0,Low
29.0,2884,0,0.09917686256521202,0.09917686256521202,0,Low
100.0,16075,0,0.16492809839493536,0.16492809839493536,0,Low
50.0,2455,0,0.10601438692978547,0.10601438692978547,0,Low
39.0,9500,0,0.18670768796018578,0.18670768796018578,0,Low
73.5,2939,1,0.927932607083178,0.927932607083178,0,Critical
88.97,5287,0,0.21581541038792829,0.21581541038792829,0,Low
59.0,7862,0,0.09146878449582635,0.09146878449582635,0,Low
25.0,2616,0,0.2020204176198149,0.2020204176198149,0,Low
100.0,8131,0,0.0766523980679223,0.0766523980679223,0,Low
231.0,13374,0,0.14031605234301042,0.14031605234301042,0,Low
92.0,5629,0,0.1414077555178748,0.1414077555178748,0,Low
97.0,9112,0,0.1516133427506796,0.1516133427506796,0,Low
108.5,12839,0,0.10245136688209928,0.10245136688209928,0,Low
117.0,2519,0,0.12027643022560681,0.12027643022560681,0,Low
335.0,14259,0,0.20890381613586878,0.20890381613586878,0,Low
302.0,7919,0,0.2064522839388,0.2064522839388,0,Low
311.95,7482,0,0.24234358381384397,0.24234358381384397,0,Low
39.0,7919,0,0.059396267318239195,0.059396267318239195,0,Low
47.95,7508,0,0.10158921756642729,0.10158921756642729,0,Low
102.0,13780,0,0.14088770243180693,0.14088770243180693,0,Low
97.0,2779,1,0.15556987479939444,0.15556987479939444,0,Low
150.0,11106,0,0.2117731636213974,0.2117731636213974,0,Low
29.0,6207,0,0.06041535898382499,0.06041535898382499,0,Low
209.95,13749,0,0.1701168225340152,0.1701168225340152,0,Low
265.0,2803,0,0.2084799469487052,0.2084799469487052,0,Low
117.0,2803,0,0.08402222992644083,0.08402222992644083,0,Low
39.0,12544,0,0.1566480254983236,0.1566480254983236,0,Low
107.95,2803,0,0.07797080450539734,0.07797080450539734,0,Low
34.99,17568,0,0.08920418045651392,0.08920418045651392,0,Low
134.95,13511,0,0.16420712178948452,0.16420712178948452,0,Low
60.0,9440,0,0.11166288685286375,0.11166288685286375,0,Low
117.0,10350,0,0.13522281607312084,0.13522281607312084,0,Low
117.0,6691,0,0.1625837902374791,0.1625837902374791,0,Low
34.0,7919,0,0.08010982338012171,0.08010982338012171,0,Low
39.0,18366,0,0.1303123094344165,0.1303123094344165,0,Low
19.5,18132,0,0.06750790778705172,0.06750790778705172,0,Low
84.0,12598,0,0.14109701539123357,0.14109701539123357,0,Low
49.0,3502,0,0.20186424252796226,0.20186424252796226,0,Low
1000.0,1596,0,0.23688039429517752,0.1421282365771065,0,Low
29.5,12501,0,0.10911385018736429,0.10911385018736429,0,Low
57.95,7207,0,0.07387654651841923,0.07387654651841923,0,Low
50.0,15986,0,0.09266823061657792,0.09266823061657792,0,Low
87.95,4766,0,0.14809004855438176,0.08885402913262906,0,Low
82.95,10616,0,0.22537290637341217,0.22537290637341217,0,Low
250.0,7585,0,0.27235641834435353,0.27235641834435353,0,Low
31.5,10680,0,0.14465392737078725,0.14465392737078725,0,Low
82.0,18166,0,0.11779383103790506,0.11779383103790506,0,Low
99.5,12805,0,0.09278125173541074,0.09278125173541074,0,Low
226.0,8900,0,0.214339258878912,0.214339258878912,0,Low
317.5,7483,0,0.24297538591326176,0.24297538591326176,0,Low
107.95,9500,0,0.14936993492424377,0.14936993492424377,0,Low
87.95,4806,0,0.13163063620957843,0.13163063620957843,0,Low
107.95,2146,0,0.10379040858343541,0.10379040858343541,0,Low
209.95,9565,0,0.21220110682983329,0.12732066409789997,0,Low
39.0,10057,0,0.11112305705904447,0.11112305705904447,0,Low
50.0,3682,0,0.09110049689334918,0.09110049689334918,0,Low
49.0,17188,1,0.12518035494387317,0.12518035494387317,0,Low
335.0,6457,0,0.25649744041346023,0.25649744041346023,0,Low
59.0,16560,0,0.06982671199561544,0.06982671199561544,0,Low
54.0,12544,0,0.1482656160681608,0.1482656160681608,0,Low
150.0,4436,0,0.20104418440874938,0.20104418440874938,0,Low
171.0,16828,0,0.188427752459389,0.188427752459389,0,Low
82.95,9500,0,0.19211061871438095,0.19211061871438095,0,Low
490.0,1784,1,0.2806391171260792,0.2806391171260792,0,Low
50.0,4030,0,0.09045318130851392,0.09045318130851392,0,Low
107.95,15066,0,0.10552588154584563,0.10552588154584563,0,Low
77.0,5962,0,0.16911153942228244,0.16911153942228244,0,Low
72.99,7919,0,0.06417459666138042,0.06417459666138042,0,Low
335.0,3474,0,0.24638390963629267,0.24638390963629267,0,Low
103.97,15497,0,0.1092113620639455,0.1092113620639455,0,Low
92.0,18211,0,0.08519353931847927,0.08519353931847927,0,Low
40.0,9500,0,0.16160392360331574,0.16160392360331574,0,Low
1651.0,11233,0,0.2011063020721978,0.2011063020721978,0,Low
76.0,12577,0,0.07062722311316325,0.07062722311316325,0,Low
200.0,10024,0,0.2160149517174229,0.2160149517174229,0,Low
59.0,15066,0,0.17379321468026923,0.17379321468026923,0,Low
150.5,12839,0,0.2078320702094572,0.2078320702094572,0,Low
39.0,3278,0,0.112707517621548,0.112707517621548,0,Low
209.95,8691,0,0.14833769658502596,0.14833769658502596,0,Low
47.95,14482,0,0.0800323598830627,0.0800323598830627,0,Low
50.0,5938,0,0.0843389905623704,0.0843389905623704,0,Low
390.0,7919,0,0.2071886437263676,0.2071886437263676,0,Low
49.0,11207,0,0.11861636585780877,0.11861636585780877,0,Low
200.0,6741,0,0.20998328330406646,0.20998328330406646,0,Low
17.5,2437,0,0.056914791459236704,0.056914791459236704,0,Low
35.95,10112,0,0.05776515119851803,0.05776515119851803,0,Low
132.0,7482,0,0.15194164570226293,0.15194164570226293,0,Low
171.0,10616,0,0.22783644768314898,0.22783644768314898,0,Low
62.95,15651,0,0.10302933770604321,0.10302933770604321,0,Low
49.0,2039,0,0.12174334424662858,0.12174334424662858,0,Low
169.0,14128,0,0.1623850107064113,0.1623850107064113,0,Low
100.0,4806,0,0.13447110273857713,0.13447110273857713,0,Low
100.0,16659,0,0.11696452079063585,0.11696452079063585,0,Low
100.0,5714,0,0.1372075280967982,0.1372075280967982,0,Low
44.0,14649,0,0.22826549383081754,0.22826549383081754,0,Low
30.0,9400,0,0.1110766446326305,0.1110766446326305,0,Low
50.0,10486,0,0.12670895870132662,0.12670895870132662,0,Low
76.95,8378,0,0.16322385577691953,0.16322385577691953,0,Low
554.0,7959,0,0.2228623668702934,0.13371742012217602,0,Low
47.95,11839,0,0.0937203949492814,0.0937203949492814,0,Low
50.0,15791,0,0.10601773940789849,0.19694397697807242,0,Low
59.31,8452,0,0.12047607695362586,0.12047607695362586,0,Low
199.95,7919,0,0.11552778298626362,0.11552778298626362,0,Low
310.0,12471,0,0.19004701414568753,0.19004701414568753,0,Low
57.95,6691,0,0.11568873236215975,0.11568873236215975,0,Low
117.0,17188,0,0.1327015417019167,0.1327015417019167,0,Low
44.5,6816,0,0.09220671469608616,0.09220671469608616,0,Low
117.0,1342,0,0.1326288785802383,0.1326288785802383,0,Low
1373.41,16873,0,0.26077047787277935,0.26077047787277935,0,Low
50.0,14608,0,0.08983311563239205,0.08983311563239205,0,Low
117.0,16770,0,0.1287831810415521,0.1287831810415521,0,Low
35.95,1342,0,0.10479812120189269,0.10479812120189269,0,Low
59.0,11815,0,0.0802690842137468,0.0802690842137468,0,Low
150.0,7005,0,0.20306587188842395,0.20306587188842395,0,Low
67.95,8320,0,0.06304280174507332,0.06304280174507332,0,Low
67.95,16659,0,0.08793622950008748,0.08793622950008748,0,Low
44.5,5396,0,0.08360204089869962,0.08360204089869962,0,Low
42.95,6741,0,0.09797751691618636,0.09797751691618636,0,Low
226.0,7664,0,0.22619838098675182,0.22619838098675182,0,Low
100.0,9803,0,0.21209498330844123,0.21209498330844123,0,Low
34.5,5167,0,0.1454920805219944,0.1454920805219944,0,Low
117.0,7322,0,0.1391408880069219,0.1391408880069219,0,Low
100.0,9002,0,0.16585512769389915,0.16585512769389915,0,Low
15.0,7585,1,0.24856142672203524,0.24856142672203524,0,Low
77.0,17020,0,0.056517765224911344,0.056517765224911344,0,Low
335.0,17602,0,0.2520645357990155,0.2520645357990155,0,Low
150.0,13929,0,0.19018601782620878,0.19018601782620878,0,Low
20.0,4141,0,0.16620412259340345,0.16620412259340345,0,Low
67.95,17729,0,0.053506652919228494,0.053506652919228494,0,Low
213.0,14410,0,0.17381792298323762,0.17381792298323762,0,Low
34.0,13623,0,0.14291926438449598,0.14291926438449598,0,Low
67.95,16115,0,0.05483932346887295,0.05483932346887295,0,Low
264.0,10776,0,0.16975572982214715,0.16975572982214715,0,Low
311.95,8431,0,0.2835583381071146,0.2835583381071146,0,Low
54.0,13234,0,0.09980856841758622,0.09980856841758622,0,Low
87.99,7159,0,0.1548982611459519,0.09293895668757114,0,Low
35.95,4663,0,0.0439484816856877,0.0439484816856877,0,Low
150.0,15063,0,0.35156623671059684,0.35156623671059684,0,Low
131.0,17188,0,0.1286725235198811,0.1286725235198811,0,Low
72.0,16048,0,0.10820669426372129,0.10820669426372129,0,Low
226.0,13377,0,0.17810654345918464,0.10686392607551078,0,Low
100.0,10112,0,0.08648975152272169,0.08648975152272169,0,Low
184.0,16297,0,0.26513072388308695,0.26513072388308695,0,Low
117.0,12544,0,0.16038399694935354,0.16038399694935354,0,Low
59.0,1906,0,0.0783448439502139,0.0783448439502139,0,Low
50.0,11106,0,0.07228463488688046,0.07228463488688046,0,Low
39.0,18272,0,0.098671715040541,0.098671715040541,0,Low
49.0,4125,0,0.10082232870966717,0.10082232870966717,0,Low
34.0,8320,0,0.06643100384555362,0.06643100384555362,0,Low
59.0,2952,0,0.09238516419435144,0.09238516419435144,0,Low
135.5,11454,0,0.10668642103245742,0.10668642103245742,0,Low
134.95,7381,0,0.11205083194001836,0.11205083194001836,0,Low
50.0,12695,0,0.14564500841534603,0.14564500841534603,0,Low
46.5,3239,0,0.10798226007427586,0.06478935604456551,0,Low
25.95,7969,0,0.13617615665955382,0.13617615665955382,0,Low
25.95,2646,0,0.0810377700233103,0.0810377700233103,0,Low
141.0,11815,0,0.11694104282733693,0.11694104282733693,0,Low
390.0,6019,0,0.3085169373086494,0.3085169373086494,0,Low
57.95,12501,0,0.07909315500042426,0.07909315500042426,0,Low
345.65,16075,0,0.2530868942417925,0.2530868942417925,0,Low
57.95,9303,0,0.12519483827158592,0.12519483827158592,0,Low
107.95,7826,1,0.14615230939992338,0.14615230939992338,0,Low
19.006,15679,0,0.038029953923521785,0.02281797235411307,0,Low
87.0,9500,0,0.15471912336797095,0.15471912336797095,0,Low
2568.18,7664,0,0.23931025686464136,0.23931025686464136,0,Low
57.95,17111,0,0.06795594275335151,0.06795594275335151,0,Low
77.0,6530,0,0.07089093638700653,0.07089093638700653,0,Low
59.0,2561,0,0.0858842950002138,0.0858842950002138,0,Low
445.0,9803,1,0.33748551332910237,0.33748551332910237,1,Low
100.0,14415,0,0.14028104055525514,0.14028104055525514,0,Low
107.95,11157,0,0.0920268018771533,0.0920268018771533,0,Low
44.0,13053,0,0.14541023279516996,0.14541023279516996,0,Low
108.5,12839,0,0.10245136688209928,0.10245136688209928,0,Low
201.95,13039,0,0.1256837887541305,0.1256837887541305,0,Low
39.0,14290,0,0.08786512731762124,0.08786512731762124,0,Low
50.0,14290,0,0.14256816066124897,0.14256816066124897,0,Low
48.95,8802,0,0.07722631959328168,0.07722631959328168,0,Low
117.0,12695,0,0.15162401248093194,0.15162401248093194,0,Low
290.7,3891,0,0.3252737783989998,0.3252737783989998,1,Low
100.0,2803,0,0.09749053098648204,0.09749053098648204,0,Low
1395.26,2616,0,0.19732600663769678,0.19732600663769678,0,Low
97.0,7322,0,0.13569114560079096,0.13569114560079096,0,Low
34.0,1078,0,0.10932299025312318,0.10932299025312318,0,Low
30.95,10854,0,0.07642741685483313,0.07642741685483313,0,Low
117.0,12695,0,0.15162401248093194,0.15162401248093194,0,Low
67.95,15484,0,0.08839869080631024,0.08839869080631024,0,Low
117.0,17469,0,0.12164687014416327,0.12164687014416327,0,Low
50.0,6019,0,0.10996347223653295,0.10996347223653295,0,Low
100.0,16898,0,0.15196802392282727,0.15196802392282727,0,Low
30.95,8320,0,0.05393393208904834,0.05393393208904834,0,Low
117.0,16979,0,0.12203527855808867,0.12203527855808867,0,Low
57.0,2377,0,0.06587163296430716,0.06587163296430716,0,Low
716.95,15063,0,0.34045545445592834,0.34045545445592834,1,Low
77.95,12544,0,0.1643747093921359,0.1643747093921359,0,Low
17.99,16255,0,0.059118012651069266,0.059118012651069266,0,Low
59.0,7508,0,0.1647536546853042,0.1647536546853042,0,Low
102.99,11020,0,0.07336047826947964,0.04401628696168778,0,Low
209.95,1859,0,0.22501779041553355,0.22501779041553355,0,Low
149.0,3786,0,0.21619984948539503,0.21619984948539503,0,Low
77.0,8320,0,0.07080263729681231,0.07080263729681231,0,Low
59.0,15815,0,0.0915399285300635,0.0915399285300635,0,Low
125.0,15775,0,0.039170377836584044,0.039170377836584044,0,Low
35.95,10672,0,0.06086154452100059,0.06086154452100059,0,Low
1892.15,7676,0,0.1874371118681269,0.1874371118681269,0,Low
42.95,10776,0,0.0533761441984608,0.0533761441984608,0,Low
354.93,16075,0,0.4693335016460671,0.4693335016460671,0,Medium
68.95,2884,0,0.1329163285591459,0.1329163285591459,0,Low
200.0,16075,0,0.29776523445035324,0.29776523445035324,0,Low
57.95,14014,0,0.04933986757109896,0.04933986757109896,0,Low
20.0,7468,0,0.12410055910683548,0.12410055910683548,0,Low
30.95,6086,0,0.104258760640232,0.104258760640232,0,Low
57.95,2972,0,0.07656456735670662,0.045938740414023974,0,Low
108.5,3278,0,0.12065489264130401,0.12065489264130401,0,Low
50.0,9485,0,0.11342640744239986,0.11342640744239986,0,Low
177.0,6877,0,0.25530779490455574,0.25530779490455574,0,Low
50.0,15236,0,0.09997135191270287,0.09997135191270287,0,Low
21.0,6554,0,0.08663614484608013,0.08663614484608013,0,Low
83.5,10063,0,0.13800283236847943,0.13800283236847943,0,Low
49.0,8397,0,0.10535446310520946,0.10535446310520946,0,Low
159.95,7815,0,0.1775372526992828,0.1775372526992828,0,Low
171.0,12544,1,0.22746650349167663,0.22746650349167663,0,Low
57.95,7919,0,0.03952496244103961,0.03952496244103961,0,Low
335.0,2616,0,0.39299315129011086,0.39299315129011086,0,Low
100.0,10616,0,0.1743112072982183,0.1743112072982183,0,Low
57.95,10616,0,0.16934203729741498,0.16934203729741498,0,Low
226.0,1161,0,0.1973539471589214,0.1973539471589214,0,Low
117.0,12557,0,0.13510836214261585,0.13510836214261585,0,Low
50.0,12695,0,0.14564500841534603,0.14564500841534603,0,Low
59.0,3178,0,0.1231099845263625,0.1231099845263625,0,Low
117.0,16070,0,0.1379169545656767,0.1379169545656767,0,Low
58.95,5432,0,0.07865311270354103,0.047191867622124614,0,Low
95.99,9500,0,0.1734085652991134,0.1734085652991134,0,Low
100.0,4141,0,0.11142518584213437,0.11142518584213437,0,Low
300.0,17396,0,0.2968970147588441,0.2968970147588441,0,Low
54.5,5374,0,0.0622461059699104,0.0622461059699104,0,Low
209.95,5787,0,0.18813162981330472,0.18813162981330472,0,Low
100.0,2744,0,0.1604404137927159,0.1604404137927159,0,Low
814.41,15066,0,0.16160869174017012,0.16160869174017012,0,Low
151.0,7919,0,0.12123195692912576,0.12123195692912576,0,Low
38.95,7815,0,0.09976177688387525,0.09976177688387525,0,Low
77.0,11815,0,0.09400662026753417,0.09400662026753417,0,Low
67.95,17188,0,0.12525353077818374,0.12525353077818374,0,Low
280.0,17480,0,0.3574284683912636,0.3574284683912636,0,Low
57.95,17188,0,0.11002665691465605,0.11002665691465605,0,Low
117.0,3754,0,0.12616408631367998,0.12616408631367998,0,Low
59.0,11609,0,0.1101348848092,0.06608093088552,0,Low
107.95,12211,0,0.12748588814034728,0.12748588814034728,0,Low
67.95,10975,0,0.07641142405173428,0.07641142405173428,0,Low
117.0,17188,0,0.30983606099606353,0.30983606099606353,0,Low
200.0,10486,0,0.3064093203630445,0.3064093203630445,0,Low
186.0,7919,0,0.12615268064147278,0.12615268064147278,0,Low
150.0,2157,0,0.30605050295474456,0.30605050295474456,0,Low
50.0,9500,0,0.12658618846835615,0.12658618846835615,0,Low
423.89,18334,0,0.24494821420236398,0.24494821420236398,0,Low
29.0,9500,0,0.0939459439053706,0.0939459439053706,0,Low
209.95,4090,0,0.2061542140516349,0.2061542140516349,0,Low
44.5,9480,0,0.11174912212397262,0.11174912212397262,0,Low
49.0,1939,0,0.11157959381777713,0.11157959381777713,0,Low
166.99,11814,0,0.12217692780985308,0.12217692780985308,0,Low
30.95,10447,0,0.11424356460761269,0.11424356460761269,0,Low
35.95,7664,0,0.11658288309312675,0.11658288309312675,0,Low
107.0,9112,0,0.13415560139814406,0.13415560139814406,0,Low
200.0,4120,0,0.21574964330927088,0.12944978598556253,0,Low
490.0,12695,0,0.2675861608187688,0.2675861608187688,0,Low
117.0,10112,0,0.08745819207645605,0.08745819207645605,0,Low
146.0,14627,0,0.22902835974668356,0.22902835974668356,0,Low
125.95,3166,0,0.08557089465052532,0.08557089465052532,0,Low
108.5,2755,0,0.09691098061618625,0.09691098061618625,0,Low
40.0,12449,0,0.08534490603035297,0.08534490603035297,0,Low
350.0,7207,0,0.2351778698192403,0.2351778698192403,0,Low
107.95,7640,0,0.11561456741871295,0.11561456741871295,0,Low
63.95,7337,0,0.0950151904976996,0.0950151904976996,0,Low
39.0,3351,0,0.08609182304115849,0.08609182304115849,0,Low
200.0,16661,0,0.21244305053999515,0.21244305053999515,0,Low
226.0,3891,0,0.23938697549668767,0.23938697549668767,0,Low
150.0,1444,0,0.1850936593876027,0.1850936593876027,0,Low
50.0,6741,0,0.089792085471917,0.089792085471917,0,Low
20.0,10616,0,0.19340772513950746,0.19340772513950746,0,Low
75.0,16659,0,0.10540247881494197,0.10540247881494197,0,Low
50.0,10770,0,0.11524851466123172,0.11524851466123172,0,Low
30.0,4387,0,0.07278424877355728,0.07278424877355728,0,Low
32.5,8469,0,0.1641682466307769,0.1641682466307769,0,Low
107.95,6523,0,0.10839971947408124,0.06503983168444874,0,Low
117.0,11207,0,0.1535369043667201,0.1535369043667201,0,Low
50.0,8406,0,0.10966175358470241,0.10966175358470241,0,Low
35.95,14025,0,0.08499500257169178,0.08499500257169178,0,Low
49.0,12695,0,0.14860024779479414,0.14860024779479414,0,Low
59.0,17055,0,0.060465509559977114,0.060465509559977114,0,Low
100.0,5436,0,0.08843467087102741,0.08843467087102741,0,Low
117.0,14165,0,0.0908175559839003,0.0908175559839003,0,Low
527.0,5409,0,0.22594580903872286,0.22594580903872286,0,Low
58.95,1618,0,0.0711536208983956,0.0711536208983956,0,Low
150.0,14588,0,0.17008111450853236,0.17008111450853236,0,Low
107.95,16075,0,0.11838818684404825,0.11838818684404825,0,Low
34.0,10142,0,0.11592546501613925,0.11592546501613925,0,Low
55.95,17933,0,0.07044254277010813,0.07044254277010813,0,Low
134.95,1404,0,0.13385489972664177,0.13385489972664177,0,Low
106.0,15775,0,0.01418082020733279,0.01418082020733279,0,Low
65.95,1893,0,0.12495366048142989,0.12495366048142989,0,Low
107.95,1275,0,0.11488840047011774,0.11488840047011774,0,Low
75.0,7815,0,0.09785028444872754,0.09785028444872754,0,Low
386.57,14874,0,0.2476972601152732,0.2476972601152732,0,Low
39.0,11899,0,0.0970549560969273,0.0970549560969273,0,Low
117.0,18132,0,0.07736263901647339,0.07736263901647339,0,Low
30.95,6721,0,0.08894101092102508,0.08894101092102508,0,Low
25.95,8431,0,0.13222474635304107,0.13222474635304107,0,Low
226.0,4030,0,0.21011926392838887,0.21011926392838887,0,Low
353.0,7585,0,0.2825614515438632,0.2825614515438632,0,Low
30.95,1675,0,0.12088485701199714,0.12088485701199714,0,Low
209.95,15538,0,0.1805544597472323,0.1805544597472323,0,Low
107.95,1939,0,0.0852050489118366,0.0852050489118366,0,Low
9.153,15885,0,0.017079471718600605,0.017079471718600605,0,Low
125.0,2671,0,0.14055914333275013,0.14055914333275013,0,Low
117.0,7919,0,0.06309546713918529,0.06309546713918529,0,Low
55.95,6457,0,0.15503512069634717,0.15503512069634717,0,Low
67.95,11815,0,0.0702531338784489,0.0702531338784489,0,Low
511.95,14290,0,0.25108191508014643,0.25108191508014643,0,Low
664.0,15494,0,0.18643871556377134,0.18643871556377134,0,Low
45.0,6344,1,0.25167771405151507,0.25167771405151507,0,Low
200.0,2794,0,0.2087289538920594,0.2087289538920594,0,Low
58.95,10989,0,0.06509916231353531,0.06509916231353531,0,Low
209.95,13809,0,0.26815699899352174,0.26815699899352174,0,Low
44.0,2377,0,0.06056319075770261,0.06056319075770261,0,Low
412.47,12501,0,0.270549332140871,0.270549332140871,0,Low
167.0,7826,0,0.2131793461793941,0.2131793461793941,0,Low
47.95,12598,0,0.10620767541018092,0.10620767541018092,0,Low
735.23,16075,0,0.3087115199841731,0.3087115199841731,0,Low
200.0,15623,0,0.15221779524299095,0.15221779524299095,0,Low
59.0,7919,0,0.0562969776081666,0.0562969776081666,0,Low
100.0,8695,0,0.13309737569449184,0.13309737569449184,0,Low
24.5,3277,0,0.07138058558811831,0.07138058558811831,0,Low
250.0,4694,0,0.2552854058350702,0.2552854058350702,0,Low
154.97,17131,0,0.10972793397448118,0.10972793397448118,0,Low
226.0,17188,0,0.1951587703051931,0.1951587703051931,0,Low
41.0,12932,0,0.1442658252811585,0.1442658252811585,0,Low
400.0,4141,1,0.5580215081564244,0.5580215081564244,0,Medium
117.0,13883,0,0.10397184153297795,0.10397184153297795,0,Low
25.95,16632,0,0.08374405437462107,0.08374405437462107,0,Low
50.0,11900,0,0.08952834258744531,0.08952834258744531,0,Low
146.0,5660,0,0.17953631536828335,0.17953631536828335,0,Low
884.0,4672,0,0.26971579651919503,0.161829477911517,0,Low
77.0,13810,0,0.11819074692857953,0.11819074692857953,0,Low
150.0,9455,0,0.303448077506833,0.303448077506833,0,Low
54.0,12260,0,0.09549642907883384,0.09549642907883384,0,Low
57.95,9175,0,0.06004347395770421,0.06004347395770421,0,Low
117.0,8528,0,0.11648792186393349,0.11648792186393349,0,Low
127.0,12686,0,0.09811315325295343,0.09811315325295343,0,Low
300.0,1893,0,0.3313820250944234,0.3313820250944234,1,Low
209.95,7919,0,0.15649724402180193,0.15649724402180193,0,Low
107.95,6530,0,0.07876907181122192,0.07876907181122192,0,Low
24.5,7069,0,0.09677163970904702,0.09677163970904702,0,Low
75.0,16566,0,0.08171545857763199,0.08171545857763199,0,Low
125.0,16075,0,0.3799058348841791,0.3799058348841791,0,Low
200.0,9350,0,0.17154229252973938,0.17154229252973938,0,Low
100.0,18375,0,0.12608835817207736,0.12608835817207736,0,Low
652.0,1240,0,0.2222547466901695,0.2222547466901695,0,Low
50.0,2200,0,0.126160943219038,0.07569656593142281,0,Low
49.0,12695,0,0.10631727984436638,0.10631727984436638,0,Low
47.95,13511,0,0.10092916455271275,0.10092916455271275,0,Low
44.0,5571,0,0.14190047384296053,0.14190047384296053,0,Low
146.0,16003,0,0.24833449421795206,0.24833449421795206,0,Low
59.0,6657,0,0.10577337334139969,0.10577337334139969,0,Low
762.0,12695,0,0.2662452051558128,0.2662452051558128,0,Low
19.99,4396,0,0.08949639137278056,0.08949639137278056,0,Low
21.0,18343,0,0.09426106167333968,0.09426106167333968,0,Low
117.0,17020,0,0.06177583930495979,0.06177583930495979,0,Low
50.0,12707,0,0.08818819776755127,0.05291291866053076,0,Low
50.0,13844,0,0.14994858639452857,0.14994858639452857,0,Low
15.95,2772,0,0.08692105672243394,0.08692105672243394,0,Low
107.95,15343,0,0.13618069398097504,0.13618069398097504,0,Low
280.0,16297,0,0.24111917754593631,0.24111917754593631,0,Low
44.5,9588,0,0.06434760405827435,0.06434760405827435,0,Low
59.0,13481,0,0.10536652698138348,0.10536652698138348,0,Low
87.0,2755,0,0.10569268318657409,0.10569268318657409,0,Low
47.95,4334,0,0.10443187068115634,0.10443187068115634,0,Low
49.0,4857,0,0.05769756193282725,0.05769756193282725,0,Low
300.0,3055,0,0.32953045421340305,0.32953045421340305,1,Low
117.0,13526,0,0.10547154921012002,0.10547154921012002,0,Low
108.5,15066,0,0.16789575893189077,0.16789575893189077,0,Low
30.0,6749,0,0.061965929989859204,0.061965929989859204,0,Low
107.95,4174,0,0.11174678852217403,0.11174678852217403,0,Low
63.97,7224,0,0.061088718291459676,0.061088718291459676,0,Low
1223.8,1893,0,0.14915397662270657,0.14915397662270657,0,Low
35.95,14290,0,0.1308484480848764,0.1308484480848764,0,Low
117.0,1939,0,0.10295872615553602,0.10295872615553602,0,Low
59.0,4806,0,0.11928949337505257,0.11928949337505257,0,Low
48.95,17188,0,0.08067109900373262,0.08067109900373262,0,Low
100.0,1906,0,0.14227635734585273,0.14227635734585273,0,Low
209.95,1444,0,0.1726964242664633,0.1726964242664633,0,Low
78.95,18366,0,0.11593910261601838,0.11593910261601838,0,Low
107.95,7508,0,0.14118470876572858,0.14118470876572858,0,Low
25.95,16317,0,0.0886961753817957,0.0886961753817957,0,Low
146.0,5492,0,0.20042893840025816,0.20042893840025816,0,Low
117.0,6530,0,0.0755166204449955,0.0755166204449955,0,Low
58.95,17188,0,0.11322248557690724,0.11322248557690724,0,Low
141.0,8320,0,0.18780805378553,0.18780805378553,0,Low
75.0,6209,0,0.1524612645562195,0.1524612645562195,0,Low
38.97,12695,0,0.13787108845730858,0.13787108845730858,0,Low
390.0,3821,0,0.2212304883515374,0.2212304883515374,0,Low
82.95,3514,0,0.13233995738148674,0.13233995738148674,0,Low
39.0,6156,0,0.05944356889312643,0.05944356889312643,0,Low
412.95,10723,0,0.170738343770609,0.170738343770609,0,Low
29.0,7664,0,0.11518879661254826,0.11518879661254826,0,Low
171.0,11282,0,0.1627972428926149,0.1627972428926149,0,Low
50.0,10486,0,0.1378698716880353,0.1378698716880353,0,Low
160.95,6530,0,0.0993204321685459,0.0993204321685459,0,Low
59.0,4973,0,0.15021956377551882,0.15021956377551882,0,Low
354.39,7826,0,0.24961563275153623,0.24961563275153623,0,Low
275.0,3111,1,0.3526551185947237,0.2115930711568342,0,Low
226.0,7508,0,0.2165457831024219,0.2165457831024219,0,Low
57.95,6174,0,0.09740601641493712,0.09740601641493712,0,Low
524.95,8695,0,0.23460628167954709,0.23460628167954709,0,Low
50.0,1675,0,0.12237028338692585,0.12237028338692585,0,Low
92.0,17400,0,0.13740755470477228,0.13740755470477228,0,Low
161.0,10023,0,0.17373082974707044,0.17373082974707044,0,Low
20.0,6481,0,0.1140015311827304,0.1140015311827304,0,Low
30.95,2595,0,0.06032324324209118,0.06032324324209118,0,Low
300.0,3821,0,0.2791645786616354,0.2791645786616354,0,Low
15.95,10447,0,0.12411137551847697,0.12411137551847697,0,Low
59.0,9323,0,0.07919114924103648,0.07919114924103648,0,Low
117.0,15066,0,0.43309533050952603,0.43309533050952603,0,Low
117.0,5291,1,0.1473609957439652,0.1473609957439652,0,Low
226.0,14479,0,0.1959858942729629,0.1959858942729629,0,Low
57.95,6076,0,0.05495273294106279,0.03297163976463767,0,Low
15.0,12695,0,0.2224821268115919,0.2224821268115919,0,Low
57.95,2772,0,0.08335739034216108,0.08335739034216108,0,Low
125.0,10694,0,0.09914516537022765,0.05948709922213659,0,Low
36.95,4475,0,0.0695139573637689,0.0695139573637689,0,Low
29.0,15651,0,0.10175832507957412,0.10175832507957412,0,Low
311.95,16659,0,0.20795245733979914,0.20795245733979914,0,Low
100.0,10616,0,0.17621400744247173,0.17621400744247173,0,Low
35.95,11728,0,0.11002459605799694,0.11002459605799694,0,Low
107.95,12839,0,0.09937600180726662,0.09937600180726662,0,Low
87.0,5151,0,0.16225624781029174,0.16225624781029174,0,Low
15.0,7861,0,0.27715691890020017,0.27715691890020017,0,Low
59.0,7207,0,0.09773474312279204,0.09773474312279204,0,Low
150.0,9500,0,0.28821899562624664,0.28821899562624664,0,Low
108.5,3178,0,0.1260367525954236,0.1260367525954236,0,Low
169.0,3605,0,0.22496797747487526,0.22496797747487526,0,Low
300.0,11019,1,0.6977397742787795,0.6977397742787795,0,Medium
25.0,6019,0,0.1506585015611236,0.1506585015611236,0,Low
107.95,15651,0,0.0925321431097553,0.0925321431097553,0,Low
150.0,12606,0,0.27116769900492244,0.16270061940295347,0,Low
117.0,16845,0,0.12907882718054217,0.12907882718054217,0,Low
30.95,15497,0,0.08723234047382418,0.08723234047382418,0,Low
34.0,11180,0,0.07354556358969445,0.07354556358969445,0,Low
100.0,18268,0,0.10581721339283062,0.10581721339283062,0,Low
100.0,6079,0,0.1179855999415584,0.07079135996493503,0,Low
117.0,14332,0,0.13966305274340096,0.13966305274340096,0,Low
56.5,6886,0,0.11684643766161001,0.11684643766161001,0,Low
117.0,5409,0,0.12975212679583772,0.12975212679583772,0,Low
59.0,12695,0,0.14520847845956317,0.14520847845956317,0,Low
50.0,11555,0,0.10320185723409248,0.10320185723409248,0,Low
39.0,14589,0,0.05577092669417195,0.05577092669417195,0,Low
174.0,11204,0,0.22124647038180037,0.22124647038180037,0,Low
117.0,6942,0,0.1286615787098117,0.1286615787098117,0,Low
30.0,3605,0,0.08434269777511785,0.08434269777511785,0,Low
35.95,14511,0,0.08697126543024215,0.08697126543024215,0,Low
57.95,10908,0,0.11940493160728761,0.11940493160728761,0,Low
57.95,7025,0,0.11770054801673487,0.11770054801673487,0,Low
125.0,3821,0,0.09633760733552807,0.09633760733552807,0,Low
25.95,17188,0,0.10790929667538968,0.10790929667538968,0,Low
49.0,2392,0,0.0954319515537326,0.0954319515537326,0,Low
76.95,13481,0,0.10168497042735188,0.10168497042735188,0,Low
52.95,8868,0,0.0647012017176744,0.0647012017176744,0,Low
29.0,13960,0,0.053646785027764675,0.053646785027764675,0,Low
47.95,17409,0,0.052708223134740655,0.052708223134740655,0,Low
200.0,7182,0,0.2128787159432783,0.2128787159432783,0,Low
34.0,5492,0,0.07150794100408024,0.07150794100408024,0,Low
1314.95,15055,0,0.22893122001321142,0.13735873200792684,0,Low
30.95,2971,0,0.06537215573776922,0.06537215573776922,0,Low
57.95,9500,0,0.11417564273957,0.11417564273957,0,Low
77.0,5938,0,0.1392638204263677,0.1392638204263677,0,Low
117.0,9112,0,0.14956224517103217,0.14956224517103217,0,Low
204.97,10260,0,0.2317806789617648,0.2317806789617648,0,Low
289.95,6019,0,0.31539645436107216,0.31539645436107216,1,Low
250.0,13553,0,0.2289296639962606,0.2289296639962606,0,Low
554.0,3100,0,0.24356723289285842,0.14614033973571505,0,Low
107.95,1444,0,0.09213605728579145,0.09213605728579145,0,Low
117.0,8528,0,0.11798586388051899,0.11798586388051899,0,Low
75.0,12932,0,0.15231277998628112,0.15231277998628112,0,Low
39.0,16632,0,0.04887681321603611,0.04887681321603611,0,Low
41.95,10989,0,0.05421117613980568,0.05421117613980568,0,Low
24.5,5033,0,0.08044508090784314,0.08044508090784314,0,Low
34.0,10989,0,0.05716996094582409,0.05716996094582409,0,Low
108.95,7919,0,0.07253442726972989,0.07253442726972989,0,Low
26.935,11201,0,0.05420398448017176,0.05420398448017176,0,Low
38.669,2256,1,0.649022046001867,0.649022046001867,0,Medium
107.95,10023,0,0.10214698403423174,0.10214698403423174,0,Low
92.0,15497,0,0.12385509077631793,0.12385509077631793,0,Low
21.0,8135,0,0.09163832102680777,0.09163832102680777,0,Low
58.95,15497,0,0.08444718097499418,0.08444718097499418,0,Low
97.95,2455,0,0.15785531967841135,0.15785531967841135,0,Low
80.0,12783,0,0.1295441233192271,0.1295441233192271,0,Low
25.95,12544,0,0.14148257335074418,0.14148257335074418,0,Low
49.0,16255,0,0.0808172404330441,0.0808172404330441,0,Low
100.0,2695,0,0.1297431751314351,0.1297431751314351,0,Low
150.0,3873,0,0.24982817438835167,0.24982817438835167,0,Low
289.0,1744,0,0.25144866700740787,0.25144866700740787,0,Low
47.95,18132,0,0.05154739937272031,0.05154739937272031,0,Low
42.95,3579,0,0.09348469972599796,0.09348469972599796,0,Low
50.0,17188,0,0.12266891094865809,0.12266891094865809,0,Low
59.0,1553,0,0.12509126926436998,0.12509126926436998,0,Low
100.0,17491,0,0.10262848147745386,0.10262848147745386,0,Low
67.95,12567,0,0.12802192279495622,0.12802192279495622,0,Low
107.95,9500,0,0.14817068861622495,0.14817068861622495,0,Low
57.95,15185,0,0.07800095245133573,0.07800095245133573,0,Low
31.95,18018,0,0.05268172756997362,0.05268172756997362,0,Low
171.0,7826,1,0.2191733727985287,0.2191733727985287,0,Low
55.95,4067,0,0.07898975539073035,0.07898975539073035,0,Low
100.0,13780,0,0.15315144067294295,0.15315144067294295,0,Low
87.95,6970,0,0.07380768806386356,0.07380768806386356,0,Low
35.95,2071,0,0.08210242845239266,0.08210242845239266,0,Low
19.95,1342,0,0.09924861044292702,0.09924861044292702,0,Low
52.95,15399,0,0.0705495655693236,0.0705495655693236,0,Low
146.0,9970,0,0.24944424125622316,0.1496665447537339,0,Low
100.0,2254,0,0.12354064349991146,0.12354064349991146,0,Low
20.0,6021,0,0.16233723518845328,0.16233723518845328,0,Low
425.63,12577,0,0.16425599437618782,0.16425599437618782,0,Low
15.0,17480,0,0.10381406423212448,0.10381406423212448,0,Low
141.0,6951,0,0.1546206388858482,0.1546206388858482,0,Low
88.5,12469,0,0.08770989807095844,0.08770989807095844,0,Low
115.95,7815,0,0.12923754509840593,0.12923754509840593,0,Low
50.0,8140,0,0.1503521798815276,0.1503521798815276,0,Low
10.0,10989,0,0.06978093857058996,0.06978093857058996,0,Low
25.95,2803,0,0.054433600402216634,0.054433600402216634,0,Low
53.97,1039,0,0.08167072743539805,0.08167072743539805,0,Low
49.0,11157,0,0.07044524035556816,0.07044524035556816,0,Low
117.0,9450,0,0.16670115403878327,0.16670115403878327,0,Low
92.0,7676,0,0.1782277904827053,0.1782277904827053,0,Low
161.0,12577,0,0.10186872642739493,0.10186872642739493,0,Low
29.0,7826,0,0.14037600743845785,0.14037600743845785,0,Low
112.99,14290,0,0.14044682272210982,0.14044682272210982,0,Low
59.0,5376,0,0.1055453050878236,0.1055453050878236,0,Low
39.0,7636,0,0.13043769117527235,0.13043769117527235,0,Low
30.0,3821,0,0.1254067306272399,0.1254067306272399,0,Low
50.0,10486,0,0.13370389646925676,0.13370389646925676,0,Low
117.0,7585,0,0.1841863101325566,0.1841863101325566,0,Low
100.0,2341,0,0.14744881195943804,0.14744881195943804,0,Low
67.95,12364,0,0.13734652452531293,0.13734652452531293,0,Low
117.0,14415,0,0.1466489327032331,0.1466489327032331,0,Low
311.95,15497,0,0.21497210579701864,0.21497210579701864,0,Low
117.0,16632,0,0.10152599091126369,0.10152599091126369,0,Low
186.0,7861,0,0.1932570113319293,0.1932570113319293,0,Low
117.0,9500,0,0.1720782171232542,0.1720782171232542,0,Low
226.0,7676,0,0.20790363480173976,0.20790363480173976,0,Low
41.0,10676,0,0.09197217646591253,0.09197217646591253,0,Low
25.95,10616,0,0.18997942864371464,0.18997942864371464,0,Low
335.0,18343,0,0.2139075687911625,0.2139075687911625,0,Low
161.0,12577,0,0.10385403576385874,0.10385403576385874,0,Low
108.5,6530,0,0.07370776179784821,0.07370776179784821,0,Low
280.0,2884,0,0.27124232841827844,0.27124232841827844,0,Low
47.95,12839,0,0.10057263098082078,0.10057263098082078,0,Low
47.95,7919,0,0.048848626373569244,0.048848626373569244,0,Low
280.0,17399,0,0.18607254893597847,0.18607254893597847,0,Low
59.0,9500,0,0.15807642582496212,0.15807642582496212,0,Low
311.95,18249,0,0.14682756824789853,0.14682756824789853,0,Low
55.99,9549,0,0.06687520977355634,0.06687520977355634,0,Low
49.0,16132,0,0.1082514711875069,0.1082514711875069,0,Low
26.5,9500,0,0.13383496425713406,0.13383496425713406,0,Low
213.0,16435,0,0.1835809404446483,0.1835809404446483,0,Low
85.5,12598,0,0.09352960418409392,0.09352960418409392,0,Low
57.95,9112,0,0.09304506979509769,0.09304506979509769,0,Low
226.0,7826,0,0.21739274276635615,0.21739274276635615,0,Low
107.0,6344,0,0.20163515517977604,0.20163515517977604,0,Low
59.0,2392,0,0.10768443998373968,0.10768443998373968,0,Low
59.0,5147,0,0.09152244715082976,0.09152244715082976,0,Low
30.95,8333,0,0.05223898471014926,0.05223898471014926,0,Low
113.95,4875,0,0.12904057411345274,0.07742434446807164,0,Low
335.0,1555,0,0.20461552885810377,0.20461552885810377,0,Low
103.97,1837,0,0.11706238715472422,0.11706238715472422,0,Low
49.0,7815,0,0.0812111508217766,0.0812111508217766,0,Low
108.95,2772,0,0.12949399343320958,0.12949399343320958,0,Low
31.95,6123,0,0.09368571062647411,0.09368571062647411,0,Low
59.0,8528,0,0.10056361007106233,0.10056361007106233,0,Low
119.95,10057,0,0.12691631919456212,0.12691631919456212,0,Low
34.0,6481,0,0.11269559786291007,0.11269559786291007,0,Low
404.0,13734,0,0.2860617057399039,0.2860617057399039,0,Low
100.0,12695,0,0.15482626861773702,0.15482626861773702,0,Low
59.0,14649,0,0.24991730981639054,0.24991730981639054,0,Low
75.0,1675,0,0.13295142079246536,0.13295142079246536,0,Low
6.646,15885,0,0.017079471718600605,0.017079471718600605,0,Low
67.99,3056,0,0.07531883165130272,0.07531883165130272,0,Low
75.0,6170,0,0.14015864374979745,0.14015864374979745,0,Low
39.0,4929,0,0.08682206248935356,0.08682206248935356,0,Low
155.67,4209,0,0.14629412755288135,0.14629412755288135,0,Low
39.0,14165,0,0.07190361735784152,0.07190361735784152,0,Low
400.0,7375,1,0.258695405285777,0.3552172431714662,1,Low
29.0,4929,0,0.08461648618890091,0.08461648618890091,0,Low
25.0,2023,0,0.07569528393146573,0.07569528393146573,0,Low
362.95,12544,0,0.2522464868783941,0.2522464868783941,0,Low
113.95,15066,0,0.1785509941173758,0.1785509941173758,0,Low
49.0,3368,0,0.08391864071947625,0.08391864071947625,0,Low
2965.0,12581,0,0.24390348644134094,0.24390348644134094,0,Low
57.95,9500,0,0.11417564273957,0.11417564273957,0,Low
198.0,11919,0,0.22030475372575314,0.22030475372575314,0,Low
150.0,9571,0,0.2136868256978191,0.2136868256978191,0,Low
47.95,1767,0,0.08113733046475448,0.08113733046475448,0,Low
225.0,12699,0,0.16298858263295862,0.16298858263295862,0,Low
117.0,13481,0,0.14364973819591473,0.14364973819591473,0,Low
39.0,12598,0,0.09016588613648482,0.09016588613648482,0,Low
77.95,12695,0,0.15522907783805778,0.15522907783805778,0,Low
250.0,12501,0,0.2432031974874003,0.2432031974874003,0,Low
117.0,2408,0,0.1272600798882056,0.1272600798882056,0,Low
49.0,13307,0,0.06974690675836659,0.06974690675836659,0,Low
117.0,16873,0,0.13362737875606864,0.13362737875606864,0,Low
280.0,13652,0,0.2633026249606329,0.2633026249606329,0,Low
18.95,15813,0,0.08718638410913128,0.08718638410913128,0,Low
280.0,16691,0,0.1495965794275441,0.1495965794275441,0,Low
151.0,2157,0,0.19964874517514442,0.19964874517514442,0,Low
103.97,2803,0,0.07880815300767577,0.07880815300767577,0,Low
35.95,17188,0,0.1130536238556801,0.1130536238556801,0,Low
109.0,10505,0,0.13110863730944033,0.13110863730944033,0,Low
48.95,5751,0,0.08270353727636637,0.08270353727636637,0,Low
300.0,13260,0,0.30954896587439423,0.30954896587439423,0,Low
145.5,6530,0,0.12496991325475776,0.12496991325475776,0,Low
150.0,12839,0,0.27599072445032496,0.27599072445032496,0,Low
1281.95,1893,0,0.18927774326570113,0.18927774326570113,0,Low
129.95,2772,0,0.13860339400327001,0.13860339400327001,0,Low
117.0,15497,0,0.12617926612695066,0.12617926612695066,0,Low
39.0,7069,0,0.08797222028418608,0.08797222028418608,0,Low
29.0,12361,0,0.1536308665528105,0.1536308665528105,0,Low
226.0,10447,0,0.22251461720006713,0.22251461720006713,0,Low
117.0,10856,0,0.07671365336544081,0.07671365336544081,0,Low
30.95,9787,0,0.1549445564869985,0.1549445564869985,0,Low
171.0,2803,0,0.17157038284620485,0.17157038284620485,0,Low
200.0,2254,0,0.24765236347733727,0.24765236347733727,0,Low
39.0,2803,0,0.05538827345853252,0.05538827345853252,0,Low
54.5,9500,0,0.10207366033227747,0.10207366033227747,0,Low
159.95,17868,0,0.12457905011462227,0.12457905011462227,0,Low
107.95,3084,0,0.10369639781822865,0.10369639781822865,0,Low
47.95,2884,0,0.1087983726643826,0.1087983726643826,0,Low
29.0,14426,0,0.12579526930104362,0.12579526930104362,0,Low
107.95,18132,0,0.06017313469085059,0.06017313469085059,0,Low
107.95,15316,0,0.07002642965403345,0.07002642965403345,0,Low
200.0,7826,0,0.21863168784693454,0.21863168784693454,0,Low
117.0,13260,0,0.14872819261305487,0.14872819261305487,0,Low
50.0,16659,0,0.07667127413426124,0.07667127413426124,0,Low
226.0,15851,0,0.18311652522379712,0.18311652522379712,0,Low
87.0,17055,0,0.09385132002919676,0.09385132002919676,0,Low
117.0,3166,0,0.07973909866082857,0.07973909866082857,0,Low
47.95,15399,0,0.06545061934812749,0.06545061934812749,0,Low
107.95,14628,0,0.09214047258002117,0.09214047258002117,0,Low
56.5,16132,0,0.09802663486060537,0.09802663486060537,0,Low
29.0,15397,0,0.09453581002218744,0.09453581002218744,0,Low
72.99,12501,0,0.14563577716524198,0.14563577716524198,0,Low
209.95,11640,0,0.1695625372838132,0.1695625372838132,0,Low
67.95,5913,0,0.11623240217824404,0.06973944130694643,0,Low
112.0,11157,0,0.11178385460618916,0.11178385460618916,0,Low
92.0,5911,0,0.11920907371051431,0.11920907371051431,0,Low
25.0,10186,0,0.1445472074008176,0.1445472074008176,0,Low
226.0,9043,0,0.192950913355657,0.192950913355657,0,Low
117.0,12544,0,0.14389026838916738,0.14389026838916738,0,Low
35.95,7411,0,0.10620242849401725,0.10620242849401725,0,Low
22.0,12695,0,0.138003591245274,0.138003591245274,0,Low
335.0,17655,0,0.24803760937236016,0.1488225656234161,0,Low
24.5,3669,0,0.05576368730872721,0.03345821238523632,0,Low
100.0,6019,0,0.18504425940272615,0.18504425940272615,0,Low
35.95,17188,0,0.09731460382139122,0.09731460382139122,0,Low
50.0,15532,0,0.08822001010880291,0.05293200606528175,0,Low
482.0,15112,0,0.20193294749813895,0.12115976849888337,0,Low
87.95,5751,0,0.12692653904243975,0.12692653904243975,0,Low
77.95,7861,0,0.15714256577367658,0.15714256577367658,0,Low
151.0,5772,0,0.2035583549736539,0.2035583549736539,0,Low
209.95,7676,0,0.187281225026231,0.187281225026231,0,Low
85.0,5729,0,0.08636281549281039,0.08636281549281039,0,Low
52.95,7069,0,0.10691556190143318,0.10691556190143318,0,Low
105.0,3716,0,0.10700021199745383,0.10700021199745383,0,Low
117.0,14858,0,0.12917591002082296,0.12917591002082296,0,Low
49.0,9112,0,0.11164152572765214,0.11164152572765214,0,Low
117.0,10682,0,0.1518041001497021,0.1518041001497021,0,Low
87.95,15066,0,0.16733154599779682,0.16733154599779682,0,Low
57.95,10616,0,0.1675655389747467,0.1675655389747467,0,Low
49.0,4067,0,0.06678737213949075,0.06678737213949075,0,Low
27.0,10960,0,0.09580903436966592,0.09580903436966592,0,Low
59.0,1893,0,0.15957811625021573,0.15957811625021573,0,Low
97.0,1308,0,0.1371648379019242,0.1371648379019242,0,Low
171.0,7585,0,0.27215391800552646,0.27215391800552646,0,Low
171.0,3258,0,0.20139104235753522,0.20139104235753522,0,Low
117.0,16883,0,0.09813065389094247,0.09813065389094247,0,Low
79.95,15497,0,0.1287393716195442,0.1287393716195442,0,Low
50.0,6230,0,0.039987518629403355,0.039987518629403355,0,Low
15.95,10057,0,0.23651968795842265,0.23651968795842265,0,Low
35.95,10023,0,0.11177223902528903,0.11177223902528903,0,Low
100.0,7585,0,0.19072090465888525,0.19072090465888525,0,Low
30.0,4067,0,0.10379781965356585,0.10379781965356585,0,Low
117.0,7105,0,0.12710696345281744,0.07626417807169046,0,Low
1104.0,7919,0,0.15774135409165127,0.15774135409165127,0,Low
57.95,6530,0,0.04491012775183362,0.04491012775183362,0,Low
30.95,15651,0,0.10083346958824466,0.10083346958824466,0,Low
77.0,12598,0,0.1644321827154937,0.1644321827154937,0,Low
108.95,13526,0,0.0980377063963231,0.0980377063963231,0,Low
305.97,10435,0,0.25314745348091733,0.25314745348091733,0,Low
171.0,2148,0,0.18445329624743448,0.18445329624743448,0,Low
159.95,14936,0,0.18432414971012268,0.1105944898260736,0,Low
117.0,10112,0,0.07646029649215942,0.07646029649215942,0,Low
59.0,4663,0,0.08345083143177011,0.08345083143177011,0,Low
29.0,12695,0,0.138003591245274,0.138003591245274,0,Low
200.0,1443,0,0.26684819937121246,0.16010891962272747,0,Low
29.0,16116,0,0.08751248947542743,0.08751248947542743,0,Low
171.0,8117,0,0.21062665437881417,0.21062665437881417,0,Low
226.0,6896,0,0.216084986345995,0.216084986345995,0,Low
81.95,3178,0,0.15423699415996528,0.15423699415996528,0,Low
26.95,13108,0,0.06003243825500009,0.06003243825500009,0,Low
97.0,17188,0,0.11877333271208465,0.11877333271208465,0,Low
103.97,12606,0,0.11607998131389968,0.0696479887883398,0,Low
59.0,16132,0,0.10094235588254985,0.10094235588254985,0,Low
500.0,8067,0,0.19278546341333808,0.11567127804800284,0,Low
250.0,15063,0,0.3759327846070821,0.3759327846070821,0,Low
45.95,1974,0,0.06350498846238302,0.06350498846238302,0,Low
25.0,12544,0,0.15298781400378691,0.15298781400378691,0,Low
125.0,15775,0,0.039170377836584044,0.039170377836584044,0,Low
25.0,7800,0,0.07706198502985391,0.07706198502985391,0,Low
35.95,11207,0,0.08541866228170145,0.08541866228170145,0,Low
159.0,16053,0,0.17603432035209635,0.17603432035209635,0,Low
29.0,17188,0,0.09550502883765428,0.09550502883765428,0,Low
222.0,16075,0,0.40260093780152284,0.40260093780152284,0,Low
117.0,5173,0,0.08368099063716906,0.08368099063716906,0,Low
77.0,9500,0,0.18829171193526434,0.18829171193526434,0,Low
57.95,12725,0,0.08643322746845578,0.08643322746845578,0,Low
619.95,10616,0,0.24270374916284765,0.24270374916284765,0,Low
200.0,16485,0,0.18595700936501935,0.18595700936501935,0,Low
623.5,5815,0,0.16738616860445596,0.16738616860445596,0,Low
39.95,2884,0,0.10161793071792102,0.10161793071792102,0,Low
200.0,13844,0,0.27379730149063136,0.27379730149063136,0,Low
25.0,12695,0,0.08895937143226337,0.08895937143226337,0,Low
49.0,8406,0,0.10295835601130575,0.10295835601130575,0,Low
34.0,3651,0,0.048588296978822984,0.048588296978822984,0,Low
59.0,6481,0,0.11891581511679174,0.11891581511679174,0,Low
30.95,1444,0,0.07039610622490185,0.07039610622490185,0,Low
200.0,7744,0,0.21734214146711398,0.21734214146711398,0,Low
43.97,8320,0,0.07540886883590192,0.07540886883590192,0,Low
59.0,10065,0,0.10151284370457103,0.10151284370457103,0,Low
77.0,13810,0,0.10459578357412427,0.10459578357412427,0,Low
97.95,17399,0,0.09626212266194427,0.09626212266194427,0,Low
31.95,15497,0,0.08723234047382418,0.08723234047382418,0,Low
25.0,3277,0,0.07063003069875498,0.07063003069875498,0,Low
209.95,15111,0,0.18253386231670293,0.18253386231670293,0,Low
117.0,7894,0,0.15355729930768627,0.15355729930768627,0,Low
59.0,5297,0,0.12184871576929872,0.12184871576929872,0,Low
50.0,3278,0,0.10671475595531678,0.10671475595531678,0,Low
49.0,12695,0,0.14860024779479414,0.14860024779479414,0,Low
75.0,8953,0,0.18470620757984932,0.18470620757984932,0,Low
29.95,9480,0,0.11146417368896866,0.11146417368896866,0,Low
87.95,18132,0,0.07518119696708454,0.07518119696708454,0,Low
207.95,10859,0,0.14744932946898853,0.14744932946898853,0,Low
61.95,12839,0,0.12310549722384227,0.12310549722384227,0,Low
280.0,15066,1,0.2305424903951389,0.2305424903951389,0,Low
54.5,10859,0,0.06318400702083735,0.06318400702083735,0,Low
226.0,1939,0,0.17418508965162657,0.17418508965162657,0,Low
54.5,2300,0,0.0853373635450208,0.0853373635450208,0,Low
30.95,13964,0,0.10755544565419461,0.10755544565419461,0,Low
744.95,4523,0,0.25923620160570754,0.25923620160570754,0,Low
100.0,5714,0,0.1460184252259912,0.1460184252259912,0,Low
30.0,2616,0,0.17247951113295712,0.17247951113295712,0,Low
25.95,16632,0,0.08374405437462107,0.08374405437462107,0,Low
134.95,6170,0,0.14599347286169537,0.14599347286169537,0,Low
335.0,9500,0,0.27517191019362836,0.27517191019362836,0,Low
49.0,7919,0,0.07724836291106707,0.07724836291106707,0,Low
50.0,17094,0,0.10838359438038965,0.06503015662823379,0,Low
39.0,4436,0,0.09622868591953983,0.09622868591953983,0,Low
34.0,16255,0,0.05868432618781751,0.05868432618781751,0,Low
117.0,10989,0,0.08316436774734909,0.08316436774734909,0,Low
172.05,7322,0,0.11269665791189076,0.11269665791189076,0,Low
29.0,7664,0,0.11518879661254826,0.11518879661254826,0,Low
107.95,13108,0,0.09013828384245028,0.09013828384245028,0,Low
29.0,15066,0,0.16172764234699818,0.16172764234699818,0,Low
43.97,2884,0,0.11172390333506228,0.11172390333506228,0,Low
105.0,11157,0,0.10203869936232085,0.10203869936232085,0,Low
102.0,1393,0,0.13640031892760132,0.13640031892760132,0,Low
29.0,13139,0,0.07763886907385184,0.07763886907385184,0,Low
57.95,4436,0,0.07536503773924996,0.07536503773924996,0,Low
104.47,5986,0,0.14534028769440005,0.14534028769440005,0,Low
255.0,3130,0,0.24937843681780905,0.24937843681780905,0,Low
59.0,18018,0,0.05939151100303523,0.05939151100303523,0,Low
52.95,16972,0,0.10100961510170375,0.10100961510170375,0,Low
206.0,17055,0,0.1396616782572121,0.1396616782572121,0,Low
2401.51,10616,0,0.21630121966973279,0.21630121966973279,0,Low
92.0,6481,0,0.12707718342569957,0.12707718342569957,0,Low
500.0,9043,0,0.2448539482768592,0.2448539482768592,0,Low
59.0,14102,0,0.07894864701979035,0.07894864701979035,0,Low
200.0,9043,0,0.19625620982747705,0.19625620982747705,0,Low
28.917,15885,0,0.12462933402571727,0.12462933402571727,0,Low
59.0,7826,0,0.11431151564437592,0.11431151564437592,0,Low
59.0,12839,0,0.12405634818245849,0.12405634818245849,0,Low
49.0,12729,0,0.11202228469438974,0.11202228469438974,0,Low
108.95,6592,0,0.14360224191500454,0.14360224191500454,0,Low
77.0,6344,0,0.16982434279536432,0.16982434279536432,0,Low
213.0,13481,0,0.18168757566627236,0.18168757566627236,0,Low
280.0,16750,0,0.11464411466504808,0.11464411466504808,0,Low
39.0,7005,0,0.1125654139172218,0.1125654139172218,0,Low
579.95,16255,0,0.1689919749031798,0.1689919749031798,0,Low
843.95,12850,0,0.21241526233432378,0.21241526233432378,0,Low
335.0,9803,0,0.27534577403516347,0.27534577403516347,0,Low
117.0,12686,0,0.11504282290482265,0.11504282290482265,0,Low
131.0,10680,0,0.15461765413331446,0.15461765413331446,0,Low
117.0,11282,0,0.08228994498971894,0.08228994498971894,0,Low
57.95,11724,0,0.1118428934903861,0.1118428934903861,0,Low
342.47,15497,0,0.21443572748009884,0.21443572748009884,0,Low
44.5,1974,0,0.0749099524780142,0.0749099524780142,0,Low
57.95,6019,0,0.12379461831379776,0.12379461831379776,0,Low
97.0,5962,0,0.17176547180958704,0.17176547180958704,0,Low
117.0,11839,0,0.15407577339636913,0.15407577339636913,0,Low
1265.5,12866,0,0.20971950311671658,0.20971950311671658,0,Low
77.0,3605,0,0.14962277625023837,0.14962277625023837,0,Low
57.95,15497,0,0.08277715720659387,0.08277715720659387,0,Low
30.95,1675,0,0.12088485701199714,0.12088485701199714,0,Low
112.0,9323,0,0.10851155416394062,0.10851155416394062,0,Low
250.0,7919,0,0.15932888960107805,0.15932888960107805,0,Low
171.0,12065,0,0.21020642955891178,0.21020642955891178,0,Low
31.95,16435,0,0.11425394247876658,0.11425394247876658,0,Low
275.0,3397,0,0.3799034957123106,0.3799034957123106,0,Low
39.0,7919,0,0.06675046308964838,0.06675046308964838,0,Low
77.95,1974,0,0.1011787263638439,0.1011787263638439,0,Low
100.0,13734,0,0.16150065069530153,0.16150065069530153,0,Low
50.0,18227,0,0.1582351939217871,0.1582351939217871,0,Low
207.45,6867,0,0.20410086827502602,0.12246052096501561,0,Low
82.95,1731,0,0.13205303293534904,0.13205303293534904,0,Low
107.95,16560,0,0.057886261524149295,0.057886261524149295,0,Low
209.95,7815,0,0.14129738783425125,0.14129738783425125,0,Low
50.0,3682,0,0.08827821213592568,0.08827821213592568,0,Low
29.0,6236,0,0.08955269359591993,0.08955269359591993,0,Low
31.0,11401,0,0.06514857604656035,0.06514857604656035,0,Low
226.0,4272,0,0.19329241376347528,0.19329241376347528,0,Low
105.95,12695,0,0.13657379005679654,0.13657379005679654,0,Low
240.0,4067,0,0.21975013453080025,0.21975013453080025,0,Low
159.95,3672,0,0.19652559135886066,0.19652559135886066,0,Low
57.95,17188,0,0.09889715325744353,0.09889715325744353,0,Low
29.0,18039,0,0.08209030801776292,0.08209030801776292,0,Low
319.95,16075,0,0.29121436225102787,0.29121436225102787,0,Low
150.0,2903,0,0.25354043234738066,0.25354043234738066,0,Low
67.95,1682,0,0.12649261909425322,0.12649261909425322,0,Low
47.95,5437,0,0.13103595848169372,0.07862157508901622,0,Low
87.95,12839,0,0.1321572660781872,0.1321572660781872,0,Low
445.0,9379,0,0.28333878183092986,0.28333878183092986,0,Low
39.0,9021,0,0.14486317094047427,0.14486317094047427,0,Low
554.0,17729,0,0.21798388223582613,0.21798388223582613,0,Low
206.0,16075,1,0.5600724123629859,0.5600724123629859,0,Medium
226.0,16859,1,0.2375497659265832,0.4425298595559499,1,Low
50.0,10023,0,0.11421765061143593,0.11421765061143593,0,Low
55.0,10057,0,0.10820736611185272,0.10820736611185272,0,Low
87.99,14426,0,0.14587340762530066,0.14587340762530066,0,Low
226.0,16132,0,0.14480896260287737,0.14480896260287737,0,Low
58.95,18132,0,0.0509935493335065,0.0509935493335065,0,Low
50.0,6019,0,0.16918585754995122,0.16918585754995122,0,Low
57.95,8613,0,0.10199248919748229,0.10199248919748229,0,Low
125.0,11386,0,0.1234834551801922,0.1234834551801922,0,Low
100.0,5641,0,0.14157216470551023,0.14157216470551023,0,Low
59.0,7919,0,0.055580587746718695,0.055580587746718695,0,Low
40.0,3682,0,0.06572690337021196,0.06572690337021196,0,Low
57.95,4251,0,0.08327711818159585,0.08327711818159585,0,Low
59.0,7919,0,0.05643551726531108,0.05643551726531108,0,Low
87.0,15651,0,0.11818965947664287,0.11818965947664287,0,Low
34.0,12725,0,0.10230490731541556,0.10230490731541556,0,Low
82.95,10057,0,0.13522093369107224,0.13522093369107224,0,Low
100.0,8691,0,0.03975880782515275,0.03975880782515275,0,Low
44.5,12932,0,0.1045623728943613,0.1045623728943613,0,Low
52.0,7919,0,0.07713549553672547,0.07713549553672547,0,Low
29.0,1741,0,0.081487890993787,0.081487890993787,0,Low
105.0,8033,0,0.15436318529700546,0.15436318529700546,0,Low
35.95,7585,0,0.1657426291628629,0.1657426291628629,0,Low
50.0,11207,0,0.1442393743373055,0.1442393743373055,0,Low
25.0,17295,0,0.09587125400783078,0.09587125400783078,0,Low
117.0,17188,0,0.133508515340359,0.133508515340359,0,Low
280.0,11207,0,0.2421158674693481,0.2421158674693481,0,Low
87.0,9992,0,0.080848559129147,0.080848559129147,0,Low
35.95,6170,0,0.0933170164733329,0.0933170164733329,0,Low
57.95,15066,0,0.165973303530197,0.165973303530197,0,Low
29.5,6530,0,0.06034054722712985,0.06034054722712985,0,Low
232.95,2249,0,0.2438306234834516,0.2438306234834516,0,Low
125.0,8695,0,0.12006831365365722,0.12006831365365722,0,Low
29.0,7638,0,0.07700787545036245,0.07700787545036245,0,Low
50.95,12544,0,0.09346224856871822,0.09346224856871822,0,Low
107.95,12932,0,0.09552010688392717,0.09552010688392717,0,Low
100.0,6019,0,0.1770123892190288,0.1770123892190288,0,Low
102.0,17188,0,0.12137775639455514,0.12137775639455514,0,Low
117.0,9500,1,0.19380757637229987,0.19380757637229987,0,Low
117.0,7919,0,0.0669043164769731,0.0669043164769731,0,Low
100.0,5409,0,0.13325490067727466,0.13325490067727466,0,Low
50.0,2361,0,0.10437089634918366,0.10437089634918366,0,Low
59.0,16959,0,0.12631294934803866,0.12631294934803866,0,Low
39.0,15066,0,0.17673578877087828,0.17673578877087828,0,Low
92.0,7815,0,0.10388729993724594,0.10388729993724594,0,Low
117.0,17139,0,0.1370785294382922,0.1370785294382922,0,Low
117.0,12501,0,0.13190198292193994,0.13190198292193994,0,Low
108.31,6289,0,0.08029437312038717,0.08029437312038717,0,Low
226.0,12695,0,0.21736693030896304,0.21736693030896304,0,Low
59.0,11207,0,0.12997572301772972,0.12997572301772972,0,Low
77.0,1974,0,0.1104735350408414,0.1104735350408414,0,Low
100.0,3821,0,0.11607652464194367,0.11607652464194367,0,Low
250.0,16659,0,0.22503234720550594,0.22503234720550594,0,Low
271.45,5433,0,0.2511655977061332,0.2511655977061332,0,Low
10.99,17399,0,0.07762478874897406,0.07762478874897406,0,Low
126.0,12839,0,0.13434684770692817,0.13434684770692817,0,Low
10.95,7861,0,0.22364507428337674,0.22364507428337674,0,Low
34.0,8333,0,0.05223898471014926,0.05223898471014926,0,Low
49.0,7676,0,0.132766396418424,0.132766396418424,0,Low
57.95,9002,0,0.1271566093079331,0.1271566093079331,0,Low
335.0,10112,0,0.19859100767802598,0.19859100767802598,0,Low
50.0,13526,0,0.10005561625330366,0.10005561625330366,0,Low
59.0,7669,0,0.08628304063979003,0.08628304063979003,0,Low
73.5,5772,0,0.14239692640153961,0.14239692640153961,0,Low
50.0,10486,0,0.12660128087433006,0.12660128087433006,0,Low
100.0,16659,0,0.10511442561760427,0.10511442561760427,0,Low
82.95,7826,0,0.13627657430674733,0.13627657430674733,0,Low
112.0,2772,0,0.13997417271015095,0.13997417271015095,0,Low
49.0,12695,0,0.14860024779479414,0.14860024779479414,0,Low
59.0,9992,0,0.08836406109044682,0.08836406109044682,0,Low
445.0,9112,0,0.2462639719990309,0.2462639719990309,0,Low
117.0,5033,0,0.13622175056305394,0.13622175056305394,0,Low
70.0,8406,0,0.10649663915096559,0.10649663915096559,0,Low
585.0,10723,0,0.14727663389064208,0.14727663389064208,0,Low
90.0,8732,0,0.08769101724628295,0.08769101724628295,0,Low
146.0,12695,0,0.21373692923361745,0.21373692923361745,0,Low
82.95,7815,0,0.10493802123342663,0.10493802123342663,0,Low
29.0,10112,0,0.06038388558531611,0.06038388558531611,0,Low
59.0,7508,0,0.1634813534204994,0.1634813534204994,0,Low
500.0,6580,0,0.4911019649893855,0.4911019649893855,0,Medium
200.0,12850,0,0.17751877883965717,0.17751877883965717,0,Low
560.61,15063,0,0.38881050800687283,0.38881050800687283,0,Low
226.0,7207,0,0.16645385142503094,0.16645385142503094,0,Low
365.05,15066,0,0.14440166351470812,0.14440166351470812,0,Low
27.0,10496,0,0.1223647264117136,0.1223647264117136,0,Low
102.0,5089,0,0.12202584512878337,0.12202584512878337,0,Low
15.95,12817,0,0.12143529492945898,0.12143529492945898,0,Low
226.0,6832,0,0.17989966994652448,0.17989966994652448,0,Low
34.0,16115,0,0.051466321954017055,0.051466321954017055,0,Low
206.0,18132,0,0.2148939524384807,0.2148939524384807,0,Low
226.0,12581,0,0.21040075565135005,0.21040075565135005,0,Low
31.95,18018,0,0.05268172756997362,0.05268172756997362,0,Low
1541.0,7585,0,0.2207310272901731,0.2207310272901731,0,Low
50.0,10024,0,0.12573718240042756,0.12573718240042756,0,Low
57.0,17400,0,0.1117450811698543,0.1117450811698543,0,Low
100.0,11106,0,0.10084800094040773,0.10084800094040773,0,Low
35.95,5033,0,0.07995042759219968,0.07995042759219968,0,Low
834.0,3891,0,0.5034624185819644,0.5034624185819644,0,Medium
117.0,11635,0,0.14092080256074227,0.14092080256074227,0,Low
50.0,1675,0,0.14299058322351027,0.14299058322351027,0,Low
21.31,7508,0,0.09400719256583427,0.09400719256583427,0,Low
209.95,4806,0,0.20932458267900916,0.20932458267900916,0,Low
35.95,17188,0,0.09120643807381454,0.09120643807381454,0,Low
1782.95,12839,0,0.22942604193550065,0.22942604193550065,0,Low
874.83,10616,0,0.32465847629524297,0.32465847629524297,1,Low
557.1,16988,0,0.24279245525088608,0.24279245525088608,0,Low
107.95,12695,0,0.0973929505361427,0.0973929505361427,0,Low
59.0,15986,0,0.06453454817794917,0.06453454817794917,0,Low
171.0,17055,0,0.1434381449980616,0.1434381449980616,0,Low
45.95,7669,0,0.0823772419054484,0.0823772419054484,0,Low
49.0,4663,0,0.07823477132549128,0.07823477132549128,0,Low
149.95,3827,0,0.14956594762788916,0.14956594762788916,0,Low
51.0,16085,0,0.06787794600272645,0.06787794600272645,0,Low
527.0,6635,0,0.2682962011231801,0.2682962011231801,0,Low
117.0,17188,0,0.133508515340359,0.133508515340359,0,Low
65.0,12577,0,0.060588869940250846,0.060588869940250846,0,Low
1541.0,14902,0,0.2478689546185941,0.2478689546185941,0,Low
50.0,1431,0,0.12644690290444038,0.12644690290444038,0,Low
72.0,13108,0,0.12011141203929912,0.12011141203929912,0,Low
59.0,15651,0,0.10302933770604321,0.10302933770604321,0,Low
35.95,7835,0,0.14609675919630946,0.14609675919630946,0,Low
57.95,17962,0,0.062238601923864045,0.062238601923864045,0,Low
280.0,6741,1,0.3032598504988925,0.3032598504988925,0,Low
59.0,10616,0,0.21895923435377235,0.21895923435377235,0,Low
59.0,15592,0,0.08620153366705206,0.08620153366705206,0,Low
209.0,5033,0,0.2649919384388677,0.2649919384388677,0,Low
51.0,14712,0,0.08268891243805893,0.08268891243805893,0,Low
117.0,12538,0,0.12724094438386585,0.12724094438386585,0,Low
57.95,4806,0,0.08052846406871561,0.08052846406871561,0,Low
107.95,4136,0,0.09904882088062202,0.09904882088062202,0,Low
50.0,13748,0,0.04395255250135776,0.026371531500814654,0,Low
57.95,6452,0,0.14334499297253753,0.08600699578352251,0,Low
50.0,3682,0,0.09130974069195398,0.09130974069195398,0,Low
100.0,8431,0,0.14079752862393036,0.14079752862393036,0,Low
25.0,8695,0,0.10892110548832601,0.10892110548832601,0,Low
47.95,14605,0,0.13447396575866968,0.13447396575866968,0,Low
35.95,7299,0,0.08949654854445117,0.08949654854445117,0,Low
84.0,9112,0,0.14510259560996558,0.14510259560996558,0,Low
500.0,1592,0,0.21388183065122082,0.21388183065122082,0,Low
79.871,15885,0,0.06049835446993066,0.06049835446993066,0,Low
59.0,16560,0,0.05510676843008937,0.05510676843008937,0,Low
47.95,9696,0,0.09947359617808058,0.09947359617808058,0,Low
50.0,10740,0,0.08800953406053051,0.08800953406053051,0,Low
81.95,1675,0,0.14239823858537878,0.14239823858537878,0,Low
107.95,11218,0,0.14835892989324154,0.14835892989324154,0,Low
52.95,3605,0,0.11234561116275897,0.11234561116275897,0,Low
100.0,5222,0,0.11963447267573439,0.11963447267573439,0,Low
117.0,2148,0,0.10016386683303237,0.10016386683303237,0,Low
70.5,5033,0,0.1198755321812498,0.1198755321812498,0,Low
159.95,15160,0,0.19306167281221626,0.19306167281221626,0,Low
171.0,15525,1,0.26298827869811947,0.26298827869811947,0,Low
884.0,4563,0,0.27674241015628276,0.27674241015628276,0,Low
59.0,6530,0,0.06694626719472625,0.06694626719472625,0,Low
117.0,8586,0,0.16204522114393524,0.16204522114393524,0,Low
200.0,16659,0,0.17366815647673114,0.17366815647673114,0,Low
300.0,6344,0,0.41929316512393294,0.41929316512393294,0,Low
160.5,7664,0,0.199585995968756,0.199585995968756,0,Low
107.95,5431,0,0.11581872325910807,0.06949123395546483,0,Low
157.95,14628,0,0.15682105654779638,0.15682105654779638,0,Low
335.0,17635,0,0.27645212020869414,0.27645212020869414,0,Low
59.0,7207,0,0.09773474312279204,0.09773474312279204,0,Low
26.37,11162,0,0.08499157697330881,0.08499157697330881,0,Low
48.95,2270,0,0.07643883086879437,0.07643883086879437,0,Low
49.0,7919,0,0.0634117490219292,0.0634117490219292,0,Low
47.95,12016,0,0.07694055159337497,0.04616433095602498,0,Low
117.0,8917,0,0.15938869575448988,0.15938869575448988,0,Low
100.0,15928,0,0.09801329133294633,0.05880797479976779,0,Low
50.0,16659,0,0.10771728839944845,0.10771728839944845,0,Low
24.99,7919,0,0.06510742770224848,0.06510742770224848,0,Low
75.0,1214,0,0.13179835864401346,0.13179835864401346,0,Low
67.95,16075,0,0.15843608321890673,0.15843608321890673,0,Low
2291.95,6741,0,0.1730569562378327,0.1730569562378327,0,Low
50.0,9500,0,0.13792690147839493,0.13792690147839493,0,Low
108.5,2803,0,0.08908361182043896,0.08908361182043896,0,Low
499.94,10616,0,0.29731878074598783,0.29731878074598783,0,Low
70.443,11201,0,0.05895046791303875,0.05895046791303875,0,Low
54.0,6530,0,0.06276171134654672,0.06276171134654672,0,Low
105.0,5409,0,0.13573032126819418,0.13573032126819418,0,Low
20.0,7919,0,0.05195182253192259,0.05195182253192259,0,Low
117.0,18343,0,0.1381767191160732,0.1381767191160732,0,Low
29.0,5711,0,0.06840149863867401,0.06840149863867401,0,Low
50.0,10680,0,0.14776478594464626,0.14776478594464626,0,Low
55.0,12037,0,0.07952586178747711,0.07952586178747711,0,Low
554.0,3258,0,0.24043851051635554,0.24043851051635554,0,Low
100.0,7919,0,0.08161305216364269,0.08161305216364269,0,Low
200.0,16203,0,0.19347142061024747,0.19347142061024747,0,Low
317.5,14415,0,0.2263294205012983,0.2263294205012983,0,Low
34.0,10616,0,0.17711157968693275,0.17711157968693275,0,Low
117.0,18249,0,0.07417383565052274,0.07417383565052274,0,Low
72.0,2157,0,0.11313568682786654,0.11313568682786654,0,Low
100.0,7508,0,0.15789403292693124,0.15789403292693124,0,Low
193.0,4029,0,0.2162539847019949,0.2162539847019949,0,Low
150.0,15497,0,0.2600520110830367,0.2600520110830367,0,Low
49.0,10948,0,0.09325452553692726,0.09325452553692726,0,Low
100.0,18268,0,0.12775869098452722,0.12775869098452722,0,Low
97.0,10112,0,0.09344046222548659,0.09344046222548659,0,Low
100.0,10486,0,0.1627659612037106,0.1627659612037106,0,Low
144.21,9500,0,0.23326444892264714,0.23326444892264714,0,Low
30.0,16568,0,0.1009953617368866,0.1009953617368866,0,Low
44.5,11306,0,0.09758015241886482,0.09758015241886482,0,Low
150.0,8061,0,0.25254647618950843,0.25254647618950843,0,Low
226.0,12725,0,0.19061250562537282,0.19061250562537282,0,Low
57.95,14170,0,0.07986819829273893,0.07986819829273893,0,Low
85.0,15066,0,0.39487477698026185,0.39487477698026185,0,Low
82.95,7815,0,0.09960053702801366,0.09960053702801366,0,Low
117.0,16255,0,0.07568066819223819,0.07568066819223819,0,Low
100.0,3207,0,0.15052074927452788,0.15052074927452788,0,Low
57.95,7826,0,0.07563995360889876,0.07563995360889876,0,Low
117.0,16883,0,0.09813065389094247,0.09813065389094247,0,Low
34.0,10112,0,0.06311991582508544,0.06311991582508544,0,Low
226.0,18343,0,0.19146570629495394,0.19146570629495394,0,Low
58.51,17188,0,0.08925191202945705,0.08925191202945705,0,Low
159.95,3579,0,0.22141225636237924,0.22141225636237924,0,Low
107.95,7299,0,0.08222258532804066,0.08222258532804066,0,Low
265.0,17188,0,0.23395258971697122,0.23395258971697122,0,Low
87.0,14741,0,0.11120227642495742,0.11120227642495742,0,Low
480.72,9708,0,0.17183545727952634,0.17183545727952634,0,Low
141.0,5033,0,0.3081041776586417,0.3081041776586417,0,Low
107.95,12695,0,0.12044336368111219,0.12044336368111219,0,Low
44.5,13906,0,0.06647977066274692,0.06647977066274692,0,Low
59.0,4685,0,0.13588955044123774,0.13588955044123774,0,Low
1364.95,16075,0,0.12565081471418232,0.12565081471418232,0,Low
23.95,12469,0,0.07115708802769852,0.07115708802769852,0,Low
171.0,9749,0,0.2024543518204347,0.2024543518204347,0,Low
117.0,13484,0,0.14460541368448201,0.14460541368448201,0,Low
179.95,15185,0,0.1795377373500513,0.1795377373500513,0,Low
209.95,2803,0,0.1816900345889616,0.1816900345889616,0,Low
10.0,11106,0,0.09676933470657549,0.09676933470657549,0,Low
97.0,9749,0,0.13321431688940671,0.13321431688940671,0,Low
29.0,11204,0,0.12026061474202093,0.12026061474202093,0,Low
57.95,12544,0,0.1141141932249565,0.1141141932249565,0,Low
53.5,4231,0,0.0949122491155315,0.0949122491155315,0,Low
117.0,17188,0,0.133508515340359,0.133508515340359,0,Low
117.0,12695,0,0.15162401248093194,0.15162401248093194,0,Low
1524.95,4141,0,0.17495201721361117,0.17495201721361117,0,Low
35.95,16853,0,0.09083692133555193,0.09083692133555193,0,Low
92.0,17399,0,0.09649737055526453,0.09649737055526453,0,Low
25.0,10271,0,0.08966816289694526,0.05380089773816716,0,Low
250.0,18227,0,0.2774884191366374,0.2774884191366374,0,Low
62.95,7919,0,0.06257601031025622,0.06257601031025622,0,Low
44.5,9500,0,0.13443899607892454,0.13443899607892454,0,Low
317.5,11108,0,0.185719886379067,0.185719886379067,0,Low
55.0,6194,0,0.07022308443225966,0.07022308443225966,0,Low
1561.48,18175,0,0.10510319029797112,0.06306191417878267,0,Low
50.0,2464,0,0.1164489672942427,0.1164489672942427,0,Low
107.95,9680,0,0.09878821561622604,0.09878821561622604,0,Low
29.95,14511,0,0.08556093128739871,0.08556093128739871,0,Low
107.95,1869,0,0.09649851925697826,0.09649851925697826,0,Low
28.95,2455,0,0.13798844949774408,0.13798844949774408,0,Low
51.95,7207,0,0.09625156838250515,0.09625156838250515,0,Low
200.0,5909,0,0.2063415012677356,0.2063415012677356,0,Low
100.0,9803,0,0.1929848688554797,0.1929848688554797,0,Low
330.99,12695,0,0.2640556934282809,0.2640556934282809,0,Low
117.0,2755,0,0.18758192875555008,0.18758192875555008,0,Low
49.0,16070,0,0.08147834180465707,0.08147834180465707,0,Low
75.0,9500,0,0.1943967650257198,0.1943967650257198,0,Low
209.95,15066,0,0.18450516113527624,0.18450516113527624,0,Low
73.95,5291,0,0.15601583134405542,0.15601583134405542,0,Low
57.95,7919,0,0.04426947136771635,0.04426947136771635,0,Low
335.0,10734,0,0.23005062697782833,0.23005062697782833,0,Low
77.0,1939,0,0.12294573508933239,0.12294573508933239,0,Low
50.0,10057,0,0.10000997896137259,0.10000997896137259,0,Low
15.0,12544,0,0.16842823029067083,0.16842823029067083,0,Low
36.25,16255,0,0.055808919208694574,0.055808919208694574,0,Low
57.0,14259,0,0.11814649208515453,0.11814649208515453,0,Low
300.0,16078,0,0.228292790784817,0.1369756744708902,0,Low
49.0,14428,0,0.12880666655329012,0.12880666655329012,0,Low
117.0,1393,0,0.13626794408871135,0.13626794408871135,0,Low
578.89,2616,0,0.3755553424189616,0.3755553424189616,0,Low
107.95,17400,0,0.09981519143350455,0.09981519143350455,0,Low
107.95,10057,0,0.09753238162142447,0.09753238162142447,0,Low
29.0,18249,0,0.05110613310152475,0.05110613310152475,0,Low
1153.98,10188,0,0.06993178932794798,0.06993178932794798,0,Low
59.0,7919,0,0.07380200882483515,0.07380200882483515,0,Low
191.0,2616,0,0.3273604975960721,0.3273604975960721,1,Low
82.95,5033,0,0.17622620218651386,0.17622620218651386,0,Low
226.0,9500,0,0.22608908128606042,0.22608908128606042,0,Low
63.97,17188,0,0.1192308950810978,0.1192308950810978,0,Low
107.95,11148,0,0.10938451548914116,0.10938451548914116,0,Low
26.5,17943,0,0.07058473475605052,0.04235084085363031,0,Low
209.95,14290,0,0.178258322262058,0.178258322262058,0,Low
