TransactionAmt,card1,card2,card3,card5,addr1,addr2,isFraud,predicted_prob,predicted_flag,TransactionAmt_orig
-0.04545796782109309,-0.014747526075872866,0.0013889931971166887,-0.0013877281022607795,0.005235499366739899,-0.011516933908937476,-0.0012338159870549329,0,0.0993760018072666,0,107.95
-0.05181517524160053,-0.008048715536728314,0.0016546405297339561,-0.0014812370584608046,0.003044765387847361,-0.021037329901300323,-0.0015473020004997228,0,0.08786512731762124,0,39.0
-0.025663243964390275,0.0023491300119660883,0.00455359768488089,-0.0014171734058220065,-0.02493882290284523,0.020173748493385685,-0.001361345435997754,1,0.14079137161980593,0,44.0
-0.03771361234465634,-0.0015008633932415104,0.03661087638483077,0.08837296216903788,-0.05038506301740092,0.0543561207216188,0.10000062040928914,0,0.356836522068108,1,100.0
-0.01785724741265176,0.006891228845690396,0.004135851063952558,-0.0018307938527348851,0.009797106611723266,0.007106297300593467,-0.0018462512940358527,0,0.1734916724011664,0,100.0
-0.018998351082084905,-0.0017928608327358844,-0.004031502551487665,-0.0015436953783152416,-0.04763561386254236,-0.0033910896496586376,-0.0016911850807257624,0,0.08801118270107834,0,77.95
-0.035266434062242905,0.0024391423606207312,0.008701671255260402,-0.0014278153330746601,0.039261749104654395,0.00919164673200977,-0.001376605430200721,0,0.18861883576565586,0,47.95
-0.02191967275024239,-0.021677381800645407,-0.014775102828703974,-0.0012502464439349968,0.003941282108116762,-0.005152562690780058,-0.0011473711148347937,0,0.10511442561760428,0,100.0
0.06695134861965103,-0.01371255736317236,0.006456963291617034,0.11203858399803657,0.0019584358845455983,-0.01159058447504714,-0.01623152210921254,0,0.31296614898504665,0,150.0
-0.01259778290100179,0.0059615060685052415,-0.0019322416260570386,-0.0014403475805288997,0.00471593411731265,-0.009507038035730485,-0.0015270393947145575,0,0.15076847178641467,0,82.0
-0.047441724053138956,-0.003178318051006627,-0.005266628865818573,-0.0015590801963544778,-0.011072813119236547,0.00048526264601526426,-0.0019006148222817433,0,0.09716156467680763,0,25.95
-0.03584424605643215,0.000807075800032753,-0.021449980604399555,-0.0015026367261327305,0.002575474451969895,0.0045902716072613505,-0.00171930431371304,0,0.11455213529721588,0,53.97
-0.044300500499226375,0.009647502466704264,0.012665972555484495,-0.0014679907567831647,0.009150871728874669,0.009029557455158798,-0.001349960826653273,0,0.16047093326218917,0,107.95
-0.0388956994056592,-0.02483677035402458,-0.0029622201567693217,-0.001446177590564706,-0.008379278861584663,-0.01750288067383185,-0.0014735446043822324,0,0.07159890949181244,0,59.0
-0.042289216154287074,0.00038275941856549676,-0.00235000733873014,-0.0017711628332943653,0.00729415349362677,0.010836217507640992,-0.0018788313048834473,0,0.13731939392726766,0,57.0
0.08449971169000096,-0.0017123294593244874,0.009978229520248348,-0.0026224451554913643,0.006380690707198287,-0.021060666319720422,-0.0013304281558100285,0,0.24122824396573112,0,149.0
0.11270092310366005,-0.004404172596281142,-0.0219530287455386,-0.0016744998385281437,0.0037883918330284356,-0.005255965557071163,-0.0011344947407002026,0,0.24916263459719729,0,500.0
-0.06032601140912103,-0.010970351343889769,-0.003494551904799959,-0.002019792061764145,0.0055759787978857,0.0050944076370921165,-0.002044686186073815,0,0.09891047466795908,0,34.5
0.12898191833367964,-0.012712256571274888,-0.016288946792254008,-0.001812524321041998,-0.03941446010324268,-0.0044009431940096305,-0.0011634623424141637,0,0.22028480614807092,0,300.0
0.10088123702625341,0.002738511168228477,0.005316460206153038,-0.0013475215658345335,0.01005610761120145,-0.0048184981631965345,-0.0006813856775490614,0,0.2792403917438852,0,351.95
-0.02920087906608757,-0.004377733800938281,0.0031455043012650736,-0.001566204709214044,0.007856890987656146,0.003988201026577726,-0.0017327814183252315,0,0.1452084784595632,0,59.0
0.10520200451939413,-0.004384232969378904,0.0018871439315310636,-0.002777080549823336,-0.0029012467770200916,0.0027338653430507356,-0.0011373686632510866,0,0.2657185659731311,0,270.0
0.04499851273459342,-0.009417028014843358,-0.009076258321214841,-0.001815780986391929,-0.048589085433008564,-0.006721719458654704,-0.0008762834952374292,0,0.1355978381638724,0,221.99
-0.016982089745838706,0.0019218976268518635,-0.019343458239902786,-0.001371726664510949,-0.0048723318965401535,-0.0023988444154273724,-0.0015459116576474969,0,0.1225030161456138,0,100.0
-0.047490718312186556,-0.0005990851903625746,-0.004163996098566909,-0.0014544348916480595,-0.046592329003448084,-0.0023116434029058033,-0.0013461118112933356,0,0.06313716242821793,0,29.0
-0.04536298843443643,-0.004875634766129943,-0.0008131187069212586,-0.0015585459051364863,0.007936144781681394,-0.00915846252585911,-0.0015587323399784297,0,0.11170414324184932,0,107.95
-0.054769759433592594,0.024813411853771065,0.004299347894399886,-0.0015580450348220206,0.05912612433977327,-0.032366795765846106,-0.0012448333748795346,0,0.16539493161743388,0,100.0
-0.059786302378852865,-0.0031240116399342405,-0.02240311825419867,-0.0015842891541838883,-0.0007319639695439577,-0.007801802210411267,-0.001823644139527047,0,0.06984034939197735,0,58.95
-0.05648735008234962,-0.011696571925899497,0.0018240220511104037,-0.001443289317942923,0.00877005692429722,-0.00010066166210855597,-0.001445934260326748,0,0.10651575286541044,0,56.5
-0.01875123937376196,-0.0008053625328052745,0.0028895356336937376,-0.001338890140758716,0.006296642851717613,-0.00920064180570432,-0.001275724189115777,0,0.14490980158189437,0,117.0
-0.036247351812285694,0.00021886469810927577,-0.009788768014645122,-0.0014554615128579177,-0.02392467344994163,0.0008908845816727362,-0.0014324777238066049,0,0.09535649790487392,0,49.0
-0.037222268318535784,-0.008101082517985733,-0.016627880452993373,-0.0012794840697824283,-0.0012138475878883971,-0.01282166925668591,-0.001485941262535957,0,0.08834330767222168,0,50.0
-0.03230840037214367,-0.003984357188232497,-0.02347431616527006,-0.0016245133410473806,-0.0032891034365677063,-0.00834501939367273,-0.002239301046822268,0,0.09183047019487287,0,59.0
-0.02280892115592223,-0.007347708843479533,-0.025920139128971693,-0.0017014551743578326,-0.039299925323807015,-0.005626599476489357,-0.0016694259327778966,0,0.06272130610282294,0,129.95
-0.07720067740167348,-0.005718046907500597,0.0020392751692171517,-0.001711314944128194,-0.016353113202471563,-0.004496849445836567,-0.0015738076927120704,0,0.06208094671352336,0,57.95
-0.055995963784623584,-0.0076819651602740005,0.001270246047979419,-0.0015676701020508235,0.000895475482869027,-0.0062636814941210575,-0.0018331953307627366,0,0.09591872679764575,0,30.95
-0.04707902235040246,-0.012422979736092146,-0.004558521646512711,-0.0018862836490420628,-0.02452323499319306,-0.014442724090996513,-0.0019447272044051263,0,0.060237987467985275,0,49.0
0.0895479068020499,0.0006478110973648759,-0.015799622690574118,-0.0016064403281770977,0.005424867100357567,-0.00867189050464783,-0.001134781701258767,0,0.23550333091374323,0,250.0
-0.033754287815479796,-0.004531297514817671,0.0035510402394626816,-0.0015151175495501383,0.0076004858226434106,0.004920168099162005,-0.0015249455499234338,0,0.14184152687012647,0,67.95
-0.07603987748412627,-0.013778839609850007,-0.009564232708739219,0.017177151776789412,0.005571897332671521,-0.0010397298396647233,-0.007518893788766416,0,0.08190295681694267,0,25.95
-0.04642928793767833,0.01209493772352438,0.014719715781963768,-0.0013588775975374528,0.009743166634803187,0.012265161731281471,-0.0016572439609766493,0,0.16647305351401007,0,29.0
-0.06266949221199695,-0.006311075337134875,-0.01644441273734606,-0.0016631954574213054,-0.008555304084112501,-0.01775961673600494,-0.0020816370664392373,0,0.05161074750817352,0,57.95
-0.03570312456348077,-0.0003748220654948297,-0.022350902207370633,-0.0015311625702446132,0.004822022386310892,0.004136877569795314,-0.0018061220008613755,0,0.11428824768728317,0,55.0
0.04030606367072348,-0.04107170527969054,-0.00812580473786865,-0.002170169607036137,0.039026509549970785,-0.024821675626071717,-0.0012594861735216944,0,0.16897921293513485,0,219.95
-0.018826167363473457,-0.006198309549474011,-0.027305193247007108,-0.0018946246046158439,-0.04093897922188424,-0.0034390734365705527,-0.0017083970643863543,0,0.06678473665121731,0,117.0
-0.0569324239133551,-0.009678665154280766,-0.006798596822209882,0.029980509009598214,-0.0036341987153966373,-0.0016890848599225468,-0.0075288384738633534,0,0.11081418220919974,0,61.95
-0.04467031089089461,-0.0021281128802192817,0.0027984876380453333,-0.0016586556701146447,0.008302754452625655,0.008954600933408491,-0.0016556609500361279,0,0.13703858377144434,0,47.95
-0.03283822297754028,-0.005221104605410311,-0.02081771865930762,-0.0015929981117611875,-0.003706937758380819,-0.022527467512219367,-0.0019116977225321278,0,0.07847933379147727,0,60.0
-0.017309395819754877,-0.00619573962095336,-0.0019750878746411043,-0.0013549095627960804,0.006763783972797617,-0.005379663800846971,-0.001321679807212617,0,0.14032278862522177,0,117.0
-0.044592773156818116,-0.00614387090590622,0.0010567881025189915,-0.0013615819986457353,0.008929574902448828,0.011528643806508027,-0.0017483139341399419,0,0.13476394795459495,0,47.95
-0.05835753731839772,-0.004246616453436714,-0.017908314092999398,-0.0014574419157809464,0.0009700399993994587,0.008040519496839435,-0.0015937960222000994,0,0.09254233483205367,0,57.95
-0.04424043967585023,-0.027417513176712663,0.001120576152421559,-0.0012817648276977685,0.006917742413143623,0.003826674267605379,-0.001035451543150891,0,0.1049853047483878,0,108.5
-0.05022233949769025,0.0013939401414622265,0.002602455589201917,-0.001311033870631829,0.009214052089667288,0.012629376758150847,-0.00120879278663639,0,0.14019313956215318,0,29.0
-0.04612319127580905,-0.0067454223192650225,-0.015782368466857995,-0.0015511288271222439,-0.03757297118401768,-0.0070534626135014995,-0.0015262173690976325,0,0.05074071908295799,0,29.0
-0.014685201933442813,-0.0046009819020083045,0.00019579047639347048,-0.0015944065047784049,0.0013784605139279611,0.0017660144260415044,-0.0011974930624517326,0,0.14835766315231078,0,107.0
-0.024100959099390026,-0.009686224165497652,0.054072340399348544,-0.0017084062515334288,0.011766040206400583,-0.012489791260875132,-0.001270289396399004,0,0.1836781915706828,0,107.95
-0.07107430921945673,-0.00039567340084077526,0.0007169859205151889,-0.001580000441724335,-0.005150037283651094,-0.008265372356748048,-0.0018707669969971765,0,0.07947630735972566,0,57.95
-0.017316306257441547,-0.025774718869851894,0.014232988975957447,-0.0011914581426801046,0.01803205434100944,-0.002437489249114175,-0.0008451028241345532,0,0.15179544911237344,0,117.0
0.08633882558562739,0.03078803428594347,0.10882418760295978,-0.0013065953453133298,0.06824175549544995,0.009537034453176912,-0.00021583732467051834,0,0.469302885891802,1,1855.88
-0.010051598148149224,-0.002709694645350585,-0.0127560671437783,-0.001595376105921357,-0.03529050656756423,-0.0007234717081125047,-0.0016120983799173825,0,0.1023566684398357,0,100.0
0.01980360115023105,-0.007689592276313786,-0.011971133415894373,-0.0017531694459891668,0.0052637682579781304,0.0037791085701006644,-0.0012993560451419516,0,0.17322870793359976,0,159.95
-0.033205032539808776,-0.00472738966717421,0.00114968955870714,-0.0013665633147516858,0.004286615796273269,-0.01525609630784466,-0.0014845580054691427,0,0.11649214665856117,0,59.0
-0.00805711962387353,-0.0005933433250094827,0.042201580360843295,-0.0015344778763812855,0.009302025581653016,-0.042756313625405364,-0.0013772890356917515,0,0.16428054359476388,0,80.0
-0.049217984356141296,-0.013397593313943693,-0.005968385042799454,-0.0014777925648151017,0.00951087256892811,0.010180235406460876,-0.001234153212280193,0,0.11549068062403935,0,39.0
-0.05754539934665032,-0.004622852859016858,0.003489496324604215,-0.0014861045653456395,0.0012320704524832063,-0.01950371817169792,-0.0017379162505719722,0,0.08692105672243397,0,20.0
-0.05121194038341348,-0.001700048014398679,-0.00014020522251679567,-0.0017043120914316896,0.0060478112819575365,-0.006843886303522218,-0.001974487281397203,0,0.1095684131239071,0,47.95
-0.06722138775694907,-0.006703021148834646,-0.030704612028111342,-0.0014108885711501026,-0.00438906510013501,-0.0024322163180770726,-0.0014482416971708784,0,0.05278604851820022,0,57.95
-0.05710410734156938,0.0007885819756401184,-0.00042209294291201707,-0.0016393493228355127,-0.03104865614531655,-0.010544701511854661,-0.001641658953967147,0,0.0654834968958136,0,25.95
-0.031112474201608065,-0.0035738677093815315,-0.0476539293430339,-0.001876567469330318,-0.006058047930030731,-0.0007979070246555701,-0.0021365786792998773,0,0.07388610878128928,0,59.0
0.03458161160252124,-0.021286711907270633,0.00345180089709393,-0.0017288018617037943,0.005612803301554829,-0.01077263423434316,-0.0007948652300858135,0,0.17615868370639579,0,209.95
-0.03172009014921459,-0.004462488658277263,-0.002935416007885093,-0.0016207758466747664,-0.05124184093025814,-0.002192064929589801,-0.0016860739299341787,0,0.07123673068679517,0,59.0
0.09472805701389687,3.8028249523990895e-05,-0.03452988652601776,-0.0019013310458871583,-0.0010509991268416424,-0.006544272092809896,-0.0011438561143670327,0,0.2166912214961253,0,335.0
-0.051958462485319844,0.0062463622905396055,0.06106860989198952,-0.0013213642745660509,0.010660819171048967,-0.019539665721214843,-0.0015522054344724115,0,0.17069957457663434,0,25.0
0.07035744685003677,-0.016796899570222373,-0.009794275591584922,-0.0014983451575803772,-0.05718968304765456,-0.0117455675396353,-0.0007717875463071702,0,0.1396563695356811,0,141.0
-0.01799009475654067,-0.001971933516319688,-0.006947494750481206,-0.0018816633419642106,0.0038683854094201564,-0.00916147071748584,-0.001883925151893919,0,0.13112728431336396,0,117.0
-0.05405616634494696,-0.008796771306747463,0.003159473299722163,-0.0010519265131581105,0.004335276956195508,-0.016282394521612113,-0.0011312517103257127,0,0.09327172099775657,0,20.95
-0.013905279216217342,-0.010713183077541964,-0.01176269533971297,-0.0010557236361296769,0.004763316009029894,0.009976279519494374,-0.0009843786495369023,0,0.1434138167480149,0,83.5
-0.017282686439385193,-0.010142002216793821,-0.042039221071700224,-0.0013340392055974245,-0.002160849650866221,-0.01586468394674843,-0.0011463156370099315,0,0.07712568297052821,0,117.0
-0.0329127827326496,0.0020015835216833124,0.009681462541894904,-0.0015919818564984897,0.0029273981634629458,0.01105519963141204,-0.0018457889542969079,0,0.1564105714536373,0,49.0
0.057113877403120454,-0.018854496893509345,-0.0031691282920475617,-0.0018619139507094122,0.0017770277874908434,-0.009582594859087587,-0.0008739684177242331,0,0.1916442839161625,0,189.95
-0.04130408249168674,0.008345204690484099,0.013596846811143697,-0.0012931585004503094,0.006534878753375153,0.011839403165640836,-0.001538083720016531,0,0.16327648984711918,0,39.0
-0.027575431333803458,0.0028302198777950755,-0.016305490494905175,-0.0019074587167043234,-0.02902877851726121,-0.013404655217930102,-0.0020180823360941703,0,0.07968580439972489,0,59.0
0.09520346582069286,-0.012283357947810648,-0.005839412662076213,-0.0019883676770122757,0.0005395950688781853,0.014270958637362965,-0.0009444732436579758,0,0.2560538891350054,0,305.0
-0.017423890554409755,-0.023582727890603776,0.001525568692418401,-0.0012819388614775389,0.00646818932920893,-0.005636778616690428,-0.0009846371101241563,0,0.12617926612695066,0,117.0
0.08407105631630776,-0.01698147253395536,0.014710839696407251,-0.0032009934844142137,0.0027233441057483783,0.005287757993976981,-0.0008438611138144378,0,0.25286215211888485,0,200.0
-0.025703124502720002,0.01144814081179449,0.05419898200472831,-0.0015807679779008257,0.012420475112277623,-0.008970478140126624,-0.0017178471628977456,0,0.20719086128378464,0,59.0
-0.04500687091032137,0.009931103340200078,0.0016328181505611045,-0.0015387948852096768,-0.03014765380099505,-0.00886168099964801,-0.0015769504004983555,0,0.0915274516327176,0,55.0
-0.06476416969820295,-0.00039813124808426643,-0.02921794674543671,-0.0018031864687189558,0.005127027342909507,0.00047634648064127406,-0.0022089817928248505,0,0.07430643900891233,0,57.95
-0.028877795790037193,0.0034606560220185045,0.002788007668924454,-0.002017509402725352,0.007432417616798273,-0.008085368600360238,-0.0028412217081605585,0,0.1389546669450868,0,59.0
-0.038420268278049195,-0.020149025119243557,5.6177552609199524e-05,-0.0014039821389197399,0.00015862591093592448,-0.010593725266981746,-0.0015218973553708672,0,0.09522138644360885,0,50.0
-0.03429124861152367,-0.022508335562695193,-0.0180406400688885,-0.0012378177266040226,0.0014992488255784586,-0.0012303944754553855,-0.000939835790933134,0,0.09034645772810773,0,105.0
-0.01554669197757487,-0.020604355083390043,0.0013031762125986733,-0.0012089989769973708,-0.008102936655986213,-0.009690554005972202,-0.0009034605253036235,0,0.11234166012600362,0,92.0
0.05314422171882213,0.0006432181549080258,0.005279280280326463,-0.0016764920405708318,0.006296530987376265,0.0053842297144011215,-0.0009848987743108469,0,0.23518157117958213,0,226.0
-0.029381158008188194,-0.003950346542664212,-0.007006816353165711,-0.0014922684623096772,-0.04011705894027494,-0.005884312381541975,-0.001712031593218422,0,0.07755148885726583,0,59.0
-0.05327564693150508,-0.02219475120314635,-0.0008011285539537752,-0.0011997827430617984,0.006246019366633306,0.002259663059546031,-0.00105156172060693,0,0.09707829241253518,0,34.0
-0.014170606153087541,0.008177997639251576,0.010538114868344169,-0.001660673193676009,0.007990247815088409,-0.005865571833685464,-0.0018470517256447825,0,0.17025793855521998,0,117.0
-0.025421619017514763,0.0027577358701106765,0.005394972982000013,-0.001688268335102677,0.009795072072761875,0.009835650854909044,-0.002044395103780734,0,0.16572463046201252,0,59.0
-0.0387595414273396,-0.016219822400161874,-0.006022087197888978,-0.0015349602542574883,-0.03407296442895608,-0.0035330524878694133,-0.0013870116771767837,0,0.06556604126497872,0,108.5
-0.05777493961254921,-0.009820867817834618,-0.0058036686773363134,-0.0018895703718057556,-0.033781579034475664,-0.008696309014580064,-0.0020569610794770586,0,0.047271585530570384,0,57.95
0.03642249850367931,-0.011558925397540136,-0.0002753026757791587,-0.0018232701691062673,0.00418927764125098,-0.019684281789485298,-0.0010587913977283367,0,0.17330668585392014,0,159.95
0.08978338864820953,-0.0015022239195782551,0.006835262470766546,-0.002444187171611327,0.0032630313845719155,-0.013023188022635744,-0.0011611165212189842,0,0.24884644800713318,0,305.0
-0.03808761436131772,-0.0019504532507619798,0.0017914863637793483,-0.001276086368933412,-0.0014240949541149913,-0.01163933812400698,-0.0012865751638015278,0,0.11322280527947176,0,67.95
-0.01464099480760674,-0.010396749222839622,-0.0057053628582885456,-0.001422866376651138,-0.04575721329875197,-0.004091872286985681,-0.0014770664570176032,0,0.08360335583048822,0,77.0
-0.019910432862410305,-0.0011957128924584895,0.00014105943602488587,-0.0016763621940376506,-0.0386675138891936,-0.009253724465407278,-0.0016480349018783125,0,0.09488475936926805,0,118.02
-0.03182797254926094,-0.0041582422830219725,-0.0010587057697270658,-0.0014868268153634485,0.004885151835722173,-0.0023419684945310583,-0.0016093905331075163,0,0.12949752652933955,0,105.0
0.03209733720607229,-0.019191175274727083,-0.0005504554554884606,-0.0018143836584115843,0.002651242611303671,-0.00966567312252523,-0.0008686939569369694,0,0.16975367948791573,0,209.95
-0.01117786329637298,0.001466730752259304,-0.015467722708730699,-0.0013411849633708842,-0.005552555851654169,-0.0021187734437473453,-0.0013282899202926833,0,0.1315758217067199,0,100.0
0.12763032656712567,-0.0042223371951897225,0.02019753712866117,-0.0023636744859185286,0.008147400297118544,-0.023960719259196434,-0.0008606049391640179,0,0.29166340925206485,0,300.0
-0.01119318614543364,0.024242580228380543,0.02246848771460943,0.10964612022000027,0.013805074300427413,-0.02128094537143342,0.15757743166575117,1,0.46236104375092824,1,39.877
0.031948297778635726,-0.028241662002334585,-0.009675364954234385,-0.0015929984816162451,0.003624421953305634,0.002283921964942435,-0.0008211144278139488,0,0.16462098296951366,0,159.95
-0.05249704571534697,-0.009015301759303082,0.004066722857052083,-0.0013526865018768776,0.00450067501698283,-0.011467254116382324,-0.001445397503196718,0,0.0998851934165585,0,29.0
0.10594627245897699,-0.04186838025974719,0.0029962885730312,-0.0023011376872767338,0.023758472634381987,-0.013894089991129639,-0.0013649073301725608,0,0.24036799953669186,0,494.24
0.14870042012266546,0.04071858221072839,0.05567631044766244,-0.0013318234468235016,0.021323119877777647,0.016888611685820707,-0.0006906719783632601,1,0.4483800300580965,1,614.0
0.10640612284919908,-0.00867178655558073,0.017040370942255086,-0.002094366971450605,0.008188114935027985,0.004302078946849834,-0.0011740264797479047,0,0.29109198880518156,0,150.0
-0.048688457414276694,-0.0009845220905268142,-0.001834324212137731,-0.0013295138110392857,-0.04737499487905568,-0.001340431985984747,-0.0013227960286245485,0,0.06422044071698366,0,30.0
-0.06293208066346336,-0.0024116235269592604,0.0010704071007138966,-0.0014037012264229414,-0.006643793900877519,-0.012142495193969116,-0.0016470149385363695,0,0.08098517878911483,0,29.0
0.10036077074191417,-0.006886686852570885,-0.04473476639056139,-0.0017711945610010959,-0.04957077402723669,-0.005935327711639266,-0.0009671871900730481,0,0.15759031514746136,0,280.0
-0.018738890980091107,-0.00035841499890150203,0.010387785442454622,-0.0013361080697649004,0.004517765790124635,-0.010319500801375604,-0.0012133549673271054,0,0.15003476255374815,0,117.0
-0.04899141617141884,-0.005940181643384257,-0.005769480785493729,-0.0020278732820966663,0.00042478928654335606,-0.005889584864863973,-0.002416599124711265,0,0.09648513455320419,0,50.0
-0.058995621907784186,-0.004623947074574354,-0.0019682482069453434,-0.0014701208213355845,-0.005864525820284333,-0.016438562334898994,-0.0016064606652538185,0,0.07612799430755259,0,34.0
-0.03302007198684749,-0.0007263330341614158,-0.0021483957297838635,-0.0016492371759461878,-0.004982689590700297,-0.00833720856297539,-0.0018353165416043966,0,0.11439622851661024,0,59.0
-0.01837626769171514,-0.006573023901693044,-0.017865631494843732,-0.0015362477823782777,0.004147565979301328,-0.009319039304662033,-0.001480623164532461,0,0.1160922137781058,0,100.0
-0.020115395593176242,-0.00530972867145132,-0.04020910990696167,-0.0015208360831159228,0.0020461888853782447,0.0038035829225433874,-0.0012694523010448992,0,0.10452073039080088,0,100.0
-0.01760584526893492,0.0006375581583181683,-0.004237231367520682,-0.0018435475930889875,0.00800076519928236,-0.015895795232965068,-0.0017185339119612437,0,0.13443285112175907,0,100.0
-0.039051793064109046,-0.005871585806895521,-0.0011594680810559858,-0.0021118291523437548,-0.029073020819817566,-0.0030997645557253027,-0.0019962815332747277,0,0.08473173812540713,0,59.0
0.03659205041826645,-0.007476870056120817,-0.01979719589130872,-0.0016134075616949237,0.006135112702267046,-0.0069996652407166736,-0.0010252220154375608,0,0.17291028349388404,0,1218.95
0.12663878472923518,0.0035651982648767853,-0.03535309801901535,-0.0013814172481231644,0.003927337260804929,0.004513785552757466,-0.0008692804588071136,0,0.26813679122035733,0,150.0
-0.027158856841700305,-0.008862478381570678,0.004829028118060832,-0.0016296509526788428,0.05993014625768926,-0.0016921421666650858,-0.0011252632347509707,0,0.19138626393701352,0,100.0
-0.05026563590351385,-0.01843235113476054,-5.1733538909568305e-05,-0.0012320736562655256,0.0037256052676283343,-0.023288772780512255,-0.00121686704950076,0,0.07633365234279518,0,43.97
0.06903000402578496,-0.00575362089539197,0.03555975987591212,-0.0024568730433467668,0.007789147412607215,-0.02714347629188723,-0.0008681765849373575,0,0.24325224563736986,0,206.0
-0.019339727408242996,-0.010672141402897435,-0.013219064673602171,-0.0014611053788029646,-0.044147843989162196,-0.005383965176852859,-0.0013440877878669925,0,0.07152754532120109,0,117.0
-0.03497908737223567,-0.0034968350148504744,-0.003313404786960094,-0.001577156020565438,0.008654385402059718,0.0033893431712379105,-0.0012861189762979068,0,0.13448660754101754,0,103.97
0.0720614517351569,-0.006444652652178467,0.00955970651975002,-0.0026917812489776274,0.002389390101023211,-0.009456016426063397,-0.0007791780584364977,0,0.23173440110890334,0,201.95
-0.015041482367361818,-0.026445146959644263,0.0011634114064277732,-0.001293514366326451,0.0050101892759525524,-0.005521654142163087,-0.0011121932091958625,0,0.12385509077631793,0,92.0
-0.04209585539275103,-0.006777713997417023,-0.015504627172674508,-0.001468211864138343,-0.007922123571456427,-0.007085101117382235,-0.001852181375023926,0,0.08438966664778595,0,50.0
-0.02920087906608757,-0.004377733800938281,0.0031455043012650736,-0.001566204709214044,0.007856890987656146,0.003988201026577726,-0.0017327814183252315,0,0.1452084784595632,0,59.0
-0.06792249752429343,0.0026246522823901368,-0.007141634122366957,-0.002144612941081136,0.006201496930057172,-0.008403900203945505,-0.002496042617905464,0,0.08781294294148463,0,57.95
0.07447847030298542,-0.012254890799918282,-0.026554014372277626,-0.0017757956687466285,-0.04512434190918218,-0.00964679050915728,-0.0010802388575921087,0,0.14513787932474057,0,358.5
0.13106521750483285,0.028192328025738317,0.020521493634727966,-0.0016411813726439925,0.007815406359427124,-0.017434153627397208,-0.0010790608018755136,0,0.3345355308614384,0,150.0
-0.03874095279976358,-0.004132528195089511,-0.002898598826532938,-0.002075165324610415,-0.03887616782595039,-0.003504821970866225,-0.0018758423832675865,0,0.07499140381254885,0,60.0
-0.015000462251796336,-0.0024661427560288265,-0.030927733082840452,-0.0013212050195238734,-0.0011147316897604119,-1.8900916847759716e-05,-0.0011761894142924586,0,0.11507011600753891,0,100.0
-0.06441183349319292,0.005185397363280748,0.006644224143815252,-0.0018974638823627125,0.006561273589493341,-0.0198675177716059,-0.0022814836756908014,0,0.09702807741236659,0,57.95
-0.048263370475609135,0.00522336552034764,0.03883764037055332,-0.0010632196192909016,0.007203343235390661,-0.0014740453980846358,-0.0008718121555573431,0,0.16668738261637928,0,50.0
0.0730697298517088,-0.009838484989200173,0.004803885855611202,-0.0016306704176788907,0.007318117835325812,-0.008246598956023466,-0.0008988723366297389,0,0.2316725879817424,0,1078.42
-0.05116429852513401,-0.02020652846236027,0.0029623473531561677,-0.0010551055762223784,0.0050248450010635815,-0.0044190499494732305,-0.0009984412833484591,0,0.0972392496963108,0,20.0
-0.04489467577893336,-0.0007866524481467056,-0.003666925411535254,-0.001288039851719394,-0.04196784217768578,-0.007251762825809852,-0.0011398887973209566,0,0.06609969384747755,0,44.0
0.05653949631012136,-0.014155721565843566,-0.00910320381922124,-0.0019226692068422652,0.0016924832795947174,0.00459439408351056,-0.0010372050872837703,0,0.20370305513266537,0,200.0
0.04375449046722507,-0.03810163662395149,-0.006196377673450277,-0.0020140681086489504,-0.046110212081929405,0.010030712805192172,-0.000780764652399621,0,0.127677625270666,0,226.0
-0.05301001284666112,-0.00589121592460804,-0.02431800769224984,-0.00204696169908106,-0.03285743154068921,-0.0024367971848912274,-0.0022655828827322336,0,0.04426947136771634,0,57.95
-0.02263897482132402,-0.021388742140731304,0.006087288039618229,-0.0012093517049363237,0.0059614152479421844,-0.002140404587710239,-0.0008682833956772227,0,0.13089842777581012,0,113.0
-0.04145726117420873,-0.01793404385717695,-0.008212074269580722,-0.0012181146024809887,-0.028664912243143298,-0.011483294467187615,-0.0012427933561871285,0,0.05688298716866352,0,24.5
-0.05664182053829505,0.005040763553154324,0.0034214227985972854,-0.0017016300679377119,0.0016254309405020315,0.006138482270471401,-0.0016109446171168533,0,0.1233671854780046,0,35.95
-0.04656218575874675,0.008161618672768078,0.005917058998892005,-0.001562697867469537,0.01208779334184268,0.008746620661147442,-0.0017538650415709913,0,0.15212982414549242,0,39.0
0.07225757938492987,0.0025297463887136665,0.0009317017741804894,-0.0021031911299337815,0.0005182540771739141,0.006999358504870249,-0.0010032640730845708,0,0.247225666065479,0,200.0
-0.050581917841021846,-0.0038888216799248363,-0.0018041978668384376,-0.0015289023093820859,-0.036855578714560876,-0.00250137902104793,-0.001401517947666838,0,0.06853316575818601,0,25.0
-0.023133928380686758,0.012794411625883866,-0.011795257760907082,-0.0014281394231576777,0.0023194214845142207,0.0028576495480285924,-0.001515391746055341,0,0.14719424648624893,0,77.95
-0.024610240689102416,0.0007594890982977129,0.04375172775807494,-0.0016336178367453993,0.009135713343686555,-0.03823162449882781,-0.001647194311189675,0,0.15461973400282328,0,59.0
0.04440889344675582,-0.007399700254226215,-0.017358394346761875,-0.0017491390698300164,0.003750205955746572,-0.001838806696828529,-0.0008945527151154208,0,0.1860139874583697,0,2007.95
0.07523017818366898,0.0007222940852260366,-0.03911668676338857,-0.0020188331748718065,0.005417599923981371,-0.004678013758318363,-0.0011000529145628127,0,0.20155196672036355,0,510.97
-0.028260350647810833,-0.00155522658803875,-0.002399906139970682,-0.0017215777793320342,-0.038279048506482304,-0.007980585317788336,-0.0017490268994846735,0,0.0851497592597209,0,59.0
0.0401826851322555,-0.011920991106936714,0.03254188363644336,-0.00198636646003241,0.010676404904026614,-0.010895354200380566,-0.0010971383370312585,0,0.22459660470697415,0,1137.95
-0.04834011285761909,-0.004485148983334818,0.003974339090831141,-0.0012352595998947583,0.011118580857900802,0.008946662626377777,-0.0013530920686289864,0,0.1357214502042618,0,35.95
-0.06333853705284201,-0.006584590645784048,-0.035873018373379785,-0.0014203268699025918,-0.0030404387534861904,-0.006876030219112427,-0.0015032717205025999,0,0.04845926750361947,0,57.95
-0.048537749748835124,-0.01301188966716685,-0.00776303720349386,-0.0016729473020060635,-0.013868711231805927,-0.018732818375592167,-0.0017424077259604698,0,0.061765919883768804,0,50.0
-0.03431995189166945,-0.015950521689841953,-0.0006262748067860971,-0.0017164690563291902,-0.0022902280837901073,-0.006758702110558375,-0.001928352230926255,0,0.10350498126872754,0,59.0
0.056952392689565166,-0.007957566400060784,-0.035583623727967736,-0.001655190397634498,-0.0025019926687836745,0.0015223335783054433,-0.0011070947974955924,0,0.17676473941455798,0,171.0
-0.011885065411354078,0.0004935590111148035,-0.017754904165791285,-0.001380709658266208,0.006987104124813648,-0.00021527050233745962,-0.0015517130708200219,0,0.14178848146598863,0,92.0
-0.03739004033320239,-0.005542503080311545,-0.008540212151272085,-0.0014478718656512773,0.004332012494021646,-0.00444245299618061,-0.0012987813849735105,0,0.1127656318210596,0,67.95
-0.01742081966151319,-0.010371894604523861,0.0018675901653755877,-0.0013972917041667852,0.005021610825181184,-0.01224301446725339,-0.0013038728256797806,0,0.1312477888660491,0,85.0
0.009339663320770691,0.0181805937509869,-0.012074805664748785,-0.001630052357648455,-0.005787025236450418,-0.001729677838032993,-0.0008429785741848723,0,0.1725511985393214,0,200.0
-0.010461417298376937,0.0085264831034245,-0.017298012793593984,-0.0014340397339286865,-0.006915678949350072,-0.015947734850651065,-0.001636882209677952,0,0.12192819840647502,0,92.0
0.12514223406164582,-0.009758362067567505,0.03891946815852166,-0.0017059970873950885,0.009665366120575086,-0.017008015932108322,-0.0009848339952521937,0,0.31136534039704855,0,987.26
-0.025359452780700984,0.006684576660815128,0.04589420042061106,-0.0017268967249799115,0.013770551485603126,0.011518364301980662,-0.001402148272756435,0,0.21647467622920172,0,134.95
0.031053545123117712,-0.026823589719121913,-0.03568802706232755,-0.0017323196362091637,-0.000545941415404233,0.006879977887211912,-0.0008293366362001591,0,0.1394097896796955,0,151.0
-0.020187468565143897,0.002849870327978901,0.00833691493164016,-0.0016777361062593344,0.0025993924789323337,0.00567004027118759,-0.0016210418422355384,0,0.1630654526347293,0,113.0
0.0931387480229926,-0.003891669269093696,-0.004999621368572269,-0.002009137184603404,0.003898513354370234,-0.00040843174760543124,-0.0009552679755014871,0,0.2518686149706155,0,545.0
-0.0550973339421734,-0.014148936042843837,-0.01226413598223154,-0.0013744062253603366,-0.03375287470082342,-0.008762361976899837,-0.0012222338055553937,0,0.04047319846274103,0,57.95
-0.08795087304618765,-0.016359031724706784,-0.01567367321722185,0.04385792858625217,-0.021972416078619893,-0.054152070367706355,0.09421921597716397,0,0.10906456126760106,0,16.495
0.06719116179064166,-0.0395235846855307,-0.028776743397721204,-0.001968970102536485,0.03590056290152151,-0.01559355691514336,-0.0012984551509759835,0,0.18302589557888407,0,141.95
0.09666522424049437,-0.00883426631017286,0.027390825600823357,-0.0025190739891432583,-0.027691641851282683,-0.00022118254876016478,-0.0008732201113262312,0,0.251012146169261,0,200.0
-0.020751316290383577,-0.004381276860333129,-0.0013879372376221079,-0.0019362681531345741,-0.0509958357331424,-0.004518906921965646,-0.0018841204609561558,0,0.08123981948109202,0,117.0
-0.04098111535816937,-0.001051975186039885,-0.022022562423931993,-0.001555879629621155,0.006315445253165643,0.004496949787979144,-0.0016414253805454079,0,0.11065491820146611,0,107.95
-0.03790076751148856,-0.06540742681791904,-0.008840368611759198,0.053642869660883025,-0.021867244040291726,-0.021380104937790353,0.06681033131004614,0,0.132152770190309,0,35.412
-0.06868857299077027,-0.0036268543163563705,-0.004300337171979667,-0.0018432891855117938,0.005451415295448343,0.005775053836619344,-0.0017526729261314652,0,0.09811022367994696,0,57.95
-0.012637950681222232,-0.004880786251060123,-0.002423505747884309,-0.0014453329894115888,-0.020713353158831653,-0.0035811401752126474,-0.001543022375042917,0,0.11987038975996357,0,75.0
0.07967213688772104,-0.0032390790704062335,-0.010160994535473577,-0.0019533951679492406,-0.057615270611054724,-0.002563260029213543,-0.0011939505388139896,0,0.17004166807343846,0,311.95
-0.046270907226166676,-0.0035998563290339826,0.008178424015037804,-0.0012093677049238266,0.007881882140134074,0.004984227935479067,-0.0010983151652652196,0,0.13596156880389015,0,35.95
0.001436902098802581,-0.008747102118696797,-0.001012007155417561,-0.00179123501626691,-0.039515793181183874,0.000677058737515105,-0.0008615474303115855,0,0.11728175707307002,0,7.97
-0.02838559015072686,-0.005253764240532824,-0.01534052862135143,-0.0016701082584800982,-0.04394454077384487,0.002309260996942074,-0.001952254428271071,0,0.0728579556623642,0,59.0
-0.014051867951749855,0.001128710271656804,0.0024539055404257763,-0.0011446990921082504,0.02517921908391344,0.0038540895809212345,-0.0014145662932938143,0,0.18310027227839482,0,75.0
0.12750820815092997,-0.020685190309030987,-0.008122330393990858,-0.00189453093332949,0.005755260294613321,-0.01535702336646802,-0.0013103769816326604,0,0.25298949759972106,0,150.0
-0.09407763317736127,-0.0294609571819611,-0.009189100874225782,0.07364673769117522,0.0004826060623654893,0.0021977898399522023,0.1532362238250403,0,0.26393114732361134,0,50.0
-0.02221865541878667,-0.005171814265573483,-0.020886493357738758,-0.0014352654961783053,-0.00322709569835257,-0.009404351324601538,-0.0014441693461590829,0,0.10330763623123891,0,100.0
0.09663886119035685,-0.043991265587545784,0.01938148979774263,-0.002267618684210133,0.04189498420655497,-0.03271196602075522,-0.0009624687301118039,0,0.24507749731065953,0,335.0
-0.046652829448027296,-0.02429723871090835,0.0018750046612777517,-0.00109839784611559,0.007641426202264192,0.009692643713621156,-0.001021869172912614,0,0.11323422053782874,0,29.0
-0.020973502555648844,-0.0039793595336615065,-0.0016659165957576825,-0.0018021100749875975,-0.011619342729961539,-0.0016626352594779283,-0.0016871868603457229,0,0.1237054275287885,0,100.0
0.08327930198144497,-0.00769916477340465,-0.020551539951321102,-0.001757840568171113,-0.06245595585681165,0.0009808277100725195,-0.0012038322289777599,0,0.1576872774514594,0,150.0
0.024141815286365872,0.008688152571263605,0.017568398883930355,-0.0017335871404639844,0.007187097534257383,-0.01765278780054819,-0.0009888594937307307,0,0.20430571097970307,0,209.95
-0.07244075314975938,-0.010635303056070937,-0.005397185930556561,-0.0021890961422051424,0.004359656655438719,0.00345278924719976,-0.0023088359260674774,0,0.08193675283660795,0,57.95
-0.051941831501801074,-0.008028353528703621,-0.014289930344605614,-0.0018050058583712588,-0.029408412081645165,-0.014590858140450276,-0.002109995209150195,0,0.04492109447390152,0,57.95
-0.03940517281823767,0.005497175043966277,0.009815528494806065,-0.0015410423425388764,0.009882974395112707,0.006262646441960454,-0.00153792428387358,0,0.156069666069825,0,107.95
0.08644409557282791,-0.011601401422116315,-0.044271998097943334,-0.0019516276854401869,-0.0025026063700549334,-0.0032296469974500983,-0.0010474633494945225,0,0.18893483278895687,0,335.0
-0.019422462923435205,-0.00671612686392425,0.00268226355739599,-0.0016358978402258684,0.0029315544437621245,0.0006179871210143594,-0.001934375316018127,0,0.14361842331719823,0,82.95
-0.05625350003962302,-0.004428739425208226,-0.010454926271744588,-0.0017545187735954516,0.00024564590213033393,-0.018851167287733932,-0.002530602929059191,0,0.07306767231379496,0,29.0
-0.004499174395623859,0.0066996367355487245,0.03126498367764351,-0.001669579187534774,0.01032453361727215,-0.010246181399660674,-0.0008204606399500192,0,0.19814923954632435,0,10.0
-0.0627466198699965,0.0015412212139514292,0.0014576702208412918,-0.0017632029930464083,0.00840553298024786,0.007686924581039283,-0.0019768406522157685,0,0.11970016661945088,0,57.95
-0.05810360294802879,-0.002841872994652977,0.002065381308183942,-0.0013697858823112053,0.0032801066708544723,-0.009847046298288174,-0.0015672586927921856,0,0.09871140230159473,0,20.95
-0.041173608528806444,-0.019063300774862606,0.0009793128710071511,-0.001158722341165245,-0.00010706423643637065,0.005614049415359298,-0.0009257912950942787,0,0.11126035624863079,0,108.95
-0.0329371548840601,-0.017303034501754876,0.0022365202762654646,-0.00142493324085655,0.06381865762802459,0.0016569575223902352,-0.0010394616467495883,0,0.18210303229188843,0,75.0
0.08479557642772494,-0.015353882815903084,-0.0009300781279102787,-0.0025985779504332815,0.0029292626047201843,0.009037064016571476,-0.0008673669130456837,0,0.24410747838035307,0,335.0
-0.03358433919499842,-0.0062211565842131104,-0.025608536102669513,-0.0014607870973201843,-0.031131199216548267,-0.008165248497698159,-0.0016377230501693155,0,0.059286491395011055,0,49.0
-0.03258305802709986,-0.004232032114520654,0.013713107039458518,-0.0016936424723804802,-0.001785036533832351,-0.008102428820420482,-0.0015169948556931537,0,0.1308953953541408,0,117.0
-0.0460107471951366,-0.004321667053054185,0.008562019640394056,-0.0014904587842517166,0.007667987101178844,0.010054524986703017,-0.0016181989419654349,0,0.13993894089249723,0,47.95
0.04606478471769429,-0.0011106901184871618,0.0037602155557644387,-0.002394957524530672,0.006224878481487753,-0.0041065565205692135,-0.0011469323829571784,0,0.21438622334703183,0,155.0
0.0869618300194126,-0.0004924160989037375,-0.034417672185298495,-0.0020897767482729534,-0.011095622011580831,-0.023114089624871985,-0.0014488941392473156,1,0.1813988403498656,0,150.0
-0.049564204594632566,0.0014314626029520378,-0.03216047647638686,-0.0014555961055031663,0.007812607467461449,0.0009421851975576591,-0.001688815574132663,0,0.09241264365594568,0,29.0
-0.050147413418462246,0.0003762278577216557,0.0014952180100486266,-0.0014876657718054908,0.00662725945899414,-0.0013397786846141007,-0.001343450119830924,0,0.12127587847068147,0,107.95
-0.04722820362582478,-0.004886038605393197,-0.022591091105932454,-0.0012993030192646957,-0.03369097004416257,-0.00935877408160585,-0.0012584195080239968,0,0.046782681148420775,0,30.95
-0.04329800176052348,0.0025370852191798515,-0.021461561588220022,-0.0012361537667779558,0.004037445915477244,0.0070738574922277215,-0.0016158099864240498,0,0.11313234266356874,0,24.0
-0.024655571231637505,0.008078033420489473,-0.0025113306103001897,-0.001598715774743265,-0.03801971561427531,-0.0028058932233316937,-0.001270809855647143,0,0.10431147824918303,0,117.0
0.10157686371987708,0.0040519644895785495,-0.0020564776048463728,-0.0016617528636016336,-0.005935764346067634,-0.0055459246278435756,-0.001098917039619804,0,0.25642547286610534,0,319.95
0.015978260727526047,-0.0195602698183142,-0.026171273161020036,-0.0020506610229583506,0.04470640248915285,-0.01659262657623414,-0.0012975056895775095,0,0.16210780808720396,0,226.0
-0.05608297899058622,-0.0040001139862520935,0.0002505296781991153,-0.001260475568706587,0.003798387432232154,-0.02719236654329406,-0.0014271288978101725,0,0.08118133426241123,0,25.95
0.05853071324176797,-0.013671261859870588,-0.006063912022613451,-0.0017559490934702972,0.007248419242932219,-0.00012444799711705022,-0.0011572754951761702,0,0.21010176715508222,0,146.0
0.06287443474395397,-0.031195409894834127,-0.009830185543459546,-0.0019111221062548575,0.00017358815184023596,0.0025385601122124885,-0.0007513856467496229,0,0.18899396095533802,0,200.0
-0.03769820743434752,0.002611505142537318,-0.0204964403778332,-0.0018154268942356419,0.007738048250277821,-0.0034908122296199193,-0.0024797822299277295,0,0.11146436536548025,0,107.95
0.12338443022161406,-0.009241499100652553,-0.00417144670195569,-0.0014715538944015893,-0.005273647927398005,-0.0025921982187178255,-0.000830186339545481,0,0.26689937917757034,0,479.95
-0.03120504899037719,-0.0026793935462712318,0.0040427767179023275,-0.0016292755451545345,0.000961447619284929,0.0082489574210146,-0.0017892114848535013,0,0.14304573333017426,0,59.0
0.1201759761505224,-0.012513787868110336,-5.237235975017096e-05,-0.0015415306487538115,0.007408183319122248,-0.01091786428102377,-0.0006997173298536181,0,0.2689543681207816,0,445.0
-0.04454996592542291,-0.017995025243579363,0.001570002943041626,-0.0012393911479337955,0.006409977558693217,-0.005279532102257942,-0.001001359101427758,0,0.10501018811974225,0,107.95
-0.03906610941300467,0.011870304203842505,-0.004440596566322087,-0.0014661929334494122,-0.035967054209411785,-0.0008508034557121103,-0.0014279977938465144,0,0.09574703097072434,0,107.95
-0.04579068044366077,-0.0053216386521891335,-0.012163642541793957,-0.001376857258389153,-0.004377764482429202,-0.0078288122626486,-0.0017248702339385633,0,0.08851121526358009,0,36.5
-0.014387908807911555,0.0032304224734292283,-0.00013871147447745312,-0.001611459169329183,-0.03264238114469775,-0.0061144240679855645,-0.001679462303907302,0,0.11375155664374939,0,100.0
0.03720777031892601,0.0027739005046537725,-0.026600005531710023,-0.0015947872013680638,0.0035259065543871526,0.004305402328832169,-0.0009231060813205208,0,0.18579056203102934,0,209.95
0.09127663112239916,-0.016190760061824832,0.012745266546073539,-0.0018070978438962338,0.007769856520339176,-0.00040075524674648976,-0.0009683529335739102,0,0.25952026924139915,0,335.0
-0.03984060993793787,-0.002574794105764047,-0.019199872917076612,-0.0017364092801311288,-0.028060389953038414,-0.00877112516485831,-0.002211078062147978,0,0.0647012017176744,0,52.95
-0.03307253821091314,0.009951283871490801,0.0476947792149437,-0.0013052506206602625,0.012375913606093303,0.012786922170078223,-0.0009330633203195689,0,0.2145935278493428,0,100.0
-0.03157458782402192,0.021146271418988682,0.03995569440690872,-0.0012058944789886314,0.014670387375685613,0.024632498394289874,-0.0010981723105693095,0,0.2336216781209223,0,50.0
-0.021670830496094907,-0.014645660366485225,-0.011618130184646837,-0.0012702362538379685,-0.04446116576721152,-0.003382266329169392,-0.0011720357088486114,0,0.06887515603233414,0,80.0
-0.05682457910669344,-0.01448147773538256,-0.00783446255709785,-0.0018510397833088543,-0.02184823111936543,-0.00629520722950894,-0.002029027587766285,0,0.05593145601950599,0,57.95
-0.031036760301580053,-0.005144950891470792,0.0020478295410347735,-0.0015787021077499658,0.005920217220273348,0.008555806528073882,-0.001759725487388855,0,0.14409919563982132,0,50.0
-0.03506307619028963,0.0008605894744744525,-0.02165978345472481,-0.0015281544615783156,0.0023932252649132174,0.0045762501429645755,-0.001701466480889449,0,0.11497306543349939,0,51.0
0.039795763026373956,-0.009033755910453791,-0.047687321583290185,-0.0018412969447228994,-0.00019542956428782665,-0.004781926733313465,-0.0014197093608873724,0,0.14193180406804787,0,146.0
-0.04093203660870967,-0.007902123551184814,-0.017291398998301195,-0.0016086848938306004,0.0037648464763895264,-0.0012685589910397393,-0.0022598797231939043,0,0.09959764484875874,0,50.0
0.14077682913914816,-0.010680223503435103,-0.011258834572824146,-0.001822497317129565,-0.03611369565968265,-0.007757993409017467,-0.0006474036228633678,0,0.23959166219282524,0,300.0
-0.015440834855583396,-0.024163288634476154,-0.030741414096604715,-0.0010959979618373524,0.0004158209741926466,-0.001956734214059401,-0.0009045973193125991,0,0.09320843503094846,0,77.0
-0.020062842053062243,-0.004189023283542149,-0.0005480637987250154,-0.0018137878662988442,-0.04488971604282571,-0.0058870963127968705,-0.0019233583838024015,0,0.0877815933975752,0,87.95
-0.04966295662415694,-0.012818112376966138,-0.024633814772480795,-0.0014838872771394476,0.002798568249599342,-0.0028450502469301144,-0.0017238506714420438,0,0.07672637741911317,0,39.0
0.107644396393672,-0.0005183624030270474,-0.03461465947003245,-0.001630452924103921,-0.001141710767987675,-0.020090728237236163,-0.0013470235719990104,0,0.21539694015791372,0,150.0
-0.03957486114560612,-0.003054443436148028,0.011630630505961968,-0.0015411909614360861,0.004521351507311987,-0.012117002491682684,-0.0017425122253894533,0,0.1252174528916407,0,49.0
-0.0591903618878581,-0.020545882201987945,-1.1514900038583014e-05,-0.0012241094758748208,-0.004042642118823818,-0.02001942332540581,-0.0012452742321304707,0,0.06081627299650957,0,20.95
-0.05799113289611618,0.0017691702547149603,0.030862620246450038,-0.0014467659777665574,0.007347445635136022,-0.032542686285982114,-0.0014743667062089565,0,0.11361976540885677,0,34.0
-0.0382680034955765,0.0016125814390049557,-0.0012145041571352063,-0.0016402876784478069,0.008943520210529491,-0.005731994457856878,-0.0016328523397047797,0,0.1291639406594429,0,108.95
-0.016712257813692972,0.061332138203114034,0.04831797774774043,-0.0010272091740729278,0.14388792128338898,0.03446985191264372,-0.0007413010904809011,0,0.4366226022072686,1,59.0
-0.05484456073431797,-0.047386026556935565,-0.02223473090019557,-0.001897974694953748,0.02512605945734835,-0.025318805188408948,-0.0013690646845815058,0,0.039170377836584044,0,125.0
0.08312550023729051,-0.006330377465633192,0.04037950358570813,-0.0022122431585542123,0.00913749138693684,0.0013499718482372846,-0.0007462831234613365,0,0.2917990444491533,0,663.75
0.08251527694336763,-0.014657146555303275,-0.007117841822249991,-0.0017597170748598816,0.0033492487539871604,-0.00438334097094486,-0.001234857097182725,0,0.2238071033154432,0,305.57
-0.004062628163076944,-0.007155308860770715,0.0059107745737177345,-0.0014064092809767412,0.09594986924184214,-0.0005739111661962312,-0.0014240826788380968,0,0.25433378480432933,0,82.95
0.08631512312600803,-0.0001162198899031708,0.04163685084875166,-0.0023250620002919493,0.010628779501503096,-0.0005888816091330162,-0.0008394942723822022,0,0.3018065768431819,0,559.95
0.14128455108848972,0.06775324949329754,0.05192118951756964,-0.001521490138956037,0.09890377332370014,-0.03646975394779417,-0.0005701834952539817,0,0.4883968169796797,1,931.0
-0.023132349440312294,-0.001658566677407336,-0.03434458668046943,-0.0016186468340647988,0.005352278300663125,-0.0020142501282442438,-0.0016084976068193647,0,0.1080708620719745,0,117.0
-0.01762425730991359,-0.019777654724222077,-0.007730020873470654,-0.001700117797887665,0.003245321864569427,-0.0022875137195645227,-0.0012725023929555683,0,0.11994873618518437,0,92.0
-0.0485281546183054,-0.0024265208747137703,0.0033984472128446228,-0.0012308102842521719,0.010460750614785302,0.012643890558301743,-0.001182424231570322,0,0.14023065951571978,0,25.0
-0.010472567043920165,-0.01002255076216054,-0.020480017814006088,-0.0013526961441697445,0.003308357030463349,-0.015223291533148685,-0.00131539896751538,0,0.11153731590417194,0,100.0
-0.06448524726997504,-0.010252705832725821,0.004255522778726376,-0.0015307517665663244,0.004081721490077764,0.007814937148303999,-0.0016481981918984388,0,0.10533075949457159,0,57.95
-0.04529819265464141,-0.0012474145476252087,0.002129252748305301,-0.0012859965632989584,0.008448495049700654,0.00937905762675747,-0.0012170915525535411,0,0.138003591245274,0,25.0
-0.010488424832591768,-0.0208807876920034,-0.016701165921372045,-0.0011913005764962058,-0.0036934480379486084,6.297759587216841e-05,-0.0010579012541462867,0,0.11314543041994286,0,97.0
-0.035753098178446525,0.0017519395016775024,-0.006241218757844288,-0.0019997710054088613,0.005773237467724814,-0.023028709731119815,-0.0023051163564379775,0,0.10529274407877366,0,59.0
0.11960994474732274,-0.01452188843875565,-0.008595327624591299,-0.0012767008724286308,0.006155877352045452,-0.017237398648795192,-0.0006449555799615195,0,0.2505850320734641,0,944.0
-0.041392569090468165,-0.0013777794800040387,-4.772530265667958e-05,-0.0019211706132255036,0.006298981188957624,-0.005785047179608312,-0.0022890818799986925,0,0.12058108878162564,0,54.5
0.06270856772451619,-0.004699835021945611,0.03651528591511489,-0.00250199217976869,0.0070841483382529866,0.028397860252170205,-0.000766509523293183,0,0.2938330066436766,0,226.0
-0.009997254548856704,0.008874663716004674,0.008623450340896356,-0.0017834081341285793,0.008692650046846417,-0.00551936762939378,-0.0021300765489788514,0,0.1738561383810192,0,87.0
0.07160220765285695,-0.027019758572614058,-0.03152009721843347,-0.002180844604482899,0.00477230177797869,-0.0012326243287758987,-0.000720194255650554,0,0.18079647158950773,0,257.95
-0.036421008831489736,-0.005568565449818243,-0.00429965443798207,-0.0013936824982301599,-0.032479631605811285,-0.007764626797763231,-0.0013600183894577752,0,0.07780829312807667,0,22.97
-0.03783073180297641,-0.006860954170448808,0.0038510950081329723,-0.001567991072451123,0.004505063648986096,-0.02021298906600259,-0.0018031819020692744,0,0.10717579178179996,0,67.95
-0.04682212773696201,-0.010687964193444572,-0.008849471492735324,-0.0014881246378699187,-0.04947174284338258,-0.0031954502933904745,-0.0014213694721001266,0,0.045159230468743816,0,42.95
-0.024735883750691582,-0.024831809055993644,0.0038039358130027854,-0.001350306058368077,0.005377498747376979,-0.007930421757069957,-0.001134573974114784,0,0.11629392110277038,0,99.95
0.0587286406745759,-0.009002015667762509,0.0020295313929328523,-0.0018812899260846612,0.004233459603155224,-0.021216821913281968,-0.0009894202192455893,0,0.19899756508291852,0,226.0
-0.02920087906608757,-0.004377733800938281,0.0031455043012650736,-0.001566204709214044,0.007856890987656146,0.003988201026577726,-0.0017327814183252315,0,0.1452084784595632,0,59.0
0.09452436586575004,-0.022883599282507036,0.00013430354123150344,-0.00198738793990652,-0.03093562444777552,-0.004752921154926636,-0.0005174688894193629,0,0.20067714883107435,0,150.0
-0.04512807818829323,-0.006861106333541002,0.0026140107278533956,-0.0014629615274816161,0.008426038110401459,0.0035040636390602105,-0.002026504347590426,0,0.126160943219038,0,50.0
0.036759174923382903,-0.00492980121068802,0.001389917937591419,-0.001877734675762709,0.004478598614116672,-0.010895539236055182,-0.0010618879761070373,0,0.19095820951510728,0,209.95
-0.04288177207865123,-0.002759837177612652,-0.029066705381487413,-0.0012481160787627963,0.0006135434175077267,0.005589124537635504,-0.001175439037950648,0,0.09616627933930764,0,29.0
-0.03894315956026464,-0.002069859565536122,-0.0009176029181088845,-0.0016357143960415554,-0.0385867814280045,-0.009452216700374182,-0.0015526037677988836,0,0.07393754280250017,0,107.95
-0.03467118158972988,-0.016208476879354675,-0.007372461317052756,-0.0010730925894164762,-0.0019151783879271889,0.007992497285696558,-0.0011782161332670273,0,0.11266937152757761,0,50.0
-0.04397080364880008,-0.0003987913027759722,-0.010923138165325022,-0.0011061493024350723,-0.0017273290021705173,0.0026424077532414014,-0.0012358240442135037,0,0.1103758534261507,0,39.5
-0.02930439549275966,-0.000532557821869407,-0.016398000198691864,-0.001711036560341429,-0.031891826994630695,-0.0035719612370076702,-0.0018146449796303938,0,0.08187105785369798,0,59.0
-0.06252870194460328,0.00830448730222015,0.05561071096095804,-0.0016813626145705473,0.011704229320164178,-0.007443979758645817,-0.00171882710673697,0,0.16934203729741493,0,57.95
0.04243405681046885,-0.009629212535587994,-0.005179804105863215,-0.002344551901282442,-0.00018116158447683368,-0.016610969969523257,-0.001007252047135738,0,0.17457658580522892,0,209.95
0.10718500977488384,-0.02136437616541355,0.0031066781282171048,-0.0016213873431161758,0.006146891455265054,-0.009830020021049329,-0.0006646945202122233,0,0.250053582447203,0,601.7
0.08547000524537185,-0.017503954002100346,0.005994439700358727,-0.0016000229040665868,0.0028049336123117836,-0.007039672107649649,-0.0007162611818573682,0,0.23450494950099693,0,335.0
-0.0547500959445702,-0.0003945485617591114,-0.002745090811385369,-0.0014824236137708818,-0.003697210322053884,-0.011478533271525449,-0.0014943461023880882,0,0.0910532325111766,0,25.95
-0.007640215627404993,-0.003569421919310196,-0.005966440417235259,-0.0019172493666481808,0.00032015875526988653,-0.006508486728472632,-0.001991508548243015,0,0.1398223172865851,0,97.0
-0.039161054894321416,-0.013925019933838463,-0.017032677683650556,-0.0015567415571374592,0.0044397479814586565,-0.00953183099088171,-0.0016725483882037407,0,0.08865535567205457,0,108.5
-0.047613486002459224,0.0005238748031585774,0.02932750503688451,-0.0016946627822884079,0.007594557328429318,-0.031986394542501934,-0.001696418999046311,1,0.12155045598080556,0,49.0
-0.045395015428474995,-0.006363966693791768,-0.003556477056734162,-0.00216170998493652,-0.025894650438064295,-0.014717258276537035,-0.002160600471275073,0,0.0668458027888152,0,53.95
-0.024240798236143186,-0.0014540788305491778,0.026017562472857414,-0.0013586531655850336,0.014308105722149128,0.0011690940905830366,-0.001522071486948236,0,0.18001464170499296,0,75.0
0.04975027670145605,0.00511541513817458,-0.0005868553793116386,-0.0017068401305955897,0.0024226589460576518,-0.009465306160155226,-0.0013875890318863387,0,0.21123724122236903,0,221.99
0.06324354552952106,-0.003947448826384658,0.0029118727260970066,-0.00270473403974778,0.0036086507353649566,-0.015407975386318494,-0.0009802898981638155,1,0.2138191019789981,0,226.0
-0.059729162120100286,-0.0201271023034189,-0.006203998811296471,-0.001474273782628117,0.00795081045004063,0.0018117684933226306,-0.0011380600020633716,0,0.08818546306248563,0,25.0
-0.019539978341149546,-0.015004482941410366,-0.008837416578298918,-0.0011477752725034425,-0.0038316442641390027,-0.01766671708734483,-0.0012209278565328198,0,0.09984653879725011,0,92.0
-0.04310476793932013,-0.005929125460921718,-0.011293494686976564,-0.0014757010712460699,-0.006230808398617652,-0.009066813469575922,-0.0015436297520182755,0,0.08845114035995287,0,50.0
-0.05245829997977003,-0.017769356761738592,0.003420719237205138,-0.001227145479063055,0.004910603597179037,-0.003969199312940712,-0.0010881266901181614,0,0.09891467574938302,0,30.0
-0.02568319479820065,-0.020791791897291852,-0.01889273343452134,-0.001092574300133025,0.002166387650236349,-0.008370498172842413,-0.001013472451218585,0,0.09341760373465739,0,75.0
0.05448756087294043,-0.016000172904955125,-0.029571634880504797,-0.001976504833310338,0.06141065215183365,-0.009174055883596662,-0.0012526207633518159,0,0.22501870489768452,0,200.0
-0.01657214584214108,-0.002266082460613792,-0.00244706713298496,-0.0017981483783141312,-0.0311091856839757,-0.00288926366018617,-0.0018753594667823984,0,0.10813822851363089,0,100.0
0.06328682029184168,0.0024652863627083604,0.002188452336207266,-0.0019740354112330314,0.004874865775988195,0.01295933229249449,-0.0011731093199516616,0,0.2497230934666848,0,171.0
-0.026243226331202272,-0.006368502270226587,0.004468361909121403,-0.0018134301724090317,0.006201534989245692,0.00567062572026632,-0.00209449580484505,0,0.1469163491785797,0,59.0
-0.037318135590583446,-0.013653161599406194,-0.0186505321769686,-0.0013633679566118818,0.0037131260843219728,0.0007413142470058207,-0.0013879157077655592,0,0.09917680843862142,0,56.5
-0.03556429622883212,5.93817869691054e-05,0.001712057443094795,-0.0017121729723407252,0.009465269086910338,-0.0046518121838095665,-0.0019693008798597916,0,0.13443460719076128,0,108.5
-0.022622102924971015,-0.0043232703699382065,0.005365468616365321,-0.0018180512529618643,-0.0014125611721342982,-0.004000093075246163,-0.0017844125696366807,0,0.13650045839010624,0,82.95
-0.04501974272875917,-0.0059707260850889845,-0.023304436715445312,-0.0014442303267615298,-0.032789726613643704,-0.006844381320962409,-0.0015224278160675822,0,0.05019980953189986,0,25.0
0.004939411026418511,-0.02279255339035259,-0.013412866246377927,0.011585054515996925,-0.015435211757870179,-0.08858794620372129,0.0016759238546180109,0,0.04506729293734013,0,141.745
-0.059111820018267806,-0.005578102710005208,-0.027040525500180546,-0.001375665288071131,-0.003987052420934001,-0.017695982355509517,-0.0016301729091199378,0,0.050676159936540704,0,42.95
0.016721998180406213,-0.027672963124977492,-0.019888012099600436,-0.001990703116852608,-0.002476026323606558,-0.0058110869706939775,-0.0009526736300332941,0,0.12502601405327118,0,1221.01
-0.05708339065258648,-0.0015504187785309674,-0.0059556295889298845,-0.001511638435007901,0.004934955993491465,-0.009963086658967422,-0.0013163516634349583,0,0.0946499213546636,0,25.0
-0.020643118546152143,-0.015669913948319614,-0.012273118597901823,-0.0009883769396156622,-0.0018167484246868204,0.0003976831570692825,-0.0010094646178333045,0,0.11509242322118923,0,75.0
-0.03306650637483028,-0.0022263585847942333,0.012251756003431001,-0.0018377072272770035,-0.002497213236654406,-0.0025355317619883467,-0.0019002809971776374,0,0.1352836389593384,0,59.0
0.02896406545552843,-0.010005572273229011,-0.007851529660044241,-0.001993062640223227,0.001927303852849838,0.009432138061104952,-0.0011999117162820364,0,0.186368912218334,0,209.95
-0.042375985784027126,-0.004198822130648363,-0.006098305816048963,-0.0014220355436961587,-0.03171404909204577,3.1708635153110894e-05,-0.001427654118569227,0,0.0798903372887462,0,44.0
0.11133406765965094,-0.0098330232734891,-0.019515652338952506,-0.0015812884381856893,0.012707536683891756,-0.005830895016606951,-0.0010287497509573688,0,0.2533474766639794,0,150.0
0.0205186673508937,-0.0028176018163503683,0.011936549261023461,-0.0018396342579526928,0.010524348250738095,-0.015494396675623901,-0.0009189361222793393,0,0.18900447712907806,0,209.95
0.04480812081584879,-0.006212337782701867,0.024692521193774474,-0.0018093750917601563,0.010719410420776076,-0.009484963361099621,-0.0007665578419313884,0,0.22904229949153548,0,1592.19
-0.04666174841791725,-0.003558713150282673,0.008265563909618977,-0.0012503479860255242,0.008601712994655005,0.010402365949633747,-0.0012363599861443567,0,0.14165795445216717,0,36.95
-0.03197433660055275,-0.008119347250019131,-0.03831108377386076,-0.00162177943896989,-0.005674038448747571,-0.0021590750828502947,-0.00190054274867669,0,0.077335277794952,0,59.0
-0.10724506457970662,-0.008044207773245748,0.003883279787656408,-0.0013731102159362802,0.05914213730727307,0.008425381362581821,-0.0010273599073073825,0,0.12085653711994367,0,35.95
-0.03382289426325208,-0.021128302144037745,-0.007303911478581432,-0.0016517975258930155,0.004250774429647637,-0.0012861372162577705,-0.0013809907821430592,0,0.10477222215811212,0,68.5
0.12734868985179018,0.008847617318794805,0.06305379424382612,-0.0017093914102122663,0.08414382448349254,0.012176810414225877,-0.0006122093287344686,0,0.460344616711811,1,317.5
0.08855390758182174,-0.010148575162995568,-0.03686752334223733,-0.0017527253187220797,0.008714778353641782,-0.004394454769677456,-0.0008841765182479235,0,0.21031671196221205,0,554.0
0.03299824195335993,-0.009838834612911206,-0.02176609119619011,-0.0018109373438387631,-0.034037012356463774,-0.00826859282508596,-0.0009550020340967166,0,0.1234172527234028,0,240.0
-0.04816688188287068,-0.0006289267121705167,-0.003917246998617257,-0.0014297933716195296,-0.04962844414397455,0.0002488018584854398,-0.001341680665413303,0,0.06223130922244862,0,35.95
-0.05164346773437277,-0.003699212738906694,-0.0006480618053937155,-0.0011672117363702244,0.008339126157030283,0.013531858604192473,-0.0010855828517032338,0,0.13072292903310542,0,25.0
-0.009094344186255482,-0.0007978646257412508,-0.02173626941974202,-0.0012773665151166855,-0.005095099586991934,-0.014795573267722387,-0.0011921657821714604,0,0.11310679775488783,0,87.95
-0.027053809722854306,-0.00587011342155015,0.002458196992646504,-0.0017394928148662626,0.00569937041303278,0.007031697475067161,-0.0020695037895836466,0,0.1455518262705215,0,59.0
-0.04896534382380726,-0.007906599183825828,-0.011582041715829735,-0.0015229353356549077,-0.012070695030044707,0.005828718782744493,-0.0014211419138813756,0,0.08945544291833064,0,34.0
-0.021215645765068104,-0.0020128772147584347,-0.002065872757322933,-0.002099220490381835,0.0035068583730647534,0.00071337154354668,-0.0016869388073916523,0,0.1422351560203178,0,100.0
0.06067661149687275,-0.0025788010736903498,0.009422076732025352,-0.002531912419778069,0.007185874083909714,0.006066595487171937,-0.0013117916556923549,0,0.2440241337894491,0,161.0
-0.04968882665670046,-0.021437528017696175,-0.0008407233028726454,-0.001499603739411285,0.00781875088849342,0.004293507368097743,-0.0014552474667515816,0,0.104285810211789,0,52.95
0.05649118865775026,-0.009618595791685168,-0.019864543665183098,-0.0018589629519161512,0.005406825994237054,-0.0038153291981988567,-0.0010636684995872301,0,0.19277239568404603,0,171.0
-0.052409555227288775,-0.01232148318139,0.001103311557443972,-0.0013798914474139174,-0.0029328651040972918,0.003535475027417289,-0.0014673642114569078,0,0.10122310855184406,0,40.0
-0.03768520804925966,-0.006322324206126332,-0.022881330962534117,-0.0013807427871195769,0.0019340631775904575,0.0024604861493868944,-0.0012679758903880367,0,0.10195244857017859,0,107.95
-0.05269881128616157,0.002996241129963873,0.004325504252398431,-0.0013054820666905127,0.006990354074651034,-0.011227807446987032,-0.001542269821928186,1,0.11463320997387597,0,25.0
-0.04614132339267477,-0.015386875499816701,0.007772248867817895,-0.00125547304705283,0.09212548943986544,0.012541585887898821,-0.0011247401202745969,0,0.21562639327439215,0,46.5
-0.012174493592941269,0.00847725166671906,0.006151606194866588,-0.0014525015043725682,0.009374114275807787,-0.006238360850358557,-0.001542829742119982,1,0.16969026758623054,0,97.95
-0.02449044681637472,-0.030068449156552414,-0.004881191885589696,-0.0013797203648685708,0.0047968720321163024,-0.0045033982713382865,-0.0012784703914842802,0,0.10529067628453699,0,100.0
-0.02267243168581616,0.001161367598855991,-0.01896257217723248,-0.0014446393480449982,-0.006411262700068453,-0.0026246839694525955,-0.0013984816719498127,0,0.11474277718492068,0,117.0
-0.010145171373048385,4.920547481764702e-05,0.012834178441156406,-0.001468529946297815,-0.0019735280107962983,-0.002055057639992604,-0.001640247441746587,0,0.16269633064272174,0,82.0
-0.04425808040122295,-0.008224519124358265,0.0011795872447188298,-0.0016025090418616513,0.007796072246531031,0.0025867990492337107,-0.001352387217768684,0,0.12322044389390159,0,108.5
0.03727585428350489,0.007154348522704939,-0.005040481811219124,-0.0015439432772878293,-0.002718320806766784,-0.004250010878692405,-0.001081755547771698,0,0.19689117162310107,0,159.95
0.08544067385557756,-6.629177494283139e-05,0.04273510731436521,-0.0021756949472158775,0.01078066965805416,-0.001161139157166195,-0.0008422292441197364,0,0.3018065768431819,0,714.95
-0.0477110225920805,-0.00262039391062138,0.0035445809548393815,-0.0018463576124227326,-0.003554833918183217,0.002347572025078695,-0.0015169424802825347,0,0.11573808360495719,0,107.95
0.07638336253371207,-0.020055871459499646,0.017961267954865967,-0.002093924055285273,-0.005944787895469527,-0.005603385744408928,-0.0011658564182950599,0,0.2265762860542485,0,186.0
-0.04733453426241554,-0.0031831615849096996,0.008176047233083798,-0.0012125607230068596,0.008416850272407305,0.01069618611464227,-0.0011717348376864118,0,0.14148257335074418,0,25.95
0.0972359894162653,0.009833489950152782,0.01389639677529799,-0.0017878166129720353,0.0704992925020844,-0.02608707538377858,-0.0008073085103313584,0,0.32987844927534593,0,150.0
-0.030071753126093854,0.01923513955340283,0.007925915459626044,0.11821702798664674,-0.08289056972667064,0.008078750213463017,0.18031883615547817,0,0.38790882765448254,1,89.899
0.05619365956904587,-0.0006139078362729017,0.000948784566723481,-0.0018156033876397676,-0.03624858299167413,-0.010294482919468679,-0.0010462924926023822,0,0.17421905564674034,0,226.0
0.08697590870205406,-0.01223109963663776,-0.02260475334682933,-0.0015985094881347986,0.0010561825413488908,-0.0019377859650177057,-0.0010702666410649358,0,0.21568515730434726,0,141.0
0.11221558169303496,-0.005004001595330298,-0.0039101928380075365,-0.0025501258846042704,0.0009435670916911391,-0.006702464062955458,-0.0007527958981890017,0,0.2613350496442678,0,418.6
-0.04951087211514873,-0.0004935089604742302,-0.0018720018830395775,-0.0015136280984085187,-0.04654591369371242,-0.0021436912676232405,-0.001420027813806892,0,0.06359583730641559,0,25.95
-0.028260350647810833,-0.00155522658803875,-0.002399906139970682,-0.0017215777793320342,-0.038279048506482304,-0.007980585317788336,-0.0017490268994846735,0,0.0851497592597209,0,59.0
-0.018106212205693962,-0.00602378955992594,0.002763961944541208,-0.0016934150748096103,0.0063700890820484884,-0.011447682373082819,-0.0017240437606110546,0,0.13723438919109554,0,100.0
-0.08069818955029569,-0.017671592768274395,-0.008641050213951713,0.03136943006152978,-0.04503351480935859,-0.006989158395876432,-0.010479048830164005,0,0.028952356632237972,0,58.95
-0.055373942936608,-0.004791947421738305,0.0005930520562960671,-0.002010550759870281,0.0031665919101284867,0.00014642741671656525,-0.0021323289463903625,0,0.1066927824571637,0,30.95
-0.0552239675509988,-0.00900046118205347,0.0015609879239550277,-0.0016158670765357439,0.002812294629385137,-0.003391409301538836,-0.0018580931896616376,0,0.10037896539118124,0,29.0
-0.02873002491260771,-0.0013145208327001749,0.005475383409078932,-0.0018106764146080241,-0.0007989215871158063,-0.0031519991460966126,-0.0023648808396978874,0,0.13439984081488193,0,59.0
-0.014124430853843616,-0.0010085880639437957,-0.020812466229363405,-0.0017130051844023659,-0.0027194973158661084,-0.004221250802717384,-0.001889984846761863,0,0.12060625784173086,0,77.0
-0.018759311271131028,-0.006711734695889769,-0.004498099813583461,-0.0022998155352550145,0.001398718054725095,-0.001582945906389755,-0.0018689883236103324,0,0.132773303647495,0,92.0
-0.055648493373501834,-0.010374207509177133,-0.0005911520970872539,-0.0015118611210143571,0.004403032355838427,0.0057965870338486545,-0.0016268880545341079,0,0.10754249837300187,0,29.0
-0.047472847395967535,-0.01317767826982621,-0.0009612762522839332,-0.0013598495325463664,0.053881520418914856,-0.005007983944428917,-0.0013746701425655472,0,0.1516226960199255,0,29.0
-0.019467228773567664,0.0014237779428893451,0.0013877600539248013,-0.001608121187657347,0.008830041302516503,-0.005526667536733369,-0.0015659617507334392,0,0.15056908118926804,0,125.0
0.08126868992640335,-0.021888839350125283,-0.039884979099971955,-0.001955059942157821,0.006586425120481987,-0.010365354884732345,-0.0010059932028502533,0,0.17985036970567578,0,335.0
-0.05377532996045509,-0.06651364426909963,-0.01655959805486573,0.065452905663344,-0.05261215688889246,-0.01039031954143879,0.09193199593849721,0,0.12462933402571728,0,28.917
-0.03810326733374484,-0.012988060860970546,-0.01052621614331041,-0.0011265199017002471,-0.0055160868015480405,-0.012733241341905358,-0.001149754162849007,0,0.08495233459260101,0,39.0
-0.05431837391715617,-0.010348822988524237,0.00026651272051988215,-0.0015711625007969164,0.004060602904055558,-0.005653788756577483,-0.0018936481797016253,0,0.09763680042044857,0,34.0
-0.054319327624731135,-0.00584545034431987,0.0017065144324664337,-0.0010872012713338622,0.0007390951198836434,-0.01870632104462864,-0.001124986371821948,0,0.08845780403414424,0,21.5
-0.059531171576172597,0.002624958771284634,-0.0016782472980486562,-0.0015716981218594636,-0.002228598141594645,-0.00022454309950975158,-0.0020110618566934976,0,0.10247511981603546,0,57.95
-0.0528763692476699,-0.005746830124813924,-0.0060396463292793166,-0.002015183474556025,-0.02994764986947155,-0.003959397580924791,-0.0018252948751903938,0,0.06468510963672286,0,58.95
-0.031226790959038356,-0.0055612437566559215,0.005264215040425105,-0.0015163895866290578,0.007344907941573537,-0.005993226945791924,-0.0018472763605724503,0,0.13355967651194003,0,61.95
-0.0679987040878363,-0.0009204564395578666,-0.018778261120086567,-0.002141049063029917,0.0035113241602006953,-0.014718827551727334,-0.0030527613030795534,0,0.06299674573351172,0,57.95
-0.03598964298255861,-0.006071348906144594,-0.024178188465535565,-0.001401624518902699,0.008476740211716556,0.009152284546880298,-0.001281051047946179,0,0.11580264997613816,0,107.95
-0.011988046548298341,-0.008160003188142194,0.0044357731705486165,-0.0016253962243872734,0.004600139163200945,-0.00800786438998171,-0.0016902462671945456,0,0.14465983685437508,0,90.0
-0.0138115240989845,0.002265875637388443,0.0011491979101606001,-0.0017614209765415966,0.0022199919068989897,-0.014944637012407664,-0.0023586484886064787,0,0.13985431601653733,0,80.0
-0.04722820362582478,-0.004886038605393197,-0.022591091105932454,-0.0012993030192646957,-0.03369097004416257,-0.00935877408160585,-0.0012584195080239968,0,0.046782681148420775,0,30.95
-0.04517708518790549,-0.009949293574927633,-0.019414744653352772,-0.0013055655250417478,0.00509035096797176,0.0063059779980886455,-0.0015677037096546978,0,0.10107741745380748,0,56.5
-0.041704867814364235,-0.0016723502771416228,-0.0015329637130536416,-0.0013195978898370617,-0.006949765335373119,-0.005571375550078658,-0.0016263253516036278,0,0.10671823520717767,0,49.0
-0.04962056649000701,-0.0004707492036133398,0.034979510818717224,-0.0017040274233396237,0.009969315970033036,0.010827546104541015,-0.001890653365009859,0,0.16918585754995122,0,50.0
-0.047696279409702724,-0.008289810646674814,0.0014215424866539615,-0.0015041019686439264,0.005453792278134383,-0.005897274538056299,-0.0013183575298794995,0,0.1092649918104604,0,108.95
-0.014593158217858285,-0.0023610832794271914,0.002748442062123759,-0.0017823262849760266,0.0015893698109442022,-0.002079983994954584,-0.0019629837342964853,0,0.1486537575001848,0,100.0
-0.04492538256917554,-0.007245696731121031,-0.0034792638451282254,-0.002039863750029669,0.007148294302713147,0.0034800438994089093,-0.0017042760996611626,0,0.11832933634563608,0,107.95
-0.04327079889731755,0.006794158191234466,0.008138989042087283,-0.001311889045950738,0.006160183462793081,-0.003963768648456685,-0.0017154537646243185,0,0.13792690147839493,0,54.0
-0.017493497938592357,-0.0023716088122645224,0.002663946006250322,-0.001903435301676088,0.008199580549820625,0.0022366253144116884,-0.0017242747909917944,0,0.15670281616558715,0,100.0
0.03192144162137864,-0.0063792210331205185,-0.03563583538836156,-0.001756546251067074,-0.030339471084330088,-0.006957643061750425,-0.0011164642288427902,0,0.11683174171253505,0,1464.95
-0.019118124194204212,-0.018847642225119633,-0.022932481076393865,-0.001456475664351614,0.0014242204145279876,-0.0036425470772231128,-0.0011924208149771648,0,0.10133001050088765,0,100.0
-0.02309125604494036,-0.003369165852772034,-0.003220725092354312,-0.0017320356981435734,0.007300280270304061,-0.009204728955226933,-0.0013682630189923801,0,0.13240958674650372,0,117.0
-0.04486055557921619,-0.017174409123287188,-0.018274848795460288,-0.0011280914501628156,0.004786783858169433,-0.0008921252714274706,-0.0011239233466264552,0,0.08842831143061805,0,25.95
-0.0143631765951968,0.0017789673516122172,0.0029344095185072894,-0.001850007305688979,0.0037917746783314842,-0.015690956421997956,-0.0022984528527409576,0,0.1413980395114557,0,100.0
0.11081786826319413,0.002110462318303775,-0.012513373001189812,-0.0018757422003973087,0.012029628759392853,-0.0056341768576156,-0.001042396784118577,0,0.270987751636198,0,311.95
-0.044222562654413475,-0.0012936318790057778,-0.010818625517805634,-0.0012927905772132286,0.0028330770557614144,0.0008835824308949387,-0.0014693561899095425,0,0.11171517380693823,0,27.95
0.10805671740674941,-0.0066072779168458735,-0.03617268668013823,-0.00186927492257296,-0.0016829442260307371,-0.0012321474049277286,-0.0010281796270272332,0,0.22655968776783456,0,445.0
-0.050455435071256265,-0.015214614680139646,-0.005977012071991906,-0.0014171820990418272,0.004924159842215867,-0.00887585442704032,-0.0017371702811573018,0,0.08834237235021794,0,34.0
-0.022319320870464145,-0.02960678980649246,0.00013818270239064216,-0.0013605817280490015,-0.008950412488396271,-0.009115805833759143,-0.001131858803566401,0,0.09474889431029222,0,75.0
-0.036192347984709175,-0.013228821981400673,-0.00976005218413553,-0.001059396436003178,0.0006793240474183103,0.0013510165129327,-0.0011679147132831636,0,0.10771728839944847,0,50.0
-0.054616879590499,-0.0110163478948443,-0.00017549903548046922,-0.0018699005933487689,0.003385012042197533,-0.006193169156682358,-0.0022230413339015495,0,0.09438565557607059,0,47.95
-0.03102143788889235,-0.00654583034351225,0.0024908775505975414,-0.0013113260313115523,0.00857794848053827,0.012313564340530384,-0.0017772491422401449,0,0.14982202810433876,0,49.0
0.08732113411887411,-0.009976727433766874,0.007359305019157926,-0.001742859290655014,0.004636023462029815,-0.013521584403580415,-0.0011090278250156641,0,0.240061744785673,0,311.95
-0.04718938978801209,-0.004008062424726737,-0.021802443106576024,-0.001133419928270593,0.005469351906363255,0.005005108785131762,-0.0011950091498812837,0,0.1022416174326572,0,25.0
-0.013534823395328518,0.0013740722991636915,-0.013628312316501048,-0.0015890368342480691,0.0007437512288399571,-0.003144215829507395,-0.0016584909974641097,0,0.1356584252935841,0,100.0
-0.003037841220690616,0.0006812462092598416,-0.028426990706387618,-0.0017362305160193536,0.006055667610194432,0.0011411121832556963,-0.0018198653045217552,0,0.13995257939371983,0,97.0
-0.023374448119185966,-0.00499032509815817,-0.0017162345945269412,-0.0017849252022536788,-0.037122787168882475,-0.006437032710910118,-0.0014206416370577582,0,0.09024908660765353,0,134.95
-0.020806857777085793,-0.02132750778683242,-0.02046164384443609,-0.001232249309547888,0.0006269819175607905,-0.002043058548516173,-0.0008827552833608436,0,0.10096839050641059,0,117.0
-0.018416981430157717,0.005077708498504961,0.004187901892353658,-0.0017153973157739257,0.007087539264209264,-0.009131752871446035,-0.002003929957985759,0,0.15218056921833356,0,117.0
-0.02704459364553093,-0.002108399865409704,-0.0020179019015269914,-0.001963821076026937,-0.0487688324650376,-0.0010993117160334042,-0.002147540029445438,0,0.08194508043961851,0,59.0
-0.013792911031063192,-0.009085485130729563,-0.03197579493840857,-0.0012177400212049093,0.0028390101406330277,-0.013015630836701694,-0.0012692781077880083,0,0.09957765121336655,0,82.95
-0.058853862570849125,-0.011141128717815689,0.00571187198517874,-0.0013926107421926833,0.004739635991769101,-0.0026411564384218574,-0.001453179704494398,0,0.10206505094180342,0,57.95
0.05941415433181641,-0.007632946849935093,-0.006754553398434787,-0.0016319708132720115,0.0004869389234891192,-0.01135439831559655,-0.0007407979338427457,0,0.19888190708285386,0,226.0
-0.056276646437877206,-0.00632793052909145,-0.02242930957765448,-0.0016399328388924962,-0.031195680276849713,-0.00901224229145833,-0.001729307524224085,0,0.038484431662580525,0,57.95
-0.015790516139164493,-0.004411408691571044,-0.03989501311203961,-0.0013488971356045512,-0.004306579615102308,-0.00475069982372391,-0.0012484087363366905,0,0.09534395788508677,0,79.95
-0.035216186694543655,0.00267019938872425,0.00286779407143173,-0.0015384740710469558,-0.002996842028996787,-0.015702405072142933,-0.0017502495230304934,0,0.11542931720902408,0,60.0
0.064731797467309,-0.018620583647181266,-0.037343350839973775,-0.0021294999997958303,-0.04757591298275194,-0.007098418085844041,-0.0013956455129529768,0,0.1176638675374393,0,318.5
-0.06942112705478236,-0.004915059692165875,-0.002857673212256477,-0.0016955670675396761,0.0071665686699403765,0.006842957788724836,-0.0017814705539896721,0,0.10043411001655984,0,57.95
-0.011084225585311929,-0.0024554758477889193,-0.01549124865308262,-0.0014262180614808167,-0.04149328362959061,0.0037905921996535486,-0.0015138484966732949,0,0.09742177306435437,0,87.95
-0.06304791732219657,0.0010155908733364965,0.0018897602235522458,-0.001872972196484185,0.006723170919321203,-0.003072743504764687,-0.002207946397010189,0,0.10652242373438402,0,57.95
0.09013818043715667,-0.014480023036717702,0.0009117936674235583,-0.002270511670263321,-0.022340635370990028,-0.009454154460789095,-0.0008457454366864894,0,0.20875438526776233,0,150.0
0.055588652206012557,-0.02703821690393118,-0.00313824854242186,-0.0017364808040327502,0.002754236120530311,-0.006502286827428304,-0.0008645220950278539,0,0.18615861429233035,0,171.0
-0.02947068703403851,-0.020146605170056835,0.0067670615184992865,-0.001534218453212267,0.005022395147576446,-0.017792381652091554,-0.0015007113660214498,0,0.10844033412928367,0,103.97
-0.05459680059843391,-0.002908766425705628,-0.002190212545694095,-0.001345113171830929,-0.040252593693906956,-0.0028430318451980316,-0.0012788934424697632,0,0.061680069415389706,0,25.95
-0.024489731925818402,-0.003633918879483714,-0.0014957963763219642,-0.0015437628042042238,0.007831516333612665,0.009308516071947163,-0.001730984653659096,0,0.15134131890470162,0,59.0
-0.0396083736209473,-0.005572645819561732,-0.023448703235893965,-0.0018640331754685528,-0.035060766330932046,-0.0023082787827907827,-0.002008792319589234,0,0.05722388785344515,0,55.45
0.02759193470685408,0.003243953466550307,0.045555188545994066,-0.0022173571442672554,0.01484654806100691,-0.0014324218691126303,-0.0009369432420702384,0,0.2537463836635851,0,2942.6
-0.03222627772135316,0.0021758359036004233,-0.012291991327676168,-0.0018123467836162535,0.005802421255486593,-0.012107521905802138,-0.002330183662093134,0,0.11430541689717529,0,107.95
0.10734155554977881,-0.003536443037235061,-0.030671459664288123,-0.0018906877166437275,0.007427852475008226,-0.00171891887704125,-0.0010154982544517477,0,0.24303188161375555,0,500.0
-0.03957329936426983,-0.00043924394092411816,-0.004804335718288976,-0.0010131484276656073,-0.0009897034149071947,0.006566578537092401,-0.0010470595086225106,0,0.1257952693010436,0,31.0
0.0765368352352427,-0.0004947673492123035,-0.0317784801676733,-0.0016467433405111071,-0.005019386494880054,-0.007077949770127564,-0.0009398933980683473,0,0.1966750958533992,0,250.0
0.04700907912970109,0.001195241357423832,0.009691667763982132,-0.0024976315164130045,-0.004293331130248918,0.0028365661182794986,-0.0011647998749293356,0,0.21987227298642484,0,160.4
0.11190236058341116,0.0023088991168977173,-0.0272095103929108,-0.001759363559362975,0.005141447221512149,-0.01033233580325415,-0.001233205530909208,0,0.24591377277401233,0,400.0
0.09033359754127991,-0.016095875935750133,-0.001956750120387614,-0.0015327955417224434,0.004736345995464562,-0.006714004867740517,-0.001126461597094284,0,0.23473953661267832,0,766.4
-0.035530034412156256,-0.004862888033505314,-0.02228922765482994,-0.001448882544569618,0.001287832605969947,-0.007966283201690964,-0.0017779708715108579,0,0.09450802702633573,0,50.0
-0.05296388832347578,0.007256742912787301,0.004985639626538604,-0.0013319669847757243,0.007237199228095268,-0.009508510271918371,-0.0017619203604176585,0,0.12100877696546326,0,24.0
0.08980659329877601,-0.010568585022332856,-0.014101195209635613,-0.001994829208268997,-0.04036403903587073,-0.0013681160991856087,-0.001126953028452643,0,0.18737835683365783,0,150.0
-0.046903750114827766,-0.004005628341796064,-0.005038355812138672,-0.001484718712643351,-0.040799926102395606,-0.006187178317317109,-0.0013465536177756508,0,0.06132937011973472,0,36.95
-0.05161204094472671,-0.007581342691047428,0.001175971437696149,-0.0013091437967194036,-0.005702029896763206,-0.015960176064172042,-0.0016029559122756466,0,0.08450376327062084,0,54.0
0.0743533750285225,0.029827571105824277,0.028675212758812473,-0.0016464136210421064,0.09647971027506545,-0.02417869503265287,-0.0005875277366434943,0,0.37001871391651325,1,226.0
-0.015285588786242976,0.003968856687978026,0.0037920834686804624,-0.0018064097929087516,0.00799023256579024,-0.006635510690959036,-0.002152935903770034,0,0.15696620868719738,0,98.95
-0.016125217022804623,0.0010928844249065094,0.0014560343768446444,-0.0015903684209065804,0.008750970439653352,-0.0054470633396413734,-0.00154730083465407,0,0.15368542076202713,0,117.0
0.0750906625283505,-0.005208248269788461,-0.04145502109754886,-0.002038151028906525,-0.05204524414230788,-0.003482506258321449,-0.001194985309130361,0,0.136761987560976,0,366.53
-0.06083692391959725,0.002409699775808559,-0.002081496648494123,-0.0015388234956467517,-0.03892429440499426,-0.014704187369413445,-0.0015424470764522987,0,0.049877007999839434,0,30.95
0.057925764613061204,0.007002786122881632,-0.027235251422478526,-0.0018644287438926526,-0.03635539800178698,-0.010715911696845201,-0.0013172725615949372,0,0.1545357694479739,0,186.0
-0.04882498089998782,-0.002810179261962102,-0.004033731475806557,-0.0017375855492365439,-0.027252012926636003,-0.008574403502416771,-0.0018711092104969297,0,0.07199147831208626,0,31.31
0.0953464710344943,-0.003027922594828979,0.03670931390363326,-0.002129037504273243,0.013221554475997245,0.0059834695282744545,-0.0009935819810279886,0,0.312205748000898,0,150.0
-0.05585253955219763,0.019695009456160473,0.036327334541357635,-0.0012081740026107202,0.01748183776559402,0.029075610967672375,-0.000801782492908362,0,0.21181277782169766,0,25.95
-0.02544797621143059,-0.016057308311816954,-0.0028282131948965472,-0.001750221009521098,-0.03448379629349904,-0.005517622547283028,-0.001677080957325381,0,0.0793332626128561,0,77.0
-0.05970415171929229,0.021362928618031046,0.008844775956864576,-0.001264678196368544,0.001889270882771035,-0.03746581393434111,-0.0012777426751144573,0,0.09948007007117976,0,30.0
-0.05595232847049168,-0.014129073131257483,-0.013786655593609157,-0.0013712421117997805,-0.009041872765979139,-0.011528063513424204,-0.0014560256347040457,0,0.059830219917363946,0,58.95
0.05787147912394675,-0.002595477448772334,-0.0016364818153558275,-0.0017088893099818133,0.0038194116288387207,-0.0038895685724644113,-0.0007679508683394542,0,0.21818800387650114,0,226.0
-0.014393048006717096,-0.005613359942055425,-0.02213792504688613,-0.0017130829438142634,-0.001532171682133583,-0.006041904098532586,-0.0016904357196483347,0,0.11397355369884175,0,100.0
0.04936647767082015,0.014807298202819508,-0.003042552013892133,-0.0015255393238599731,0.0062880886443393395,-0.024631546698743113,-0.0009773671782959373,0,0.20738034044181725,0,226.0
-0.041820859780242865,0.0007288120359456646,-0.002309106651033324,-0.001627473037891248,-0.044814022878972105,-0.00857654691080938,-0.0016398341396859928,0,0.06703644977594007,0,107.95
-0.04793902974966034,-0.0031131211546549103,0.008762721957813413,-0.0012755954210180184,0.008416921647774649,0.01092741822158986,-0.0012168421883066505,0,0.14165795445216717,0,36.95
-0.04473496611062357,-0.007024477953041499,0.00803533758644784,-0.0012725401861654495,0.008244924258656212,0.010695526594953856,-0.0013025751834250825,0,0.13973671014543135,0,35.0
-0.047414742096202306,-0.030458375260298,-0.060587742063156334,0.04253591891186375,-0.042866841859278394,-0.020219646011282687,0.10083573750706112,1,0.10891979026733699,0,16.324
-0.05932513026687604,-0.005620723513316168,-0.02091242651470841,-0.0015593859597010057,-0.003818204288563749,-0.008393488010569135,-0.0019307543552675342,0,0.06553536822962744,0,57.95
-0.015545740491892314,-0.0031476398652973787,-0.0034171820060780894,-0.001930704439338907,-0.04999011828736924,-0.0009314741853765209,-0.001657047194306427,0,0.0904755746689706,0,100.0
0.132958151505527,-0.009295457488007846,-0.033050382742782825,-0.0017782035784525002,0.004215635782519087,-0.006797200818779943,-0.0010685271504701412,0,0.25227949664818267,0,300.0
0.10374773653654933,-0.0009882411077731445,-0.020785900393086514,-0.0019575763648553546,0.009896583878709618,-0.00022543741934537355,-0.0008720580179576777,0,0.2559105882508695,0,275.0
-0.05040880113743617,0.007402623492380958,0.012791763657167887,-0.0012734646692620158,0.00929506457693899,0.012664737224872092,-0.0014266948527254105,0,0.15614070943056568,0,25.95
-0.03713820677619369,-0.003915829502902991,-0.014787997261563463,-0.0015716092850436905,-0.03488007820412647,-0.0005442683533115612,-0.001526069189895757,0,0.07273142256559124,0,104.47
-0.04183623436026326,-0.004376476524923448,-0.02207464960995872,-0.0015137913407796185,-0.03875319440700687,0.007155686339561416,-0.0014815175453186087,0,0.06421530368993951,0,39.0
0.10030651209398538,-0.0004975290909073581,0.0030192429936766563,-0.0017695193309091774,0.0012890393387052048,-0.009179057577815234,-0.0013745590896028328,0,0.25888961047576087,0,317.5
-0.05988283526138417,-0.011125944319070383,-0.0028637304291349933,-0.0018767496728602816,0.006553180425471929,0.00549764468611139,-0.0019129619481654243,1,0.10148408461959788,0,26.95
0.06772347000205726,-0.02941202691822715,-0.008976645024192903,-0.002148428492041592,0.002282658619269947,-0.017692580229195457,-0.0010552111264808654,0,0.1778167179698179,0,200.0
0.08298076549707906,-0.010649472569505034,0.022002645049575987,-0.002291350833187153,-0.010245072892221693,-0.009998167023405212,-0.0007141879916649353,0,0.2381806403752997,0,200.0
-0.042662495008283584,0.0013266246512040473,-0.002162146584786782,-0.0015471174698542386,-0.005685229339987902,-0.011118486724962611,-0.0014408643003367082,0,0.10380576636162189,0,107.95
-0.029800312291145846,-0.0009262248409825379,-0.015681720869202904,-0.001564413910754012,0.0017864633057327786,-0.0004547809063263577,-0.001811536102927467,0,0.11864295552302286,0,59.0
-0.02820672741271861,-0.008248291094748117,-0.02855318749932737,-0.0015278045448901567,0.0035361120376607756,-0.009599212383684738,-0.0017617743927590887,0,0.09273459584816164,0,59.0
-0.053359304128086704,-0.0036363586272047553,-0.018609987484562277,-0.0022171467039894775,-0.014972885359513409,0.0018379685846699502,-0.0024661988358408425,0,0.07367156858410162,0,57.95
0.10168192744061201,-0.005975152237888216,0.018545301549234235,-0.0023164122522072055,0.011001921066268691,-0.02756488646748324,-0.0012152702143139766,0,0.26125291002285084,0,150.0
-0.038620189882613815,-0.0006236985840501357,-0.002151252941247178,-0.0016735265714407181,-0.035915213094343076,-0.004559603059611162,-0.001629517532802825,0,0.08192247947251952,0,108.95
-0.04326263631845409,0.0025054961610879193,-0.011440754581350528,-0.0014540060768584492,-0.007279510681536631,-0.0036714611760857176,-0.0014250164510948965,0,0.10106759201433696,0,107.95
-0.004933767223271735,-0.002935620888073605,0.020996648692341784,-0.0037478675732103223,0.00026176610286154456,0.0010850771230515332,-0.001046167566226286,0,0.17677554980610202,0,15.0
-0.04197637507819316,-0.005601482693115273,0.0011007458007084145,-0.001145838848446057,0.00976739232295465,0.011252084181184178,-0.0013642153359868002,0,0.1391277914877351,0,42.0
-0.025335310651514373,-0.027282338172723138,-0.006767440207490707,-0.0012949704051068453,-0.04115043305205923,-0.0007237477050165487,-0.0011901163375624606,0,0.06335112460715465,0,87.95
-0.03316819524937656,-0.004364807040318632,-0.01245296752501449,-0.0016973862129599814,-0.035265839404595455,-0.004687083642070483,-0.0018705551323752812,0,0.07358864693191806,0,67.95
0.07448983855093659,-0.0010457813965682177,0.02135777852807184,-0.0023496900941085545,0.0050063103285042185,0.007109802406004929,-0.001058438667569707,0,0.2706053007939002,0,171.0
0.07591505865464752,-0.004254891251017824,0.017629555794595,-0.002626821498998926,0.003060967860323921,-0.010785915646256783,-0.002051502600757996,0,0.2439819324511641,0,226.0
0.11797988150007238,-0.007651989978671467,0.0012278268465160129,-0.002796853285501623,0.001243196956247054,-0.003705669870465378,-0.0011300954816628641,0,0.2722617778251627,0,280.0
-0.022274040007011674,-0.022097090268542646,-0.00014389056769042132,-0.0013323472463247807,0.0062404194329709894,0.0030410162352684455,-0.0008649875524478314,0,0.12966456116485106,0,131.0
0.11346884370438531,-0.013362854077606212,-0.0025230548562542128,-0.0015873073504636612,-0.00379371664158826,0.005171295323119731,-0.0007463437520229023,0,0.2637223434881979,0,411.95
-0.06123071506110567,-0.020112904337673758,-0.0011376421374911451,-0.0014805334769050311,0.004720961948742588,-0.003573892474946273,-0.0015035983926560653,0,0.08277715720659387,0,57.95
-0.01678080372593999,0.0069227554148298615,0.015398953618310899,-0.0018552045492512877,0.00879946556056847,-0.012257447591561008,-0.001790009983732138,0,0.16553318988185406,0,75.0
-0.03661418295367593,-0.013060225890614034,-0.031889177517702184,-0.0013396211850165332,0.005121253541200042,-0.0019911660696729284,-0.0012076262634513376,0,0.08611473479969613,0,107.95
-0.030642410064850186,0.0016314037674680854,-0.023611285107994442,-0.0016190040007942018,0.008971044427471334,0.006202708594633328,-0.001953542299657551,0,0.12607439645490515,0,63.95
0.0582292802025052,-0.005512038904376535,0.004509277147050206,-0.0024251448590352893,0.005177388520592131,-0.013285224069802988,-0.0010010864756119216,0,0.2127879326999504,0,226.0
-0.07684627308425905,0.00595407342364672,-0.0015001940776555934,-0.0012532391190146351,0.0034716328430686987,0.0011334257412027554,-0.0015084664037560466,0,0.09654644046186119,0,35.0
-0.02430559398994474,-0.004843280692285578,-0.014086457987055307,-0.0019753992246943192,-0.03695069010658807,-0.0035431665832469654,-0.0022019095306467177,0,0.07918898302416708,0,59.0
-0.05170640844927647,-0.015117445517954452,-0.0028883350497815167,-0.0016368810784602788,-0.03904798018122233,-0.004232112541320937,-0.0014407039133265559,0,0.051025614407286694,0,35.95
0.03259514983226659,-0.01841036826562737,0.001239089319252068,-0.0016295226813425824,0.005637104955019943,-0.011013259655496398,-0.0007847087231284223,0,0.17472896591957288,0,159.95
0.074553333138744,0.036175171945737265,0.026522624859801752,-0.0019420509188547651,0.1312580236304862,-0.009103973377601552,-0.0007556323378507304,0,0.42380297807908834,1,160.95
0.03243005567937052,-0.030815898928199,-0.0475684773843665,-0.001974693242219085,-0.0005185316829299135,0.0013771430603174543,-0.0008449103120621229,0,0.11918016832854046,0,206.0
-0.02008384604048589,-0.027217138491913224,-0.005538106002112456,-0.0014574614352406837,-0.04735214652392243,0.000567866179952304,-0.0014056730135844943,0,0.06460897581132202,0,77.0
0.08720766905251544,0.00221323673353937,0.02615930646604512,-0.001895962373475288,0.005609634170902898,-0.009772138112779475,-0.0007864462254490185,0,0.27583078084992857,0,311.95
0.0994874137253343,-0.02004127589806174,0.00948209403899405,-0.001547094963825253,-0.003975944996864325,-0.013050377343284136,-0.0007780904992480888,0,0.23667220520167395,0,827.95
-0.038043539787654915,-0.004864508535818431,-0.0006872122227311555,-0.0015096408893319087,-0.0017476790382109889,-0.003517627599094115,-0.0018158258600981,0,0.11490944720568949,0,50.0
-0.033756068619097974,-0.004596890162760114,-0.042495792171741716,-0.0013351378887124395,0.0003488676441756373,-0.005265587373158269,-0.0011867195596585508,0,0.07880815300767577,0,105.0
0.08921957256786588,0.000490851859079132,-0.042181735378431014,-0.0018240026079444506,0.009362765993634649,-0.016880741430906756,-0.0010630742269412989,0,0.20421911791498445,0,724.0
0.05890625112147164,-0.00529775191808176,-0.017520489371849666,-0.0017402954867670084,-0.029904158194211404,-0.010242806270891441,-0.0012069858089162157,0,0.16008924520938347,0,171.0
-0.03872712424824331,-0.0015850620074109737,0.01041070570618136,-0.0013590057896829268,0.004269383930136388,-0.016170943113572613,-0.0017703305625441828,0,0.12216310505349268,0,49.0
-0.044615371177965095,-0.011667253281212717,-0.013428581982613033,-0.0013373438724807506,-0.017224821914148158,-0.011429403584729226,-0.0013391911105073262,0,0.06605351421497296,0,49.0
-0.059268623566315924,0.0015714848272989162,-0.006967861253222458,-0.0018420445029292886,0.005168475625775325,-0.025019027309292292,-0.0021294923523255092,0,0.07860839260761832,0,34.0
-0.04536298843443643,-0.004875634766129943,-0.0008131187069212586,-0.0015585459051364863,0.007936144781681394,-0.00915846252585911,-0.0015587323399784297,0,0.11170414324184932,0,107.95
0.06375878851464296,-0.0064268746296144855,4.7695576980538335e-05,-0.0020866414230118397,0.0025847175364920047,-0.003764405907996765,-0.0011751364346980744,0,0.2200336243714235,0,1104.0
-0.016416688805380525,-0.00889390217520433,-0.028596540511986283,-0.0014647192240744196,-0.005384519879047828,-0.017987487521810567,-0.0010371595900397247,0,0.08731446343108525,0,9.5
-0.03466039843115726,-0.006944767240874232,0.002016170052565574,-0.0016266291652114067,0.009100071942187864,0.0030847314674340084,-0.0013196447580000822,0,0.136745015005574,0,102.95
0.11131485534659957,-0.012066033295605998,-0.0003545563571686172,-0.0016607214389177851,0.007954132367252696,-0.014155066448861331,-0.0008812013196792061,0,0.25724688999224854,0,150.0
-0.05316306067388871,-0.017068389433923255,-0.010478641897917224,-0.0016340209826838958,-0.024646122726152124,-0.010826440407095735,-0.0013956726186059724,0,0.04788313239836195,0,57.95
0.1257768207574041,-0.004371776886385009,-0.001571076961313955,-0.0016968143020712199,0.03237643136109346,0.001010089069631858,-0.001047941012855092,0,0.3175712131641333,0,150.0
-0.038033222678387525,0.0008794027188792314,0.0033175578974717515,-0.0014907643590887244,0.0031820848496050434,-0.009348484156249745,-0.0018517281133690598,0,0.12375032729749004,0,49.0
-0.04694045266013403,0.044325134840968436,0.03252561276265798,0.11319185994742574,0.01971439428055442,0.021009437412181694,0.19273242674555,0,0.5436538944678331,1,29.415
0.0885251056144996,-0.003953545524205357,0.0170928361592,-0.00193009863205695,0.004340198506609946,-0.028813210276198202,-0.0008099322104719457,1,0.24154683477600636,0,390.0
0.05286790049091569,-0.006531627266430443,0.027860759406411285,-0.0017292653845742338,0.01133638677334556,-0.016779076331061918,-0.00044512920493709686,0,0.23367542962229806,0,1639.0
0.10128060092831107,-0.004569188989961798,0.0004074440427501834,-0.0015743626393153111,0.012050923614323668,0.0007796604292289625,-0.0008366409927532067,0,0.27463391753121147,0,664.0
-0.07003268440853162,-0.005945667658803297,-0.005177721766088156,-0.0022914224120937792,-0.0023340369544980893,-0.0051767362456581366,-0.0022726146433711975,0,0.07386459704958519,0,58.95
-0.0139870967193498,-0.02410015055781354,0.00482286245763048,-0.001219962996890417,0.003241456719030006,-0.008179136684943786,-0.0011158422651438202,0,0.12655761109114821,0,97.0
0.10934853035762394,-0.015322257455513395,0.037558222593796604,-0.0019830278413685226,0.03098704751002204,-0.03912721216706822,-0.0007409770411009465,0,0.28781580709501964,0,270.0
-0.05608615034533015,-0.01775347475808654,0.0019085805231225767,-0.0013242365699554898,0.005637189960715934,0.007169251444945516,-0.001340309572509331,0,0.10530633182153191,0,58.95
-0.0184492523337896,-0.00017191103438836836,-0.015767753071699683,-0.001830615711066087,-0.04843526891251276,-0.00188995735188551,-0.0016216722247203107,0,0.07892905049856742,0,117.0
-0.057442679461925786,-0.00993687882449751,-0.004850970825279283,-0.0012741297014282628,0.0023885217305955582,-0.02999225225781624,-0.0015423481346885856,0,0.06444474366358899,0,21.95
0.0706334527500035,-0.015747193646527338,0.0026997143983559582,-0.0016488593345498482,0.006761005192259239,-0.013113908630790826,-0.0007749683784254852,0,0.2159047234889545,0,146.0
0.0894269823119972,-0.027817734088571168,0.02867406268849075,-0.0025882567889388224,-0.008974720607928909,-0.005507317228886454,-0.0005895866471236568,0,0.239718910777667,0,201.0
0.10413475255302694,-0.027804926548237675,-0.028597813987535678,-0.0020187277288225584,0.005826175113842412,-0.0017121313806817463,-0.0007052577286964935,0,0.2162175514315238,0,280.0
-0.039586160713897436,-0.021957357590193825,-0.0025565750777644053,-0.0014547925814337589,0.003517721456705631,-0.0032457558271315975,-0.0014089893093030034,0,0.10040357149561066,0,50.0
0.005474217667044255,-0.00618401142086235,0.0030152669605116467,-0.0014864994289919236,0.01976780366612766,0.0035456792573401235,-0.001746810533678921,0,0.1894811273061195,0,15.0
-0.03441546454039569,-0.0052281785195928115,-0.01724783257716898,-0.0013137157510415879,-0.01811901128034174,0.015757413980177444,-0.0014032619258450196,0,0.10512543052442039,0,39.0
-0.017233797270570214,-0.0012769602888129613,-0.00042731176431887413,-0.0016105474010556097,0.009019495134699079,0.008475519059889532,-0.0015666845343158715,0,0.16247519407414426,0,75.45
-0.05313185916171103,0.002798099347861881,-0.0027411922199342387,-0.001781314095407332,0.008835680518102794,0.009445669928581717,-0.0016840642873211305,0,0.12883650116880296,0,20.95
0.07515465130271129,-0.00280956263293508,-0.013237923448909703,-0.0018205100245508104,0.007901415374719195,0.0018780564031049744,-0.0012234022056071868,1,0.23293820590716177,0,200.0
0.012271967322790395,0.005071056311945283,0.015323684849642572,-0.00214857410754737,0.003273308759325278,0.0008051311048486483,-0.0009687717145692703,0,0.20072328366506476,0,226.0
-0.018569502761519745,-0.020135191809782932,-0.01578668257962922,-0.0012756709818829552,0.002300780505088113,-6.051838209948e-05,-0.001005611935910412,0,0.11256308319289246,0,100.0
-0.017601159333166257,-0.007064884387696658,-0.026111548732669763,-0.0018463097010173253,-0.039676627663695195,-0.01028592787761548,-0.0017522747955833985,0,0.0627567486471848,0,77.95
-0.05155838052604808,0.0003038896586670588,0.0032592417323551804,-0.0013145854363944781,0.010422541809314546,0.010688491831503564,-0.0012627170885331348,0,0.13763396311949433,0,30.0
-0.019212240074392904,-0.02234087720480399,0.00456196614986909,-0.0015303472396940708,0.007084215019967601,-0.011313667688070789,-0.001376219140791947,0,0.12296831096071185,0,100.0
-0.06176557542828997,0.00017688848083670776,-0.021849664947838913,-0.001643576948026628,0.0012586615743683637,0.0019427312642622755,-0.0018629215473218873,0,0.08335202358661967,0,57.95
-0.019285040140042665,-0.011484110670556586,-0.008308436629294636,-0.0014626220256389974,-0.0429188770254208,-0.0033923321818725813,-0.0015149366626019416,0,0.07872912580320082,0,117.0
-0.03078058697266147,-0.02938390007600885,-0.024913741284368945,-0.001177327772814429,0.008343537837411015,0.007536377627007543,-0.001015963801879296,0,0.09570387669531456,0,45.0
0.12610601965292598,0.002865189732039942,0.009237532558438228,-0.0014403489697992619,0.005545274865570439,-0.0004296229173909132,-0.0008690424955469405,0,0.30811048356486637,0,404.95
0.010746761998408688,-0.06987008332061533,-0.00252174314111019,0.08638289354849703,-0.0012022126012145966,-0.09021343497787018,0.16259124386365972,0,0.26300890650838216,0,56.318
-0.051502656846064976,0.00752588786524901,0.02986536711165658,-0.0013685717772069265,0.012722623960475648,0.02053245596479146,-0.0010504978138130175,0,0.18382008960371693,0,107.95
-0.024610240689102416,0.0007594890982977129,0.04375172775807494,-0.0016336178367453993,0.009135713343686555,-0.03823162449882781,-0.001647194311189675,0,0.15461973400282328,0,59.0
-0.042998474143043995,0.010847137661845379,0.01591313177250908,-0.001225638723437221,0.006889600769943899,0.013505453209033014,-0.0014080113692983977,0,0.16861868031618094,0,34.0
0.10299329449480384,0.0030451574354103473,-0.02194218134588777,-0.0017116858618774608,-0.027972076781498906,-0.01308590679361036,-0.0012450475264949015,0,0.20717703475947258,0,150.0
-0.03595357147341323,-0.0052067052959184155,0.0011926450100349323,-0.0019780760246952763,-0.007041693118555328,-0.0057958591319599365,-0.0015298751914290093,0,0.11078234591269272,0,75.0
-0.02293651471343044,0.003207248009688969,0.006834074226522373,-0.0013862724473752953,0.004901381179493415,-0.008659215019680245,-0.0016344012316325339,0,0.14742178114221546,0,125.0
-0.013665542909562626,-0.002803982670187562,-0.013392218053753017,-0.0015773706704976269,0.0015106999183877427,-0.0005336956006950914,-0.001617074389783597,0,0.13501629676253776,0,100.0
0.060205257735248215,-0.010891134417020836,-0.00652290612729628,-0.002360196344754872,-0.0009666404542752362,-0.01513377763219931,-0.00121344913364493,0,0.190212634764687,0,179.95
-0.04535892138941117,0.0006596021340590433,0.0042469550212630965,-0.0016813176731182507,0.02160613222484847,-0.017758519126821616,-0.002050859461480128,0,0.12675855286796844,0,56.5
0.0825696216351747,-0.01369258710202538,0.010983219103799095,-0.0027650597744409513,0.0021046374848375632,-0.0034936633343685235,-0.0005168698536720416,0,0.2422847792979329,0,200.0
-0.02265814951633496,-0.019376825833204533,-0.00817295575021058,-0.001279549758402911,-0.04509249034656304,-0.01160726242461265,-0.0010500255671209316,0,0.057858221942178704,0,117.0
-0.030859741598821617,-0.011344591690442017,-0.008189962421561737,-0.0019899824713516764,-0.02529056940732512,-0.004603461103407397,-0.0022169511684417675,0,0.08260022127727756,0,49.0
-0.023738608738423064,-0.026476294045094467,0.006191939472735825,-0.0012962990407375933,0.0061620461246893465,-0.0073475509898641555,-0.001167724188246666,0,0.11942298973368787,0,72.99
-0.020065799381359866,0.0017802245588570006,0.0016345399994450117,-0.0016599984192936902,0.008203403221789418,-0.005559822967856223,-0.0016061022753981154,0,0.1498219258748127,0,130.95
-0.052559899780664054,-0.0173748559155951,-0.013045059069929177,-0.0011775550280119587,-0.0009858609198875338,-0.019423754942909596,-0.001328597321728027,0,0.06119989815990365,0,25.0
0.059641939315279564,-0.02250414877538185,0.001967497257972443,-0.0017770675876643148,0.005983706829794596,-0.010938797612344817,-0.0007716191009947805,0,0.19869699146529016,0,245.0
-0.030089397498701476,-0.0061101602409296555,-0.006624905817262642,-0.0017163599374142593,-0.002190575165390793,-0.00820368226739294,-0.0015117395299343187,0,0.11064866068160317,0,60.0
-0.029997059173135047,0.004654514996888792,0.0013088279979686054,-0.0015995524737784231,0.009107598344597963,0.0033216720534636995,-0.0019289264380010487,0,0.15196255644663373,0,63.97
-0.05296513713383559,-0.013375617867116642,0.011467950474035959,-0.0016198603115347133,0.0047879289664631884,0.00959898180938303,-0.0015138822379704056,0,0.12347584483805443,0,50.0
-0.004598664188453562,0.005730339317997151,0.024776193458489526,-0.0015533508935350088,0.0034855795448921435,0.006880319740192348,-0.0010574854255864339,0,0.20075841269262518,0,117.0
-0.016141506289215315,0.011553773378758039,0.014336880901707599,-0.0014920462043991574,0.009140420460737908,0.006403714934940551,-0.0014865021085158187,0,0.18941021621264334,0,117.0
0.054792026689641476,-0.007953444081410925,-0.03257999289424429,-0.0017230487784887089,-0.0007756011516494528,0.003374050624512857,-0.0010637800130041774,0,0.1811656915339865,0,226.0
-0.057135039299628015,0.0027861127850049277,-0.004270552537244075,-0.0015923780591328687,0.010204619649804422,0.00735466096724979,-0.0015518552704321834,0,0.12289104937425194,0,29.0
-0.02782942684492481,-0.007397134902125918,0.004818083214937301,-0.0016383175593907785,0.002522126342458213,0.007964790715888287,-0.002027707747594252,0,0.14350789435787706,0,59.0
0.032134850933451795,-0.022854155227120112,0.006576634478853656,-0.0015925100557198245,0.005802271997286806,-0.014110810498770757,-0.0005671986678608638,0,0.17248456409874952,0,158.49
-0.04889632422691548,-0.00029147384922028735,-0.0018379481828068142,-0.0014893043960599855,-0.04627311207253914,-0.001910358332910006,-0.0014440294847204596,0,0.06495293059345697,0,30.95
-0.05290108023113406,-0.005043673983714826,-0.004381992811418852,-0.0013862541374994996,-0.04340651262617706,0.0008697794119120689,-0.0012908578187241788,0,0.05955488894187258,0,34.0
-0.0377551154431503,-0.004833812063687535,-0.03378742865467955,-0.001514309855736794,0.004576104530875576,-0.000976872957398799,-0.0018124837796194412,0,0.0909915629152321,0,50.0
-0.04471480544649447,-0.0013871224042618132,-0.005156253713920083,-0.0021604717138850927,0.0031260321853811925,-0.00810124251036628,-0.002470836867871915,0,0.10623078066721138,0,49.0
0.10884513069990749,-0.011738402361355843,-0.0004724937114545407,-0.0016960070073431023,-0.0015525402517183816,-0.007019205812668766,-0.0005212161479349679,0,0.2529407465460593,0,311.95
-0.017138578716341408,-0.021143846768164023,0.002951337309764656,-0.001176127428475913,0.006174920170418374,-0.005183546669500483,-0.0010337449154969678,0,0.1305458941208333,0,77.0
-0.056727843960404145,-0.009488663645879436,0.0009610021665438127,-0.0014618613770724484,0.0016159386815606444,-0.021573995222691763,-0.0014541537230350475,0,0.07896590405765117,0,29.0
0.07896300476055985,-0.020684400987437946,-0.03721562839822348,-0.0018569335838252235,0.004551949197053603,-0.0036108701132276724,-0.0007707044709012865,0,0.18647189754262608,0,504.95
0.05254751154557711,-0.01351527455281183,-0.00557837958148548,-0.0027086548756717734,0.00029592759837561466,0.0005079498508741402,-0.0012906139645664225,0,0.1973539471589214,0,226.0
-0.06592709968189524,0.006638846824726481,0.006752104993370708,-0.0015360162024683206,0.005299016011328029,-0.002371488730347194,-0.0017752016137738615,0,0.11417564273957,0,57.95
-0.009299635388645405,-0.005258507293181883,-0.029229476065300714,-0.0015675110787674448,-0.039063319907188865,0.006313569979251092,-0.0014104069471047133,0,0.08758019443769123,0,139.95
0.03658477997572207,-0.006772729633243895,-0.007996012884732378,-0.0021350813193602093,0.007571320118546149,0.01565802059738054,-0.0012820507474755932,0,0.20872372724546573,0,159.95
-0.03274435647062296,0.01555257400164046,-0.002554824628011822,-0.0013816426916959564,0.004320683412812241,-0.0003402025908364835,-0.0014999343123447393,0,0.14844777785956992,0,77.0
-0.024930945875716086,-0.002771105613059203,0.008522943508887087,-0.0017817326261102895,0.0032374237984721535,0.013248050028928862,-0.0014333593258240068,0,0.16118675503420768,0,100.0
-0.04333729566632201,-0.013045387826318408,-0.0164695753140081,-0.00119579013945845,-0.03438062617452644,-0.003220268571079298,-0.0010861756533234216,0,0.05436036179359293,0,35.95
-0.05545215319062283,-0.003438775062962272,0.0024737243693063716,-0.0014666710562061343,-0.046749454166111495,-0.005644955252695724,-0.001423444733820015,0,0.055393752045517095,0,34.0
-0.04566986684365172,-0.0012557758607538065,0.0025650378998753488,-0.0012996438434843326,0.008960192703536343,0.008768579441843328,-0.0012929161786862464,0,0.13787108845730858,0,35.95
-0.04306765395240539,-0.008870122007742745,-0.010112268842764323,-0.001734446716783368,-0.02585182635067324,-0.00032463827740240593,-0.0017243211579219839,0,0.07541020383293566,0,39.0
-0.04511041669086118,-0.00603449873289025,-0.020849719901240404,-0.0014385421843778271,-0.028752822293205377,-0.008995884167681715,-0.0015872284124772325,0,0.05432636875589458,0,25.95
-0.03068850539559348,0.010903865240150919,0.018030520160679187,-0.0014787139751066853,0.008429632203125906,0.015523309965936583,-0.0016387581388394839,0,0.18617683119898182,0,67.95
-0.06360277289566586,-0.002820498482857226,-0.004894887851813291,0.08191397596908184,-0.03328011026209604,-0.04478342592716313,0.13194889806287008,0,0.23157665975098352,0,29.304
-0.014798327166701927,-0.003106580839527857,-0.042517050641597796,-0.0014764284057054,-0.005427973006359633,-0.0007774436035685125,-0.001299707801145087,0,0.09769196967402345,0,87.95
-0.05946766766739943,-0.006466769943414924,0.0003011654658925772,-0.0017888027610642333,0.002897439645072857,-0.02034003823311009,-0.002217878846799723,0,0.08001292879780655,0,30.0
0.0549279303029133,-0.006560968295736117,0.045064129679700166,-0.001487692612449666,0.008478090256672925,-0.018420962174671988,-0.0006866085328718874,0,0.24840939976218704,0,141.0
-0.05720175003199033,-0.00985097451877631,-0.020083518354768244,-0.001501275766456793,-0.0024412721985561854,-0.007127406760915241,-0.0018045338139970621,0,0.06708474969316881,0,34.0
-0.014508787317303295,-0.008468351120082464,0.0011219196510473903,-0.0014788805250977109,-4.622179358876882e-05,-0.005589904353384243,-0.0015044246052637843,0,0.13662083107495668,0,87.95
0.1229058825530156,0.00498257905079745,0.013450962746149897,-0.0016648378797690894,0.00258566023031986,-0.003510200969995327,-0.0010954599442451049,0,0.30475006692490125,0,280.0
-0.03311160581899113,-0.016465937457782295,-0.020970128415959046,-0.0013358425358650748,-0.00041173946315725576,-0.010762314930627456,-0.0014718471170935066,0,0.08256606539915344,0,59.0
-0.0531045106607449,0.008163017173388378,-0.0019528786439609062,-0.0016138215202738137,0.011915465977542648,0.009945859361253723,-0.0017136570122838828,0,0.13873495581355175,0,25.95
-0.026342618949192133,0.005169264362465818,0.03977127097066357,-0.0013835745877428301,0.01229561118535367,-0.007745867340172149,-0.0011847013398661268,0,0.18767486544013898,0,100.0
-0.05540360126687242,0.003109795159406708,-0.0022289040532201677,-0.0015539393102012345,-0.0062148275236472515,-0.024678200013232905,-0.0017822970533904721,0,0.07834350707747136,0,33.95
0.09177601351088818,-0.0006648450267030821,0.002886135080630552,-0.001447892895757487,0.006000272936170323,0.0007071283225040131,-0.000871736100042285,0,0.26548055696631956,0,311.95
-0.047764326560392034,-0.003795556765834153,-0.004860858863455164,-0.0022086849957596443,7.337791739631684e-05,-0.006992677860653636,-0.0024158633994805882,0,0.09913089061045083,0,55.0
-0.06202671649949119,-0.005294073901496668,-0.04185691742268898,-0.0018114606789251854,-0.005169224208259936,-0.004668921275016935,-0.0019173586467168568,0,0.044350808506033956,0,57.95
-0.03547294788488153,-0.018685272438866005,0.009359344141984763,-0.0013358798799560842,0.009199527822016898,0.005828594520380711,-0.0008813723581498109,0,0.13510747506115828,0,108.5
-0.021343031552826658,0.01837683287015211,-0.006262673214709452,-0.0015215594861371774,0.004590781875665303,-0.002749481643954421,-0.0018397395484083946,0,0.1563466104384101,0,117.0
-0.030117746340237696,0.0030672596460393532,0.05082216319809725,-0.0016507484673817742,0.01233569968534908,-0.011207278568487822,-0.0013420273737664533,0,0.18900280291824106,0,108.5
-0.033410577624914554,-0.0017597830130389011,-0.0027018288713766586,-0.0018037050424223279,-0.050934512443219865,-2.6613315190145835e-05,-0.001904642246921795,0,0.07455381858154472,0,49.0
0.04924073245272227,-0.010037196317288206,-0.005210030385437893,-0.0017252172141467026,0.0021197189425366607,-0.00647348148572241,-0.00139308068419717,0,0.19361692644709624,0,171.0
-0.04817085238634853,-0.01931666705375068,-0.00011001768045531197,-0.0013903624308291137,0.004025156613402241,-0.011044598645680505,-0.0013617307316227533,0,0.08972640882334464,0,47.95
-0.03645177046584768,0.0008022473226247158,-0.01618480681023631,-0.0011580237856865458,0.007860471856913813,0.003622526937824482,-0.0014406223849562421,0,0.12414550380926535,0,50.0
-0.011201976040036513,0.0036537424909054298,0.026282635806418726,-0.0015189101519797752,0.015511647347044969,-0.02271531295169889,-0.001633969794097993,0,0.1754733378451846,0,100.0
0.07701857541110348,-0.01062569100052548,0.014569345259801718,-0.0025582999368460226,-0.037999744896505906,-0.013520096213836647,-0.0010260277898146658,0,0.19295354197200512,0,201.0
-0.05154781679406695,0.005580991760525119,0.007613651374912438,-0.0016149685587783444,0.006459212687501444,-0.011144354691583926,-0.0020984366190040992,0,0.12034376029813508,0,40.0
-0.06422054761059108,-0.0028259985236472446,-0.00419694344666048,-0.0020174309405516476,-0.032252051587761676,-0.000620651209377644,-0.0018301801990670585,0,0.059131677620972295,0,57.95
-0.016361280281567237,-0.00812297526648302,-0.021605271414995332,-0.00130306353688208,0.0012687001375836949,-0.008372542308535897,-0.00109206707440917,0,0.11150698139334027,0,117.0
-0.022362658176078846,-0.005628149587925483,-0.026818624963884694,-0.0015888788503677722,-0.039093962690055765,0.00033859874838073137,-0.0014462377747744735,0,0.07049556784392227,0,115.0
0.07956302507608345,0.01071949684318493,0.006551011646839208,-0.0018748928740788505,0.0033478315251430552,-0.0062396029969457156,-0.0010787214098506887,0,0.2580836289490046,0,200.0
-0.041499362154727694,-0.013865745790800865,0.001012533875643736,-0.001447673759480901,0.005132561966813587,-0.015079718115585459,-0.0014982492828707825,0,0.09984982787762105,0,107.95
-0.013874061498230825,-0.0030506140807588225,-0.01497090906572982,-0.001446496593446475,-0.038991897487084023,-0.00023503553094971462,-0.001587841030824629,0,0.09293862585160481,0,97.95
-0.07709447255238132,-0.021122411371499658,-0.019144921965484625,-0.0019003537684780566,0.008154636043453475,-0.014729537662243771,-0.0016750949915862808,0,0.039583324870407915,0,30.95
-0.028002753722299205,-0.00836030806610623,-0.016913301142752305,-0.001724480932376962,-0.03953151252910959,-0.007790188799722507,-0.0020204319784623034,0,0.06275250396779963,0,59.0
0.0973723957823607,0.00440377283273424,-0.015661825009384206,-0.0017338294116369948,0.01068652049759661,-0.002986592708078687,-0.0011654551200418303,0,0.25801046800217875,0,411.95
-0.05469369734132815,-0.0022256899841644573,0.004194804821234093,-0.0014715941901145208,0.0038850149019930696,-0.02284023199520803,-0.0016360974666722442,0,0.09230798988436904,0,30.95
-0.01900099371204688,-0.0015781098896614362,-0.00448633882128446,-0.0018962776527895653,-0.031664586222737774,-0.00576302790502515,-0.001920004426439477,0,0.10078614250864425,0,100.0
-0.020699328500907666,-0.012204391082832802,0.005126508897260721,-0.0018648887648166869,0.010923663346881418,0.0007757385969062846,-0.0017242080810842637,0,0.14742857555003622,0,107.0
-0.03640782902000474,0.0016208498453373682,-0.0271251208874509,-0.0015655339418242926,0.005912080858169183,0.0035774769147855876,-0.002058643535258869,0,0.11104876137238218,0,49.0
0.07824829385204202,-0.013478162562053878,-0.007890435629193593,-0.0014388522319788617,0.007108053837286099,0.0012751757790518275,-0.0009543270498771003,0,0.22996522713390558,0,141.0
0.11342425584044641,-0.004530860860233618,-0.0037468627204863534,-0.0025442384463716214,-0.00207541750113156,0.005435907243789886,-0.0011898095037264885,0,0.2718684551909148,0,497.47
-0.03327439173169875,0.005050694168164871,-0.0005726492210656844,-0.0018775757618254443,0.0012158670724549123,-0.010419911374995896,-0.0018806055139143287,0,0.1253369087757491,0,59.0
0.09414353029491938,-0.020586468719554867,-0.03394677133137508,-0.001801707541701851,0.01059393181615208,-0.006262594167218472,-0.0006567297508502909,0,0.20857867173899877,0,392.95
-0.015390311637343982,-0.0004086464730563141,0.0021315634733819326,-0.0018255511427017128,0.005568617416091695,-0.009394269046221754,-0.0021819262210161375,0,0.1455949575077632,0,100.0
-0.03824027039223759,0.00470750371711383,0.004513107678518933,-0.0018104288938074857,0.00703752973415044,-0.020976605871823033,-0.0020195395846623622,0,0.12030677752588194,0,67.95
0.08645645196812503,0.0007837499929202231,-0.025322508082198793,-0.0016748451235618245,0.00503795830838436,-0.0012069412127221583,-0.0010500694880333184,0,0.23011927750154246,0,250.0
-0.06532815583513152,-0.04746472922006374,-0.009145280491940713,0.06274320234306759,-0.010924217853830255,-0.008670100028433625,0.11248994890052584,0,0.20079614895282094,0,42.596
-0.06431842388950014,-0.004170074212789286,-0.0022103241913849565,-0.001691618614613622,-0.005216835197311906,-0.02300287511405519,-0.0018410290957691653,0,0.06464430082320485,0,35.0
-0.035777913120215915,-0.0059260054914317215,-0.004785707296233218,-0.0018609680998607542,0.0030317707090816636,-0.00902584772071273,-0.0020482736623933765,0,0.11070253645686336,0,59.0
0.09544219248906849,0.012890448878382019,0.00636898310209105,-0.0016889711066083713,0.00770248431338213,-0.001508226498975179,-0.001347269274260321,0,0.28495512304170834,0,261.95
-0.06699627587091267,-0.007925908956127046,-0.015776307604494937,-0.0015621121972865183,0.009586221370341645,0.0034919068743301668,-0.0017182432921934295,0,0.0861947614622863,0,35.95
-0.04649335147649735,0.0029988911797392405,0.0028336609025593983,-0.0015998673197892947,0.01118576057292195,0.009621121312042626,-0.0017171708398258177,0,0.14392452546978068,0,29.0
0.052065761305401394,0.0035729294781902316,0.004677961721290136,-0.0016960763470457757,0.005060837908896238,-0.0024586515768297325,-0.0009255787145045415,1,0.2273926649140275,0,225.0
-0.04502769569227744,-0.006440990451105388,-0.015553979097621512,-0.0013843968241871285,-0.035955981178889894,-0.008216526700412348,-0.0013551535869957296,0,0.05316075760713968,0,25.95
0.056248693096136955,0.009986992967917685,-0.0010078650625894438,-0.0015544653231175862,-0.03579633539562402,-0.007365094649300256,-0.0009037729757028968,0,0.1867036337963498,0,226.0
0.052548690793565354,0.003885839050174571,-0.0348438829402344,-0.0019137656580518823,-0.04021373728187008,-0.009682515901333387,-0.0015397120213919927,0,0.13533639717948776,0,171.0
-0.06413799123208008,-0.004141785559729053,0.008430627173477381,-0.0016504595878806846,0.005890392207035057,0.009271847309000015,-0.0018600650972881163,0,0.1188980463511638,0,57.95
-0.01382615281507241,0.0012997234993002576,0.004726897320436968,-0.001391698514559472,0.026308676195517328,0.0004651045714868573,-0.001339891372395301,0,0.18333814002334362,0,92.0
0.03773289458047186,-0.004238519744062153,-0.009307615743239047,-0.0017257578276194342,-0.038683005041001084,-0.005729768673199441,-0.0012561460870937277,0,0.1438875626028854,0,160.95
-0.03280226866049867,-0.0071694669578123696,-0.00995030222464738,-0.0015981398279972373,-0.020439982326083374,-0.0037902202790978117,-0.0016445173696424827,0,0.08970058349285001,0,107.95
-0.015283494128382168,-0.023146219250348824,-0.006113536265033426,-0.001179663214071445,-0.012938507356288041,-0.0028269105112875637,-0.0008760487211566514,0,0.10473110169206126,0,100.0
-0.04577217062401973,-0.00027720388024523755,-0.021540625544256935,-0.0013629566894692918,0.00864253978337685,0.00510172743774704,-0.0015828484174363101,0,0.11030394320432584,0,35.95
0.026576196870290298,-0.022218019319821206,-0.030583122129439835,-0.0019976084291200282,0.0033566665418921886,-0.000740439272294384,-0.0009630851366126194,0,0.14052607026352354,0,213.0
-0.05868803151305718,0.0009427413786977898,0.010244263646523866,-0.0022089911954007177,0.008313451066713388,-0.013923544855537883,-0.002466176458321645,0,0.10930919320824732,0,56.95
-0.01582162678253338,-0.0009528202209380471,-0.026868312373133512,-0.0015866420915972308,-0.0012608826535845982,-0.008759520040687686,-0.0016062150961760207,0,0.11023946187997868,0,100.0
0.05610145688794864,-0.013384356213858483,-0.018251285217177823,-0.0018993361694234993,0.007097961689991199,-0.00959715599313898,-0.0011052745789360914,0,0.18605749154403406,0,226.0
0.07384573556737582,-0.0011278363488586205,0.008918514608472585,-0.002430355387336523,0.004403548638680469,-0.021377030939193277,-0.0012177159809578927,0,0.22811034129681204,0,171.0
-0.040745445157282775,-0.006573249701262912,-0.017291482211783855,-0.0014538250232976758,-0.008550049178942276,-0.016285648858465136,-0.001425256766510821,0,0.074770524241084,0,107.95
0.11682135517851698,-0.008174117858605303,0.007758463337003572,-0.002407870140691217,-0.048688264520459455,-0.0038292160563728425,-0.0008741938729873419,0,0.22770163720503311,0,275.97
-0.03956278657818839,0.01010050037044012,0.006901075710960853,-0.0013303049412296145,0.008585714688351394,-0.002389193233715096,-0.0012297985390237521,0,0.14817068861622493,0,107.95
0.06699799128521176,0.03319521150332603,0.0419794684592699,-0.001513485466893008,0.15047056978502601,0.04420039683989409,-0.0005429157187563331,1,0.5018827178257075,1,171.0
-0.038463900280741155,-0.007609650589081406,-0.017393696999660726,-0.0012806023011962904,-0.0028822573989056646,-0.010143701181270027,-0.0014630704296081207,0,0.08785860195816593,0,39.0
0.02645359857554799,-0.012206743342542722,-0.005719354711495362,-0.0016646721909921239,0.0013370796514134262,-0.006981373558553657,-0.000962141123043507,0,0.16735187443896316,0,2599.02
-0.013611462832138151,-0.00018620929996692582,-0.003836351432874236,-0.0016329485772042258,0.007013517014451577,0.0029468344419457822,-0.0014141039319050081,0,0.15637475652093832,0,88.95
0.11406770247837604,-0.004332833895613349,0.017415694600177563,-0.0023728323742036785,0.010782650134110165,-0.014311650834303547,-0.001270213713832043,0,0.2870739975333397,0,150.0
-0.01797944899536691,-0.011843074111870472,-0.0035558925086832177,-0.0014881602106006228,0.004534752328922775,-0.012663279263943839,-0.0010984539587304697,0,0.1230019244183565,0,117.0
-0.011776252098516057,-8.333623266156046e-05,-0.015720527204608,-0.0015502383803766542,0.00993798757229428,0.003158816649311569,-0.0014996862730409025,0,0.14956224517103214,0,117.0
-0.04392755075562245,-0.005936705447966684,-0.020956743584010857,-0.0013690806807864974,-0.02921597283209382,-0.010633052889699535,-0.0014056186148628806,0,0.053650756333586125,0,29.0
-0.05420289856462796,0.0010245325517439913,-0.019713458057257195,0.05449158004873482,-0.027411945639440046,-0.056182093179452317,0.11385954123043258,0,0.17896073952876232,0,24.1
0.050623777976802155,-0.01051991658613579,-0.005981596494965619,-0.0015167191939246241,0.006441439969232849,-0.007281420226846892,-0.0007104345343144498,0,0.19815061204847706,0,1264.95
-0.03086065224144322,-0.006162518114699254,-0.004560329210622045,-0.002077885394820761,0.003415917564172806,-0.005171645427815151,-0.0019648048571362315,0,0.11971356345626534,0,68.5
-0.036890813873966616,-0.01585460724140864,0.00013849928632363778,-0.0013279861331516696,0.002539245595222848,-0.0032182488263911993,-0.0012969488110176853,0,0.11118462113423959,0,50.0
0.009368307649290768,0.052005270276382576,0.05166856513362982,-0.0009311881876017864,0.06459623290353726,0.04277161375227383,-0.0009319136796519782,0,0.38564236898648957,1,75.0
-0.03172756037444514,-0.0008229064501700123,-0.00267511676548034,-0.0017828004109376756,0.010499981849722832,0.012400585161635492,-0.0016548961957048793,0,0.15133276795324976,0,59.0
-0.013273923799292079,-0.001759242586620554,-0.01938712263441046,-0.0014025901266757226,-0.0030986485557830358,-0.005508799673305349,-0.0013672785650439881,0,0.1212978751974982,0,125.0
-0.05011679890467346,-0.007466237145341741,0.0037811094447663222,-0.0017359831601687025,-0.005548722373649665,-0.010605596893589165,-0.0017847511294087502,0,0.0936185009765645,0,50.0
-0.040214040223190445,0.008712578690755191,-0.017557465783152655,-0.001277940222865725,-0.00015830804001485557,-0.003595928244596526,-0.0010955591825095702,1,0.1119088181330544,0,108.95
-0.001516363464767657,-0.004386606949969662,0.013582748599843519,-0.0014608282023250243,-0.017504748444204056,-0.004969012165503087,-0.0012481738444107865,0,0.14959249666729263,0,92.0
-0.04316597230474112,-0.0022985484223833055,-0.014005105219665328,-0.001455949123586998,-0.0424830638099272,0.0019190180701962201,-0.00143254360508734,0,0.06417331672343508,0,25.95
-0.059336413109509975,0.010860276461765178,-0.007772081108951133,-0.0015402164555155186,0.0025584759153881235,-0.0002682568999547707,-0.001843666233499598,0,0.10975359970835197,0,59.0
-0.02801143484964146,-0.008868101750624217,-0.011927952517072843,-0.0016868231466078524,-0.013796303134719214,-0.004341220183174028,-0.0018337157600346497,0,0.09662992979675501,0,49.0
0.04279076382344472,-0.0005464360790867699,-2.5946206751475394e-06,-0.0018403335863002006,0.00182786266065672,-0.0029455292926853336,-0.0013179992162340574,0,0.2050612148277495,0,209.95
-0.04713085191421299,-0.0010929806078068588,-0.0019082701592670322,-0.0015200248174017832,-0.048211275000817476,-0.002335618127425345,-0.0012476018888795183,0,0.0636488586228185,0,19.95
-0.029332571456282604,-0.0030481142621381066,-0.01791708726013559,-0.0013460873864362705,0.0014865124485110152,0.011547719088473395,-0.0014795157136557387,1,0.12700633659696497,0,50.0
-0.06342441478201008,-0.0076848107126784165,-0.01920518183280845,-0.0017138518401723453,0.003943890700640068,-0.00803514510588366,-0.0021178893952521023,0,0.06885807817046413,0,57.95
-0.06450069248147978,-0.00538050117265513,0.007640489857303644,-0.0016000475616339419,0.005579581326727664,0.007106812455901227,-0.0018269303378365338,0,0.11411419322495651,0,57.95
-0.021397994099875296,-0.018219170876692507,-0.027230866523156774,-0.001441813807690026,0.003278731778860349,-0.00282342579073565,-0.001130287928396718,0,0.09813065389094247,0,117.0
-0.008929691560868999,6.0011809396536284e-05,0.0021965026417138356,-0.0014109033414037972,0.0013380696001108418,-0.004073264559722534,-0.0013747486465754744,0,0.1549014570812799,0,100.0
-0.016125217022804623,0.0010928844249065094,0.0014560343768446444,-0.0015903684209065804,0.008750970439653352,-0.0054470633396413734,-0.00154730083465407,0,0.15368542076202713,0,117.0
-0.042139347180878035,0.0012329342196273725,-0.003102716277266803,-0.0015302297509910449,-0.04666524187516087,0.002061965146958186,-0.0015340878113513277,0,0.07541875760956636,0,20.0
-0.013077311346978331,0.008203787248332829,0.00617134516993928,-0.001369117140320675,0.01007276711225026,-0.007022526411386909,-0.0014870934485227262,0,0.16858733232194323,0,87.95
-0.050241357692360586,-0.0162356923836224,0.003987108794906765,-0.0012099716629603197,0.005180548439200039,-0.004267920812263066,-0.0010742803613128394,0,0.10323391546021686,0,34.0
-0.056294253424779096,-0.0021986882361383804,-0.0013306478356900299,-0.0018383251993251222,-0.026209775610191378,5.7204070587370486e-05,-0.0016958795712319116,0,0.07758511533186044,0,58.43
-0.047985841898397996,-0.01012809416196204,-0.03633610284319395,-0.0016583377440931332,-0.0016792201546921635,-0.0015428266850814347,-0.0017830156833237353,0,0.06598204196788472,0,50.0
-0.04972599418282426,-0.0023618389731630478,-0.0015872325735604347,-0.0013525810435803711,0.005752351136146945,-0.00865849418093687,-0.001521020277611192,0,0.10764067104310004,0,36.95
0.09969375800771199,-0.002028783728128707,-0.027368877434745364,-0.0017848965464818732,0.010452720593881047,-0.0012563508895901234,-0.000979656050746697,0,0.24382339509052856,0,417.47
-0.034316597037328894,-0.019005558345307462,-0.009245473871519045,-0.0014951810478269578,-0.025562838550894636,-0.010973882380873675,-0.0013111339544191608,0,0.06518481595045925,0,54.0
-0.05931391744671707,-0.008959281612578788,0.004461603707564175,-0.0016202955157870332,0.00446499729173394,-0.0024494326321881734,-0.0018844440439451018,0,0.1017947108867113,0,58.95
0.0759826022296373,-0.022881045792654636,0.011863619935877784,-0.0022943177057215226,-0.03365879611610063,-0.00887102475283567,-0.0010103702288040194,0,0.1862261487080269,0,171.0
-0.06148285215637986,-0.012938993210808221,-0.0058978395581681,-0.001750359751379352,0.0029451358272327708,-0.014679311198627067,-0.0014324939800908546,0,0.07185876711040932,0,29.0
-0.03207272976369846,-0.016749221192854796,-0.021580900339796646,-0.0011405094937397566,0.0025524058633676723,0.0013338663428238253,-0.0010945413199751587,0,0.09834385123475607,0,54.5
-0.03529682591681625,-0.0010011183002585878,-0.005553161547919872,-0.0020252328641667708,0.004403827881822153,-0.007762853477988499,-0.0022155901235333965,0,0.11764452678976807,0,59.0
-0.0350275859035822,-0.014032492284749586,-0.017294552912560886,-0.0012074247900694267,0.0020913933387591236,-0.0009869633694574987,-0.001373580860283017,0,0.0992642743566857,0,50.0
-0.05993514965839198,-0.0017424669189544213,-0.017408705007626205,-0.0015117946115870977,-0.01120250715113826,0.00747261144436427,-0.0017253773553572715,0,0.08104209187993813,0,57.95
0.06864750600069451,-0.060408822709368766,-0.01892186929323638,-0.002105945577664801,0.0014770071345911085,-0.012495555276429359,-0.0010008077743375002,0,0.14228699364287742,0,250.0
-0.020577554227504333,-0.0007370177865781696,-0.0016294672318776927,-0.001371109856341284,-0.04394496840264487,-0.008750222257475489,-0.0013226521132758766,0,0.08876248926293115,0,87.95
-0.015311018983355984,0.0013320345145313602,-0.0005117278899002004,-0.0017507614810113026,-0.002121635883499094,-0.01925427599972607,-0.0019290574319932544,0,0.12754903798367487,0,82.95
-0.036137538496432475,0.0006588608695650314,0.0007586772458909555,-0.0017393254801724375,0.009806165910287956,-0.004749707478523141,-0.0017530320041365857,0,0.1339395817051086,0,107.95
-0.015451148688308701,-0.00340389163041877,-0.007336246204373246,-0.0017221752658853875,-0.03341244057350261,-0.004314142728326878,-0.001854899019800065,0,0.09960053702801366,0,82.95
0.0974770720884536,-0.01595788705083315,-0.05630595788398865,-0.0014537708563613805,0.00039427888668654,-0.008224078273840271,-0.0006269443120910899,0,0.18239819373665425,0,419.48
-0.018057935241148865,0.003590268953125735,0.004687249067918119,-0.001635988277617536,0.011759114273483409,0.004896784723210129,-0.001574894398204284,0,0.1707600802393958,0,117.0
-0.010532176688776653,-0.0016158207688649956,-0.028994699151120313,-0.0015801420073245792,0.0033511700659078466,-0.0005653285509277932,-0.001549442911915319,0,0.12560904112560722,0,92.0
0.150586142396977,-0.03620982906949812,0.02502732791415146,-0.0024612553742594423,0.04994092191567351,-0.0009151590783188789,-0.0008904695726324777,0,0.352173160270721,1,300.0
-0.0518729813208561,0.0031452466671371923,0.01003167746227586,-0.0019681734381648257,0.007979082974012466,-0.008951433442720175,-0.0020967109800060445,0,0.12336218906030823,0,54.0
0.04519394939992624,0.013482761446150524,-0.017062195897581973,-0.0016158920106484579,-0.032756712280370484,-0.010725454564451443,-0.0012056424940759336,0,0.16240629473757756,0,159.95
-0.05179738084635685,-0.01642848573899385,0.0039296063741596585,-0.0012203867356037322,0.005156977950658724,-0.004352374814254497,-0.0010990702169058277,0,0.10128436711133292,0,36.95
-0.03416808514352641,-0.02023203140582122,0.010266337200963944,-0.0012223696402986423,0.004993252227222396,0.005434850581791962,-0.0012211112256765924,0,0.1309463237332842,0,52.95
-0.03708857760586399,0.010278983605951435,0.007598080327791863,-0.0016886584107834932,0.009710096652609553,-0.004590075025065091,-0.0019453957590259865,0,0.14936993492424377,0,107.95
-0.01060263210427825,-0.007384315300986758,0.0035610790912873305,-0.0013249064898303335,0.09702014153313014,-0.00357038220799622,-0.0014823630033988838,0,0.24331210265655534,0,59.0
-0.014149952911830731,-0.006468264624489152,-0.008735245854088752,-0.0016446385122556354,-0.02732067697741828,-0.001582868015149599,-0.0015722589255155004,0,0.10562157531788166,0,117.0
-0.04538928064624166,0.0019282147312439531,-0.022324577551621025,-0.001424443577454694,0.008952628207237535,0.0036802912225367165,-0.00170449131616091,0,0.11081382220816939,0,39.0
-0.05790430354001947,-0.00012346925219878867,0.013696162475489547,-0.0016678122554103871,-0.003647594955502152,-0.010636098272482682,-0.0015505617860748328,0,0.10526180355243063,0,107.95
-0.051488680896102194,-0.010208367482397254,-0.00576412372848336,-0.001614285566586705,-0.0017160332638839005,-0.026071350842281044,-0.0018604276739336305,0,0.0683722116849615,0,50.0
-0.03723101125477022,-0.003351342415017822,-0.037806981583519784,-0.0013571426180508655,0.0016335068842701513,-0.009749474040709367,-0.0012622316054334544,0,0.07797080450539735,0,107.95
0.12944509356824097,-0.0007293916619767459,0.04911405593527016,-0.0016760052966353991,0.010884346912221036,-0.0017727361404823304,-0.0007946077446700467,0,0.3515662367105968,1,150.0
-0.016470290417105626,-0.016022037229014928,0.007356944836529154,-0.0012014657787635843,0.006908308802147684,-0.0010593977295376502,-0.000842889391173998,0,0.14576465423171014,0,117.0
-0.08031481557270054,-0.013554620889387315,-0.0030712283787893,-0.0014141935756423502,0.06959279307713082,-0.008263469355995784,-0.0015535299739809364,0,0.1285164164692624,0,57.95
-0.01959384747870601,-0.027850002889790757,-0.0007288526156767041,-0.001238589397917836,0.005911109078506317,0.006680762510409522,-0.0009591662658017911,0,0.1293168940796517,0,100.0
0.06865429866956836,-0.010621312188618556,-0.03843878546145387,-0.0015402027185390092,-0.0014275888454809654,-0.013186987805083253,-0.0007918314905334264,0,0.16974307129848792,0,335.0
-0.046975633530738456,-0.007968924807914666,-0.028260752061924972,-0.0016964992297271708,-0.03579835562100445,0.0011525065823061215,-0.0014592248181863653,0,0.046088597651438794,0,39.0
0.05039732731267429,0.006372912549228185,0.010261367535282197,-0.0019227499741764178,0.006359236452402518,0.005980913768637744,-0.0011653537485491812,0,0.2433791350341289,0,226.0
-0.03641307700727798,-0.005928542795064199,-0.0026440733472619916,-0.0013222390032802346,0.0030876394159697045,-0.018482242861740054,-0.0013262136544181095,0,0.10406673188555617,0,67.95
-0.04928527992443467,-0.0085982613918208,0.0035534333564604995,-0.0011595519443123473,0.004640867897466475,-0.015624067793179342,-0.0012501061322862752,0,0.09937251520652278,0,39.0
0.010209321858935047,-0.02965945556843409,-0.035764762230751646,-0.0012517481893474045,0.0028557044809589174,-0.0011206565555000178,-0.0005957909489321885,0,0.11176809398555769,0,1.0
-0.034609185982735075,-0.00874364986499542,0.004320784434355086,-0.001297928247342826,0.0705569973336688,-0.01830109239266371,-0.0015344816691894912,0,0.17748692474972588,0,50.0
-0.02737121673346164,-0.01567440927210009,-0.002045186918216576,-0.001400087258478156,-0.04518009297537529,-0.004496308563599222,-0.0012082631537039716,0,0.06971991626369371,0,114.95
-0.03937485296045019,-0.003828349464705258,-0.018616546392683498,-0.0020634688405264663,0.0007380624865999762,-0.017756744860913633,-0.0029583990963310417,0,0.08323518200961891,0,59.0
0.1246397427611084,-0.009354390051367427,-0.0004062470619330297,-0.002620867909692186,0.006429615430907022,-0.008284582586795172,-0.0007163302006692057,0,0.2767824215201862,0,280.0
0.05837161410133256,-0.0008308963493009026,0.019006888521672996,-0.002281303175393592,-0.050707419979531716,0.0009515453076641571,-0.0013764839702217714,0,0.19022942559485098,0,159.0
-0.043406140720964145,-0.019132983395251234,-0.007436739687127024,-0.001127106039937664,-0.03819523235206554,0.0025858442774397633,-0.0010561609397261146,0,0.05932696228099669,0,15.95
-0.05385574022022189,-0.01844680783154957,-0.01016910832490496,-0.0016608999489147508,-0.020282699607260833,-0.004725578655364898,-0.0014804620756800424,0,0.05647418447473236,0,30.95
0.08775137834457786,0.00414688386166913,0.03192903017671265,-0.0021866129386507427,0.006484029477785256,0.03263132229593679,-0.0008895596569531329,1,0.3269619526997072,0,335.0
0.07282199161531976,0.017811826702838235,-0.006705346290709619,-0.001672619304685621,-0.010116435928379339,-0.0017840917679917173,-0.0012995974875727495,0,0.23615120867744788,0,175.0
-0.013472707392612781,0.0005524365305628454,0.004750411789233158,-0.0016996062337395483,0.009414501923197505,-0.004095343484586457,-0.0021828000166839836,0,0.16036237425400018,0,86.0
-0.060428646176036466,-0.020133173055203908,-0.006256459632756698,-0.0015081368110467363,0.007903124421354595,0.0014418343378653933,-0.0012026329909149555,0,0.08691139123189075,0,24.5
-0.04226296153248927,-0.02247768134827052,-0.0018176915591585083,-0.0013441973311205363,0.005452181569584228,-0.0030601094659456715,-0.0014029822635111206,0,0.10018203920771762,0,53.97
-0.047056205962823755,-0.009199841952755633,-0.002770085665610149,-0.0012284857785751432,0.00596143912607464,-0.00035616408262851716,-0.0013723004946346764,0,0.1110738363276762,0,24.5
-0.06980702970480712,0.004082581174193349,-0.010307622654569961,-0.0017254059850404105,0.005446209238376526,0.0003484549565765283,-0.002220009242827121,0,0.09291265892053076,0,57.95
-0.018258398582836864,-0.008326320384163557,-0.007996213963903945,-0.0015334197176469762,0.005636931972865413,-0.005383216169670004,-0.0012837815335956283,0,0.12995106275967802,0,87.0
0.04440769936790832,-0.013712819053727654,-0.032124086694743245,-0.0017465989414461986,-0.050799976510599906,-0.004311173588641016,-0.0009735307732699974,0,0.10783499494411014,0,171.0
-0.028713949276654896,0.0025216328328025654,0.0008217961827247885,-0.0018502690858527185,-0.004078687774107064,-0.007875963036378643,-0.0019260027527653225,0,0.12599403822839758,0,103.95
-0.00341182098895123,0.013562772857774302,0.05826866243205369,-0.001537176336063232,0.013427832678539151,-0.00590818254198475,-0.0014738822980853356,0,0.24002368694191198,0,97.95
-0.014772531906700666,-0.0028409849106244872,-0.0017976693185971122,-0.0015596305007743478,-0.01742327229158538,-0.004217735714430814,-0.001635132560663043,0,0.12284852393525357,0,100.0
0.029973260077206274,-0.005368902172482668,0.023317533490345217,-0.002565120682438278,0.006742553770749914,-0.027420860276053186,-0.0009490620796004591,0,0.1908248832663557,0,209.95
-0.05735918879484418,0.003122481500319707,0.009442179655131295,-0.0016791417197867906,0.0028562583992004856,-0.02272200681628631,-0.0021034552040740413,0,0.09865260815828958,0,29.0
-0.05677875228944218,0.025691967758185292,0.009688893773348447,-0.0011859614926806655,0.001850094802124949,-0.03615371106789486,-0.0011678424261908074,0,0.10904017019607949,0,25.95
0.11234031919406637,0.0017224449796732037,-0.010214553089482742,-0.0024456775529194423,0.004157229178742536,-0.012255107623742042,-0.0012050174796523392,1,0.25919511874531415,0,500.0
-0.05060649579618627,0.0032039755580667096,0.006091281065200926,-0.0017610677149789082,0.008068725639483527,-0.009766523108427558,-0.002026180520183539,0,0.12029919626160453,0,55.95
-0.04255915759790291,-0.0009375540704679161,-0.0013243714375064562,-0.0017344830175032814,-0.005490453836465908,-0.0187438885631711,-0.0021263201922821543,0,0.09417925242332932,0,49.0
-0.07288212932037791,-0.011170266178328156,-0.004123368988268145,-0.0022286440883736228,0.004123330993204487,0.005251541939410194,-0.0022632183994521883,0,0.08380272709644361,0,57.95
-0.03249483027269693,-0.02659547725581314,0.002636979269321203,-0.001348886559488354,0.08399083983989056,-0.013040112812257483,-0.001729153743431692,0,0.17851483960415293,0,50.0
-0.023427578262966844,-0.001960475427255844,-0.0171492482641516,-0.0014687527242355114,-0.005838691751691382,0.00024924857229146214,-0.0015847583963182973,0,0.1159152248843009,0,120.0
-0.022880094571183326,-0.00011797072604985684,0.04726665561108815,-0.0015187827849533514,0.013449258579938946,3.7923139862357965e-05,-0.00108772047050923,0,0.202244749916823,0,117.0
-0.022542809171952057,-0.03181701049393542,0.0054232257965942604,-0.0011309424219092797,0.0037543766456748823,0.005624212046731655,-0.0009433873801726259,0,0.1254631461596605,0,75.0
-0.02993079577066818,-3.532211225173215e-05,-0.022473074458947053,-0.0014018100249619577,0.0019485197466053107,-0.002479812616977143,-0.0014734814068578844,0,0.1112497044945704,0,68.95
-0.0388258610894804,-0.0008499148029780711,-0.006335979417794189,-0.002165431846745746,-0.04101366375881692,0.00011637223277171982,-0.002090170302555228,0,0.07593083215303052,0,50.0
-0.021901860271291023,-0.002159538179536884,-0.0017713959916185501,-0.0015547708154510158,-0.054473682806661504,0.0013616736552619054,-0.0013130349090409595,0,0.08528287182029162,0,117.0
-0.04389590967974657,-0.004793730727002033,-0.022139219843075365,-0.001461912639635433,-0.03729171104633616,-0.002478964502021137,-0.0013640483607379526,0,0.053669984340073605,0,34.0
0.04089805438150446,-0.012881370086540878,-0.014666366526554904,-0.001920423012491532,0.007102486796000043,-0.00890249634915679,-0.0011433248291584967,0,0.1755820415122312,0,209.95
-0.041826951759110526,-0.01795163056537701,-0.017460361116232267,-0.0011998436825504564,-0.008276606433323336,-0.010924672584874047,-0.0010220856808953497,0,0.06843332931626633,0,107.95
-0.04422534506000072,-0.0020787277261799797,-0.004437010061450104,-0.001535229132073787,-0.04240033504756281,-0.005450893579889257,-0.001536363529815521,0,0.06543157700165642,0,44.0
0.039806379075147,-0.002644046376219137,-0.03190587019148502,-0.0017003985520575937,-0.0046065211748041795,-0.007169667074445308,-0.0009776799041079417,0,0.15789767694065712,0,236.64
-0.03161139123788712,-0.005866862977440704,-0.0029657035825563227,-0.0014278613252997508,0.0031183270922576782,-0.019099526525315914,-0.0015205463802418439,0,0.1077219162021446,0,59.0
-0.05527016557937908,-0.0037640441144587843,0.0015125310609911625,-0.0010159328133210583,0.09479051778881585,-0.16165694418889576,-0.0008535681925537395,0,0.04083787509982666,0,39.0
0.13760495852503565,-0.0036584907816965434,-0.008511534746352179,0.04372330034275092,-0.03538410762230203,-0.0019824981772718444,0.0007563722455326,1,0.29964348092432624,0,300.0
0.05007696962416064,-0.0016071399110410356,-0.01218517708762067,-0.0020141689422235472,0.0029745423462388854,0.0012482347425042972,-0.0009978162550701491,0,0.20459092565557813,0,201.95
-0.016107118834332412,0.004515549342873932,0.00541735994140465,-0.0016547667708992574,-0.0004198264076016037,-0.020414237585351047,-0.0020963465795840034,0,0.13633609424513926,0,98.5
-0.04150311398481129,0.006485973015103729,0.008117176275064104,-0.0013329524197824836,0.0047843957093681765,-0.0039456286590388474,-0.0017744295961376693,0,0.13792690147839493,0,50.0
0.051994638390443285,0.0015524648059572351,0.001965313977939372,-0.0017533433582170611,0.006322656554623121,8.348718337934456e-06,-0.0012413491536624876,0,0.22594421107405094,0,226.0
-0.0504067139587558,0.006397113434781763,0.027887231544914886,-0.0017611560652444696,0.014893035034125039,0.0207416760095028,-0.00166222804304621,0,0.18318443909490806,0,40.0
-0.05576950831506775,0.0038266640872732624,0.006274818991625106,-0.0015143539463409142,0.007139816675717781,-0.01010778546501707,-0.0018004689991385774,0,0.11514466416768152,0,47.95
-0.05344194304151948,0.005073867577854042,0.01578115059693648,-0.0016397295984040086,0.012389456851117864,0.009284072767362225,-0.0017610426153290351,0,0.1527813136766483,0,21.95
-0.027649264066753262,-0.004014974136815527,-0.0024589316822851586,-0.001685682498975947,-0.03788301884723018,2.107852503306265e-05,-0.0017636306177399822,0,0.09166105781386172,0,59.0
0.05036642940736191,-0.0021500916242896233,-0.012628572170012469,-0.001982763686265089,0.002302822221805476,0.004498170858894694,-0.0009948209262194232,0,0.20650665521990533,0,201.95
0.06227786717403073,0.005095421881039923,-0.008194887608761619,-0.0017110090521022267,-0.0044082390720429285,-0.01447969003311992,-0.0011972585270047513,0,0.20447768590066867,0,171.0
-0.02231876741988049,-0.022144996811801848,-0.027333760641612588,-0.0011047749142594598,-0.007388212477642766,-0.007857731931756208,-0.0010342821352801177,0,0.07791295480639522,0,83.95
-0.05484456073431797,-0.047386026556935565,-0.02223473090019557,-0.001897974694953748,0.02512605945734835,-0.025318805188408948,-0.0013690646845815058,0,0.039170377836584044,0,125.0
-0.02902401564634569,-0.019203262688687474,-0.0005833111220749715,-0.001693392382123642,0.009590594077156454,0.00531537309974453,-0.001317777399896837,0,0.13017968907640148,0,107.95
0.08886964429805852,-0.007874087010196169,-0.02763993393937058,-0.0019771351684078945,0.0030079613403694977,-0.00301928954077789,-0.0010853554878499456,0,0.2173772856304546,0,318.0
-0.04653311437136922,0.011459793195748587,0.014202548203826212,-0.0012771692258754593,0.009917252912377196,0.01306895345202,-0.0014606917913468343,0,0.16647305351401007,0,29.0
-0.040237412035292165,-0.017064179383978317,-0.008742914280515969,-0.0010121144937303597,0.0024092076128269793,-0.00016963525303003384,-0.0009009351373759699,0,0.10137749816753354,0,35.95
-0.06247559621018936,-0.003964805744859771,-0.033764716214484715,-0.0017478959889315727,-0.0040165099844836575,-5.614645898933815e-05,-0.0020082231784500134,0,0.059061587358240845,0,57.95
-0.019539755603507326,-0.0052437654868026625,0.0030892222202610897,-0.001512754872690136,0.007431008989647033,0.0015568663521424357,-0.0012522902567476883,0,0.15162401248093194,0,117.0
0.10069347136570639,0.0026303546779592934,-0.003017675873545217,-0.001677615877213899,0.012170590642505995,-0.007279649975016263,-0.0013119135825061723,0,0.2693030425165186,0,150.0
-0.04465921381885767,0.016660751056715658,0.006417893211607708,-0.0017099698306473202,0.0602041120959052,-0.0341746538687329,-0.0012726799521975958,0,0.16856172003242265,0,100.0
-0.019024868454135535,-0.004605090981559954,-0.0020766816967358864,-0.0023414171572498504,0.00419278369531976,0.003592628426166498,-0.001986788756048057,0,0.14484604621438635,0,100.0
-0.039934880960394645,-9.323670400192662e-05,-0.026196802016265616,-0.001376248012726456,0.0016291885461474206,0.0024683983936079792,-0.001564411285583375,0,0.10202748909941253,0,35.95
-0.043960618799918735,-0.011168093094625723,0.0009375056323619672,-0.0016267989636518025,0.0036280304402511168,0.005201657295787843,-0.0020510187467305215,0,0.11805614490210363,0,50.0
-0.019884689642112933,-0.013940409582201383,-0.00864797858159658,-0.0014775373078947406,-0.04946470518399313,-0.0032568894671175562,-0.0014969744052178565,0,0.0689262969684951,0,117.0
-0.049072689719724054,-0.0052470056180403245,-0.036587402910632866,-0.001474351952579009,-0.006806694236899321,-0.016111414007411028,-0.001725585104885543,0,0.050070337588457116,0,29.0
-0.03265792575700141,-0.004541491732596834,0.011386645901295006,-0.001690463579862667,-0.0036760180389039396,-0.00882683803260834,-0.0015751845257844922,0,0.12551420537316682,0,117.0
0.06190068521352768,-0.04703413355695973,-0.08229418377282345,-0.0016990451979660979,0.011539919402325873,-0.013301974843873868,-0.0011141785318259977,0,0.09509256985103315,0,141.0
-0.012922229110553211,-0.005722921431567741,0.00034757192576655746,-0.0014008478479088048,-0.0008453688357594948,-0.015181823758679512,-0.0013758787344052615,0,0.1299939833455219,0,117.0
-0.030440031707289213,-0.006284850560620438,-0.022553330923912665,-0.0014325851396676205,-0.03525319811749146,-0.009389239986562136,-0.0015680917889629668,0,0.060174152914121946,0,59.0
-0.02848140984217276,-0.010454241360972713,0.005448535244649791,-0.0014672939016545687,0.0055188563423813,-0.011972283401222111,-0.0016312960371794717,0,0.12405634818245849,0,59.0
-0.014149952911830731,-0.006468264624489152,-0.008735245854088752,-0.0016446385122556354,-0.02732067697741828,-0.001582868015149599,-0.0015722589255155004,0,0.10562157531788166,0,117.0
-0.025851668465966645,-0.003248336602311951,-0.0016126143020341473,-0.0015058252995637461,-0.02106829657717836,-0.017691221122493925,-0.0016204225020233268,0,0.094497096267057,0,50.0
-0.012035523437151136,-0.0025563712011310606,-0.02007073422683922,-0.0014611867615606856,-0.004448610237781761,-0.002892258243661802,-0.0016451432761828274,0,0.12198565375432087,0,78.97
-0.019019652071407704,-0.001919059102133734,0.0003595844230711654,-0.0014075412295331904,0.0008849725927302151,-0.005764378786659058,-0.00154215034685082,0,0.13868725661784612,0,77.99
-0.043870373537109215,0.0012745256027381143,0.007329228565230532,-0.0013835180759050008,0.009122649606790293,0.012482959971235674,-0.0013888573424635073,0,0.15066209592914603,0,39.0
-0.026578978946627013,-0.03224654342026431,-0.006128180941152198,-0.0012615418974257831,0.003806909427295953,-0.010191042081663645,-0.0009858285504402015,0,0.09351027472835137,0,87.95
-0.05984990298014134,0.004580430839858632,0.04589736090085575,-0.001148563471528335,0.007109382863111186,-0.028157008513917864,-0.0011560111295587127,0,0.13437116964730897,0,25.0
0.04589202205357355,-0.004788361803871983,0.0011619069566715422,-0.002324671381942142,0.004128643908607384,-0.015898385706878942,-0.0014544030352506639,0,0.1938122321295387,0,160.95
-0.028654140476514073,-0.006483988135974728,-0.027013380612713498,-0.0017413213387934465,-0.04086983373712175,-0.0009906204097587475,-0.0019537387551917273,0,0.05938845767256057,0,59.0
-0.0304310772452133,-0.0019002436267644316,0.0015824644204480015,-0.0016519051028502864,-0.000982007979900717,-0.00016011785376016848,-0.0014497051942819706,0,0.13210288855630625,0,125.0
-0.05209846014643483,-0.004669127733127142,-0.0027252711211810097,-0.001564290171593134,-0.04031196440278257,-0.002115511288984771,-0.0015113750147492473,0,0.062099481259776296,0,27.0
0.1217735259391823,-0.023203635837371155,-0.030975903587397182,-0.0015484185503373126,0.006460951900712629,0.003811276242595079,-0.0006145279859391304,0,0.24279874926007364,0,445.0
-0.01592441424097858,-0.007768586742039205,-0.006740483349149933,-0.0016717713487693373,-0.034511422199203334,-0.013182255701603517,-0.0018245628378003391,0,0.08547198471908482,0,77.0
-0.05649708859676539,-0.015511910744754751,-0.019109579576214657,-0.0014456260705852564,0.0045040795688955845,-0.0004113980151855669,-0.0014772613116274932,0,0.07714669639239195,0,57.95
0.03651537518096794,0.0002643035294494328,0.005839676932438652,-0.001933926119581047,0.004485313248627424,-0.01059840417585684,-0.0013585599101117317,0,0.2003092598245632,0,221.0
0.08573418607532134,0.006124041369019516,0.03958929922092666,-0.002273391202060913,0.0060785985238085705,0.002920247745198159,-0.0010089433458500868,0,0.3042595195249924,0,317.5
0.09493630732978878,-0.008384108574680145,-0.003227311082985648,-0.0017193257825380115,-0.0009546054320936331,-0.0043912805256640115,-0.0009399683550090366,0,0.24241518871544587,0,335.0
-0.06400358720702205,-0.00401270478859587,0.002494967778713152,-0.0016673711930429774,0.006763377194221687,0.00462075613742453,-0.0018396695082571136,0,0.10945124955207065,0,57.95
-0.05903036759926791,0.0009709646561295676,2.6075361524509992e-05,-0.0017398700490192313,-0.026112149287882476,-0.0047388845200567135,-0.0019282276742288167,0,0.07454302202582752,0,57.95
-0.04602974690196005,-0.00858727694273782,-0.034052659715181836,-0.001412632580552111,-0.00392686397476113,-0.004640684045057171,-0.0015338025980424243,0,0.06691181438033689,0,50.0
-0.0430110096105124,-0.005771271783640322,-0.002426761004442725,-0.001638767755401081,0.006151249990572726,-0.009358484334094955,-0.001774712929644093,0,0.1092657237114666,0,107.95
-0.016899084404279265,-0.003997080580074949,-0.0037625191224393314,-0.0016551451443822828,-0.04007141356245743,-0.004545178134728104,-0.0016899372353805552,0,0.094475122954887,0,77.95
-0.014916973377780475,-0.021263477104102268,-0.02056778594900756,-0.0010543631973909833,-0.007676249502442878,-0.017543677696621494,-0.0009854339052429136,0,0.08308752040604075,0,77.95
0.10096856680292995,-0.003922472684640179,-0.022132435810001964,-0.0016714777491314231,0.003913395789496475,-0.0057738554768907374,-0.0011263986644542423,0,0.2373508033459364,0,390.0
-0.040604057381530126,-0.017598608593713757,-0.008916571770186985,-0.0010254732917602644,0.0022069404896614005,0.00011478460608420116,-0.0009132400259634589,0,0.10035925517122062,0,29.0
-0.041463702573783734,-0.006468097012243936,-0.02387124323857614,-0.001549151705097076,-0.03605195095822749,-0.007229658822358536,-0.0015823522603818842,0,0.04887932456795977,0,36.95
-0.026070205246568907,-0.07220151091129454,-0.013963762029368243,0.06939995174122528,-0.02047451720707257,-0.06512507767455246,0.1279596740215758,0,0.16662003383257187,0,57.834
0.035577874716384794,-0.008011411501778448,0.004128568268955503,-0.0016913761928274284,-0.002321190028801613,-0.018539924786344572,-0.0012008009008461797,0,0.1750372207133709,0,209.95
-0.026950825936690258,-0.013615249403418246,-0.0007050579480382672,-0.0015191483634928442,0.06921824546578263,-0.03069052769719164,-0.0015129780006848763,0,0.16131993925489546,0,100.0
0.061145107937178866,-0.022416552808420573,-0.0014005347143766327,-0.0019012005513296133,-0.04508135393527171,0.0005839642856833807,-0.0012679610152140836,0,0.15675695033687942,0,171.0
-0.009191863609062885,0.0023694382959758564,-0.011886073034342814,-0.0014241730576261306,-0.00041263642446303874,-0.0006678585475513661,-0.001765034138800449,0,0.14411728062275853,0,77.0
-0.028280856282403906,-0.017298864617415886,-0.0022843567460849503,-0.0013450171549592874,0.06266591307553451,-0.030152911429495916,-0.001706375860895131,1,0.14869301212290886,0,49.0
0.036209498807163634,-0.005391568111430603,0.00860357189586426,-0.0018540035327619323,0.004773102830463822,-0.018844588652502256,-0.001252584625885504,0,0.18933890974954046,0,213.78
-0.014427618767264783,0.0009415292325138227,0.00296056056070413,-0.0017845236394031603,0.0021503648207520146,-0.01021678406931098,-0.0021937069750361873,0,0.14452530230158417,0,100.0
-0.03226015936402846,-0.001562457364781497,0.011429891033436407,-0.0017046872854412048,0.0018911145541419573,-0.009200287662111489,-0.0019079409004794012,0,0.13378095414936547,0,59.0
-0.02700828830744203,0.0004398258750208192,-0.024835238929944815,-0.0017643116049575471,-0.002090041448755201,-0.0018296468843358997,-0.001711450483935916,0,0.10829632935427816,0,102.0
-0.035958686516439214,-0.00025296682497338987,0.006008612455932794,-0.0013744775036716908,0.03841809418063456,0.0032454218875209158,-0.0015930692388857086,0,0.175588409578747,0,50.0
-0.06592709968189524,0.006638846824726481,0.006752104993370708,-0.0015360162024683206,0.005299016011328029,-0.002371488730347194,-0.0017752016137738615,0,0.11417564273957,0,57.95
-0.059359433059208135,-0.002884452741893177,0.0024846969431892734,-0.0012162871580016473,-0.0022596875171630748,-0.006225283657524987,-0.0013789380622117823,0,0.09625609588581574,0,21.95
-0.029117896723048264,-0.003351970326483215,0.004275206025907866,-0.001611069735736076,0.0078281083678833,-0.006389432049348571,-0.001979948746885442,0,0.1367484779509186,0,59.0
0.06222640135055634,-0.006120967770472444,-0.00011018735383590516,-0.0021185329976160074,0.0031024231036982106,-0.019749385751899197,-0.0008611091738315144,0,0.20346412254522936,0,166.0
-0.023157214047677854,-0.005376202131519599,0.003178535402775763,-0.0014992161216268959,0.007931016654435,0.0019651400271544113,-0.0012661966173761494,0,0.14887134430479387,0,113.0
-0.028390365834992794,-0.006084225257895628,-0.027162797306231393,-0.0019641944615451704,-0.03937546692884187,-0.002327997851578091,-0.00228048550220668,0,0.059509947995336994,0,59.0
-0.042776417907657065,-0.005604433063026734,-0.0028443034228322565,-0.001657555280477423,-0.04074449177156156,-0.001203252893224214,-0.0017898240699456974,0,0.07047520272990448,0,53.0
-0.03990689047329199,-0.02226082335092153,-0.015948559746802825,-0.0012337405872654705,0.0014454752610165715,-0.0014380573313237787,-0.0009533745545582131,0,0.08679951035548206,0,107.95
-0.060974338671427424,-0.016669590317808916,-0.0040127543791079615,-0.001616282711023774,0.05028542770147554,-0.03506813143542199,-0.0017595531871838178,0,0.09728025813813128,0,24.5
-0.05498530078621009,-0.0006585989579463122,-0.05444688994748218,-0.001798472972437335,0.05568137612838224,0.002481641965111424,-0.001826317774063263,0,0.11154291879398408,0,50.0
-0.04420524374349456,-0.016823932617179287,-0.0015205968445037496,-0.0014270733399165912,-0.04708449159897989,-0.0016236713337764892,-0.0013260150490430117,0,0.05308445661173514,0,39.0
0.12686916613544752,-0.020241077707683026,0.018007250684911415,-0.0016562496893997966,0.0029058251641274676,-0.01281560391226496,-0.0006098068922891325,0,0.27955498492147846,0,557.67
-0.00842422679335363,-0.005827875539688756,-0.020294915218901137,-0.0015697685406231346,-0.04020717917741382,-0.0010034447220870055,-0.001648314398511953,0,0.08811975674804953,0,92.0
-0.04974483441672235,-0.016169621913915244,-0.0065825136921435655,-0.0016299271839739222,-0.02762884912689077,-0.007722137804508289,-0.001599496650620406,0,0.05601810034985437,0,34.0
-0.058899197788830494,-0.018137143525795964,-0.0004260434805939967,-0.001297989539745644,0.005208366882721589,0.008984850763082143,-0.0014547669807754376,0,0.10107355746869169,0,57.95
-0.021822042531766218,0.004625071354280231,-0.0009612164181636708,-0.0016633689199172543,0.006008201080933102,-0.006510763617604773,-0.001969913865034399,0,0.14480144822135596,0,102.0
0.09750199682129743,-0.007873749998889453,-0.03592546427815964,-0.00194477802268015,-0.04171471335231674,0.002432339060410095,-0.001141376584767327,0,0.1784297347835229,0,280.0
-0.017683732926150914,0.003033910419680315,0.0020897121250822047,-0.0018972476023474722,-0.001718712119548406,-0.0057313996394969206,-0.0018057553852890412,0,0.14338225601055915,0,100.0
0.0902578338813207,-0.005459587051050841,0.0164418370625286,-0.002198666152409344,0.07733959234781926,-0.00809449710379276,-0.0007839867116234769,0,0.33459800741142026,0,350.95
-0.04528285523010136,-0.019172246271852406,-0.019799444552083007,-0.0011421672515242688,0.00495619396818533,0.0015984886879373023,-0.0010670663800596118,0,0.08718638410913128,0,20.95
-0.029681923613337265,-0.00559632614707813,0.005037859777655052,-0.0015800737612519868,0.007248295732510047,-0.006028213004757984,-0.001984572651812486,0,0.13451052747055625,0,59.0
0.0929788863240635,-0.004114961867479932,-0.019619444463594024,-0.0017656509826710878,0.0035625853769374245,-0.0063904740103616475,-0.0011696461625304566,0,0.23057677535299223,0,335.0
-0.01580856010058308,-0.026924080108521157,-0.012061240510684112,-0.001724981960849079,0.0429835015619923,-0.009965565975258031,-0.0017063680456650414,0,0.14188818599906136,0,77.0
0.06439696425005657,0.009523516790389557,-0.00926421283841738,-0.001589734778327644,-0.008508451140514331,-0.005404294304696426,-0.0009944165066312633,0,0.21525485261048863,0,200.0
-0.06266092104492303,0.011011689667532807,-0.015573375790994319,-0.0014652887046448294,0.0006609424434483407,-0.02797539184141187,-0.0015107300223593204,0,0.06958240584527756,0,29.87
0.12466587403886047,-0.011688346798850672,0.02290341542213824,-0.0018340945989729733,-0.013040137631570428,0.0012180212290300177,-0.0007601008370709379,0,0.28856011196219206,0,900.0
0.05048918984455172,-0.016844949548508452,-0.007280263190087677,-0.0016939868529315066,0.0017257290048862796,-0.003745009293419229,-0.0011063013361256406,0,0.1886398897669946,0,175.0
0.1113431982409606,0.0029017808213236238,-0.009786196093067984,-0.0015666792604552093,-0.02298377545594329,-0.002398895205568281,-0.0013081239354162132,0,0.24329679025046155,0,400.0
0.03443202095067541,0.0013222460285120642,0.004198634843898314,-0.0015528672065798772,0.00500869328866362,-0.004435209429000435,-0.0010012119889337887,0,0.2050677876258645,0,209.95
-0.03993469471257214,-0.0209579188675832,0.006804023395316631,-0.0013730710191367985,0.008118289488134254,0.007638156833401281,-0.0012850404055093734,0,0.1261052258506798,0,50.0
-0.02970091745428935,-0.005981147619740603,-0.04164207909758913,-0.0014234373884444251,-0.002425161478318538,-0.001387793166095477,-0.0014535118077178286,0,0.08308143312643365,0,59.0
0.056552949609090665,0.002881652027868359,-0.01592515304016135,-0.0018601520354689007,0.008043297691029226,-0.007783047570837251,-0.0011052095145655642,0,0.20789981830558518,0,226.0
-0.06217365901937477,-0.01703713919028779,-0.022880431336776006,-0.0016251159621405852,0.03499676726105255,-0.017239953231989794,-0.002039628131830165,0,0.07909632152728274,0,26.0
0.043052462841967974,-0.0005663361357098361,-0.008412494227769244,-0.0017312346357262053,0.0036786234863510504,-0.0038494662402426614,-0.0014210283815525497,0,0.19784600784594822,0,159.95
-0.023792378388294167,-0.010974535997702211,0.014397307636892329,-0.0025586064615171736,0.011775948426025543,0.007680832456091987,-0.0008319966046312682,0,0.1627920522054939,0,10.0
0.0674813729150651,0.015172675456946996,-0.003621551815267994,-0.0016419486808622083,0.003881065966812189,0.001734219885365123,-0.0010965437429197636,0,0.2490047711237689,0,246.95
-0.0359425925315955,-0.0021866488214796844,0.001167670985299215,-0.001398837525674638,0.00940621792934263,0.013336563486120787,-0.0014860521360753564,0,0.14999180252456676,0,49.0
-0.045090405902921425,0.00472669092954537,0.006056727343382382,-0.001502010801723845,0.0020963767692762244,0.00943979375414585,-0.0014337737388796015,0,0.14138887949145454,0,35.95
-0.016425365275857935,-0.002997508331624641,-0.021197479611949874,-0.0012786213911304167,-0.002117262768002131,-0.012276275369707188,-0.0010955787195121205,0,0.10970738967084497,0,125.0
-0.0429972793151088,-0.0036840548760630715,0.0005664461757279453,-0.0016168505765642438,0.008937798544372714,0.009222632078714267,-0.001946082041498301,0,0.13557809112821018,0,56.0
0.07145794855984094,-0.002276336348756745,0.0032585487777668245,-0.001769176414370214,0.00332488599811805,-0.013851372072374793,-0.0013356235661657818,0,0.2259043560726879,0,146.0
-0.02725367854813503,-0.00507199034661231,-0.004415694072720468,-0.002216024315761931,-0.039732103100107524,-0.003167991571328656,-0.0016963367396645444,0,0.08354166244429846,0,117.0
-0.013146285836782928,0.0019206458844806197,0.005804094469398526,-0.0016123964797332539,0.0005978640899256609,-0.0034082780152294733,-0.0016792801030409766,0,0.15557184514764766,0,100.0
-0.02439237134319196,0.0008987919141580698,0.01590674102397471,-0.0017778017643467082,0.001083446265363716,0.00046277114779128133,-0.0016049623303225624,0,0.15767209605205562,0,87.95
-0.06400358720702205,-0.00401270478859587,0.002494967778713152,-0.0016673711930429774,0.006763377194221687,0.00462075613742453,-0.0018396695082571136,0,0.10945124955207065,0,57.95
-0.052512577719570595,-0.011348211979673105,-0.03736271069021444,-0.0012722327625343812,-0.0035212436374584383,-0.0015048605548760663,-0.0013449826382542517,0,0.05822866115604845,0,47.95
-0.0442342272386782,-0.004072037168433104,-0.0029968190998341956,-0.001306414268934014,-0.04039021297773309,-0.006536479901889273,-0.0010984954982673474,0,0.06646079498485995,0,46.5
-0.052436916877813024,-0.004810376451214996,-0.0154693854055192,-0.0011071293227875756,-0.00010585900432448285,-0.023759191117457033,-0.0014859692825310046,0,0.06792065367698187,0,30.0
0.06626350647429705,-0.007108477355667289,-0.051238453754950106,-0.0016513839552255573,-0.0024820002875264543,-0.002328272584338271,-0.001221914008697287,0,0.16732848566652156,0,141.0
-0.03067123675479356,-0.019438174448407192,-0.006028771749154927,-0.001328102896588288,-0.03905416089102713,0.0018673314003814715,-0.001217644269963828,0,0.07122472152907484,0,49.0
0.09150257511640666,-0.007278596649454721,0.012224349992527656,-0.002060633583901733,0.009308124317005905,-0.03186600789545087,-0.0009478223239523232,0,0.23797747011181028,0,150.0
-0.018478740240911604,-0.005904917251038033,-0.0183523562921243,-0.001470811631067056,0.00022617950924321893,-0.005378601617278222,-0.0016746482047683578,0,0.11606158541068476,0,117.0
-0.014084897710444258,-0.022073031819198622,-0.0007860013772002121,-0.0013464925663440313,-0.004621532607176357,-0.008535455905313984,-0.001331229650222121,0,0.11431683950272958,0,92.0
-0.06049770200113472,-0.004766674148891834,-0.0013419435790795675,-0.0016425052683538557,0.006696217334398026,0.010330075154850639,-0.001835168313375326,0,0.11403778031704301,0,57.95
-0.030888659347354314,-0.005483578407209604,0.02340276536916901,-0.0015634127387902524,0.009782563947465739,-0.0197008979513544,-0.0016097369115213775,0,0.1410345250990336,0,125.0
-0.015924248580079542,-0.005867682341720187,0.009149998256321547,-0.0014222834446639527,0.005391826559872199,0.00992192769434783,-0.0013783509420255905,0,0.16696666834068152,0,75.0
-0.052671303084145846,-0.006735549745717848,-0.0034315522418879806,-0.0010983834898840184,0.0010141071527201206,-0.018779132641034174,-0.0012491767125962189,0,0.0841444903760834,0,35.0
0.024124841829295404,-0.0025753116055284102,0.033631072138517286,-0.0023027924295748446,0.0073712457506401015,-0.014342740601046943,-0.0009163803764123487,0,0.21208541584451945,0,213.0
-0.055770677523076524,0.004187167879698136,0.008543940280760099,-0.0011928658744083747,0.005513151772943728,-0.015293052330703513,-0.0013999266734031125,0,0.11168321867044007,0,30.95
-0.06200461369604858,-0.01703194298015123,-0.004778837339674747,-0.0015653762882875126,0.0014682735657868832,-0.02098294789504644,-0.0013204010994641022,0,0.06087963540574392,0,25.0
0.024873085929231282,-0.007349741198785822,-0.009522254525445204,-0.0016519959908853923,0.0043081448061818945,-0.005971123621004807,-0.0013679352194078964,0,0.1704136613185133,0,159.95
-0.016040900564082253,0.0013418274996565124,0.004242039755349412,-0.0013829938204675811,0.009442717874944257,-0.00606100929288381,-0.0013055161947403378,0,0.15733164639640557,0,114.95
0.10060006330458628,-0.005509560693264743,0.004713629981362504,-0.0018040134294649284,0.004237488459278159,0.002031463016678659,-0.0009117383021587982,0,0.27045281347564576,0,400.0
-0.02082535615857322,0.0013825385059068557,-0.02700515555649059,-0.0014540778282450069,0.0022322606752655074,-0.0017117325516105596,-0.0013533486042366307,0,0.11836060962064533,0,117.0
-0.013930772999925,-0.004725345829420527,-0.002592811935052856,-0.0015313185477090281,0.0085981145569062,0.0064064184380578934,-0.0016551996346978188,0,0.15766456518678823,0,77.0
0.019716703772326066,-0.01862196303795666,-0.024912960775246268,-0.0020040041059606953,0.04064324573205815,-0.02085837847987404,-0.00133253780502936,0,0.15972558643894635,0,226.0
-0.016413871741771828,-0.001787071419382389,-0.0012976464119026502,-0.0013177470642591858,-0.04503747537620414,-0.008051994786666102,-0.0012407895244959176,0,0.09194888481394678,0,77.0
0.10234965614784816,-0.005659041942448042,0.016754535675870427,-0.0023113795205235103,0.009947765819409786,-0.026200940342632578,-0.0012145324977362278,0,0.2607615444784167,0,150.0
0.11639407072728708,-0.022697559592569225,-0.007705534953572343,-0.002726645897745531,0.0016027950566765204,-0.0018039417685694035,-0.0007737018532275486,0,0.249384962856908,0,445.0
-0.03950289925312725,-0.00634624909223719,-0.023087234479870086,-0.0014142746431479248,-0.0277343184684694,-0.008014610823653567,-0.0015222324085303802,0,0.05947366196959293,0,44.0
0.05668852782197969,-0.0022704697557893896,-0.04383851135101923,-0.0015679046826543768,0.0005270640226139273,-0.00840953069469368,-0.0009257451336110103,0,0.16729891136545583,0,171.0
0.07265033947312105,-0.013783235117020754,0.01056165916765678,-0.0020829760601054825,-0.002714388788321886,-0.006358070366475203,-0.0005735326404666432,0,0.22479527680701752,0,171.0
0.09839731381741229,-0.0067963999132286184,-0.002422274484992785,-0.0019240222023760932,-0.04865767703006296,-0.0027641347148458363,-0.0011467713752648478,0,0.2017815152352687,0,390.0
-0.033416562027794826,-0.0137005513193115,0.007329334852155875,-0.0012583150449098108,0.005026838785350428,-0.0046133500806656335,-0.0012825213595804715,0,0.12518035494387317,0,49.0
0.010805925278011374,-0.020710713804115426,-0.05981329976409835,-0.001800113541691685,0.03444073813379074,-0.008968459467837545,-0.0009072292390354417,0,0.12014232873365305,0,595.03
-0.025944069999889078,0.008608366004148446,0.03801309776017471,-0.0015891509890064517,0.0120023030958515,-0.006826763510617693,-0.0015561972373792166,0,0.18980306626191126,0,100.0
0.024154390624828076,-0.0030376460772261176,-0.0219317193239707,-0.0020558507269405816,-0.012036847082863554,-0.029997275524069937,-0.0010825813166570456,0,0.12110795171172914,0,155.67
-0.014085190424072101,-0.007993276318739521,-0.026937382483792214,-0.0015196386158157422,0.004842674361552904,-0.009747293678839865,-0.0013921553463483816,0,0.11026321863257428,0,82.0
0.06696094260292695,0.0024942905513587943,-0.02439742926509971,-0.0019132027004035122,0.0006162040432957421,-0.007004039159737998,-0.001218200450239603,0,0.20263404676072935,0,180.95
-0.057412740247272005,-0.002296454830196328,-0.0038840070684229705,-0.0016776863903830582,0.004015885892497099,-0.025429811429986085,-0.001841781267577894,0,0.0785688857972883,0,25.0
-0.026468444823492806,0.007956627439535329,0.012679494677619692,-0.0018671364394926644,0.007824835185758851,-0.00662841547097417,-0.002516015882621115,0,0.15807642582496215,0,59.0
-0.03754963109247638,0.007006682212970807,0.009674302489972924,-0.001325466482286389,0.005661064000015488,-0.005323911174308217,-0.00166446421998054,0,0.14357405687253652,0,49.0
0.08537693387310241,-0.012389298657792432,-0.03694935574880314,-0.001822712180397377,-0.046200533649130834,-0.004205491564512241,-0.0009998658393986786,0,0.14990515737169693,0,310.0
0.10636276965018084,-0.0085866108661418,-0.0006301504591544942,-0.0012417386744371715,0.0021997674291641153,-0.009704669523937556,-0.0008535058214694768,0,0.2546413428728331,0,913.95
-0.017481689549250126,-0.00556775821792794,0.002474167519059533,-0.0015820768566850115,0.007954358705706042,0.002374650483636631,-0.0014516350520235735,0,0.15381549817114482,0,85.99
-0.013598252163558332,-0.006953361099348737,0.0030807658473922146,-0.0014777753484577557,0.07691228870872191,-0.006772372488067988,-0.0014916985053124725,0,0.21679507608999746,0,100.0
-0.049557817243544355,-0.015978697913855654,-0.008830292667769545,-0.001611070057924826,0.004280698282583382,-0.007562758517590695,-0.0013954642999063664,0,0.08644007872062173,0,52.95
-0.03468718890433186,0.016680172735321755,0.012575938883066512,-0.0019118763803201938,0.01267951413112817,-0.005482873840319675,-0.0016018075562045924,0,0.16534736020696963,0,107.95
-0.013900322379916633,-0.0028675301841241067,-0.024732193006073534,-0.0015916336213332742,-0.002337380094603526,-0.005707784964249126,-0.001562840931955629,0,0.11439579595637327,0,87.95
-0.0218593979205103,0.0006163758126140907,-0.012796998436531221,-0.001478391771078124,-0.0435211310307617,-0.005761846329541524,-0.001426865317828795,0,0.08086722614499145,0,117.0
-0.03183994988291832,-0.02306862984926313,-0.00662867628721413,-0.0013791133755010582,-0.042221156887199275,5.580876916785498e-05,-0.0012373405168968252,0,0.06077642310880419,0,59.0
-0.02816936083315822,-0.004524090487422812,-0.000249645254845862,-0.0016888416790685075,0.006780664466703699,-0.007187312535457038,-0.0020811717976504055,0,0.12997572301772972,0,59.0
0.09097532449865726,-0.005269537334147206,-0.0028876247446654748,-0.0015429915064112045,0.0010038098623239037,0.0027919290636064195,-0.0010347641227036746,0,0.2511316268552881,0,150.0
-0.01903091343764937,-0.005109525911499627,0.004999643497482177,-0.0016430125894841608,0.007281348160825832,0.006683938818433461,-0.0016637036242633815,0,0.1586132560524738,0,78.95
-0.03531836144665097,-0.010897102805442493,-0.014284124226918368,-0.0013425317600132493,0.005311199150296633,-0.0021308726195883618,-0.0015486936287279509,0,0.10688499380158435,0,59.0
-0.06232162685110789,-0.0006242932761222398,-0.017912981590313407,-0.0016381059377870186,0.0013255448813929971,-0.0025559182219102505,-0.0019082912969781833,0,0.08145980884580363,0,57.95
-0.03975903851100269,-0.0037271632343898664,-0.006459717464593558,-0.0015588576774974274,-0.043276769024762275,-0.012505695415779344,-0.001662452602353906,0,0.058145787208249894,0,107.95
0.0982036514013044,0.007947965349131466,0.006818409815271086,-0.0017183083482371485,0.00883686260116336,0.010045311932025038,-0.0010912253960269677,1,0.2961381484932597,0,311.0
0.028717522551188007,-0.005207310230452678,0.006307749794819196,-0.0016762262752239895,0.007398443570643315,0.00015907535101973187,-0.0008135620510915012,0,0.20198117384953118,0,1419.95
-0.05470149852218872,-0.013286072721838252,0.011049032269160238,-0.001593922900778113,-0.002912592308411416,0.003199834555050337,-0.0016301911290222848,0,0.10722007038060115,0,44.5
0.034425806183688436,0.0013545998394578055,0.004173873938209005,-0.0015534376876265696,0.0050787306208809795,-0.004506082868496117,-0.0010011835388782325,0,0.2050677876258645,0,210.95
-0.05564373033216151,0.006480092216867684,0.007422338470332028,-0.001292273359248343,0.005737997260992811,-0.012020454981189558,-0.0016931810484522808,0,0.1160862693657704,0,24.97
-0.03045267662400207,-0.00015409763746581019,-0.027996078827716618,-0.001533442130620425,-0.007881847479954384,0.0021419876759058015,-0.0016794766284962443,0,0.0995398494862792,0,59.0
0.06230007583507843,-0.023528989119638695,-0.05740810099322575,-0.0015275543104740904,0.00036544455924055955,-0.009317302818008535,-0.0009302092144666883,0,0.13704884507713455,0,141.0
-0.015356672116816662,-0.016975962781372294,-0.003337107422537107,-0.00151523946044225,0.003927318666959049,-0.007477947282721848,-0.001624012989779687,0,0.12473585775191859,0,120.0
-0.01998529768845435,0.004818578239645246,-0.0005785078479747734,-0.0017457252343778052,-0.0308792361260454,-0.0043787610459251605,-0.0018393986333644136,0,0.11250713280213225,0,100.0
0.028322441864728654,-0.013830139364061439,-0.03640118898760528,-0.0018627102437409884,-0.04383587805483265,-0.0021542575176272142,-0.0013779774289685899,0,0.09595577140652195,0,209.95
-0.039376168629219534,-0.012876889425212291,-0.011116067816348345,-0.0011574302283139032,-0.00649936922217365,-0.013390172588669019,-0.0011633729028657951,0,0.0815160103258269,0,40.0
0.0026344305140818705,-0.012266079457169836,0.004705911531180421,-0.0013636275497301248,0.004476954674537273,-0.00992929814933322,-0.0010710530968875505,0,0.15428271960530832,0,136.5
-0.04068875016606408,0.0017816686729327364,0.005128892780650231,-0.0015189313092156805,0.002404189267081958,0.009790380693514948,-0.0018269268368546069,0,0.14216600424067471,0,54.0
-0.02125189805235796,0.0016029510782448798,-0.02050943774045581,-0.0018338087635933625,-0.030075972387911303,-0.018434486350103727,-0.0012366765508475587,0,0.07535615237160387,0,13.4
-0.055822302597917366,-0.013742212316098014,0.016280055188460152,-0.0016542029944823398,0.002284128318175615,-0.0039121521486836916,-0.0018335166306976966,0,0.10869527795738615,0,50.0
-0.058477020139693775,-0.010285647415636145,-0.006138212441615299,-0.00169105690341954,0.0007133387662997955,-0.0021704614219251925,-0.0017334199145111963,0,0.08731300166812836,0,44.0
0.031948297778635726,-0.028241662002334585,-0.009675364954234385,-0.0015929984816162451,0.003624421953305634,0.002283921964942435,-0.0008211144278139488,0,0.16462098296951366,0,159.95
-0.021914823762065366,-0.0031497251463182023,0.0008562676608523726,-0.0016710720429105558,0.00988546720366451,0.007247873947752224,-0.0015496056365717117,0,0.15679986336303242,0,117.0
-0.013911808211827668,0.001024541703764162,-0.0016120343401816958,-0.0013239557835214048,-0.001625576975767431,-0.013115510946543573,-0.0013514409643405518,0,0.1351796956202114,0,77.0
-0.049424500874735135,0.0018000478711700896,-0.02369127019679743,-0.0012105634926475397,0.005576887337812012,0.003914550850449819,-0.0014067368331016788,0,0.10265389580077938,0,44.5
-0.038712624119911526,-0.014212955417990392,-0.005192777685263347,-0.0015692392616296574,-0.03868250270107502,-0.00032282065932003355,-0.0014149810080836577,0,0.0669875802853554,0,44.0
-0.07143968358247571,-0.026103239186650116,-0.0046244487537001324,-0.0015749249842282574,0.07149557213346952,-0.013801044015533174,-0.0017967897127199827,0,0.1192509230367904,0,57.95
-0.05812037664930655,-0.0029906170490499075,-0.0032869792984063645,-0.0017237874783612827,-0.04495694330749052,0.0010658405868915813,-0.0019206944147483087,0,0.05516192352815831,0,57.95
-0.03272084491748313,-0.014974382867152029,0.0020605714975512803,-0.001921616043805951,0.03943689314347321,-0.04331611118419651,-0.0013844781510919122,0,0.11427551261592445,0,117.0
-0.04112604432545606,-0.01405591115133757,0.014782690483966871,-0.0013861364997867387,-0.0016259752055443743,-0.017012398305963232,-0.0013584480179641804,0,0.10531325811654414,0,59.0
-0.05701731222448271,-0.011739199772522167,-0.0027849264291480327,-0.0022552438471548347,0.006397387042290612,0.004640714507614208,-0.002163089074403643,0,0.1021738113408234,0,47.95
-0.031189450327458658,-0.0070626668880596835,-0.02381899164968374,-0.0014390879748500025,-0.03918221833027791,0.006860474806195405,-0.0015571451222507753,0,0.06970639565224246,0,49.0
-0.018160790198015673,-0.016706111584105544,-0.010245686372715997,-0.0010684132355980637,0.00031432138628779586,-0.001843872798371283,-0.0009943422944737386,0,0.11839058604163669,0,100.0
-0.03758843949101001,-0.0010536551664843904,-0.0013958184986237387,-0.0016453021173216636,0.005614386304272069,-0.005080556191048352,-0.0018409922373430765,0,0.12410510374106992,0,108.5
-0.06680941378993331,-0.008276955409748031,0.013016194739772268,-0.0016557129361453263,0.0009489625054527029,0.010855985454107427,-0.0018539342340929501,0,0.11332060746804244,0,57.95
0.04966298205001814,-0.01998040135889727,-0.02735309195049552,-0.0017392461172470715,-0.0422048469346664,-0.006485071907752818,-0.000939592680323661,0,0.11805621223926473,0,149.95
-0.03637509090441588,0.003676902222282275,0.01250134208644907,-0.0015454138599036713,0.0007749399488557183,0.014011370045898603,-0.001674525652166506,0,0.1584650050256288,0,67.95
0.029200132556160826,-0.004040447831167518,-0.008017021783122653,-0.0016342722003590197,0.004306467892062858,-0.0017317023704869585,-0.0009083204522266602,0,0.18427031694948975,0,159.95
-0.05158777498606892,-0.008170663558465442,-0.01656860008710952,-0.0011647856298712198,-0.0035737973668063024,0.007608450893291731,-0.0013368387012646487,0,0.09230147170233502,0,25.95
0.0005449128503764095,-0.04063626303108461,0.004703237629133494,-0.0015295115163356323,0.07844308681055773,0.009407201170078455,-0.0012063785884055063,0,0.21682176646294882,0,117.0
-0.02710462278372165,-0.0232982609278251,-0.019935703710760942,-0.001209351607004837,-0.009057269530123676,-0.011501667428595336,-0.0011282377374852038,0,0.07386036741311229,0,72.99
0.08952054144096762,-0.019027497151248067,-0.025967124530177407,-0.001818021821939169,0.0044701288039110535,-0.017027920277161837,-0.001054659515689594,0,0.19619092808729166,0,325.0
-0.046182264214629266,-0.027873150423952515,-0.003072373601520571,-0.0013658497614675827,0.005381128416013124,-0.010161157328806857,-0.0012183176676042761,0,0.0826034965566608,0,107.95
-0.04830562548744607,0.005879174787517349,0.0051634414802858835,-0.0019042108066024599,0.011002036483952014,0.008570441155279876,-0.0020521487871807778,0,0.1454485899644356,0,47.95
-0.055566659733564595,0.0016733300645568544,0.017119484325583408,-0.001383604737458888,0.02102248715400436,-0.006051868604682474,-0.001437748783349386,0,0.14247090082371872,0,40.0
0.04546797199348226,-0.024163819604431043,0.0008610192981203448,-0.0015858894054369334,-0.002503368892864367,-0.0033880205145146677,-0.0006215175450287172,0,0.18116185646795566,0,160.95
-0.07856672666558887,-0.04753694816392504,-0.016836464311000235,-0.0018573931226053733,0.010731144890538623,-0.017418354973619522,-0.0014299185850950235,0,0.014180820207332785,0,106.0
-0.05161204094472671,-0.007581342691047428,0.001175971437696149,-0.0013091437967194036,-0.005702029896763206,-0.015960176064172042,-0.0016029559122756466,0,0.08450376327062084,0,54.0
-0.013424561914884078,0.009179545877568376,0.010392266133309552,-0.0016560031905945385,0.008298837624281748,-0.005961578228529966,-0.0018457703165266357,0,0.17207821712325416,0,117.0
-0.05285875686638947,-0.005659129180759976,-0.019509317853433336,-0.0016373478093632972,-0.03121491670101003,-0.0025404659882722527,-0.0017416883003925818,0,0.05193385843900814,0,57.95
-0.04841049109572011,-0.0031660310408277996,0.004212271145207551,-0.0013485372121179208,0.006135142657637547,-0.008323454392764374,-0.0014898560807842826,0,0.11470452511926009,0,44.0
-0.04910041518667845,-0.0018435155921236771,0.001312255610365518,-0.0015757835858532592,-0.03644701708946204,-0.003582645763826246,-0.0016066877233849102,0,0.07425167180766544,0,29.0
0.09922785977887956,-0.009661710546766249,-0.01054343127835731,-0.002431514527399113,-0.00039918795461879396,-0.011913003039449633,-0.0012509254651747413,0,0.23012356810574247,0,554.0
-0.019763968366483316,-0.0029215073654918224,0.00027589739181553167,-0.001585324442295968,0.009958450701484694,0.006413162377198951,-0.0014105681613978424,0,0.1580616232734594,0,117.0
-0.03474923156725937,-0.015561528006093617,0.0057773781610122,-0.01634854808326893,0.014154967204635851,-0.01923345625686424,0.1487645204072078,0,0.24989958299799817,0,48.457
0.03426860430032462,-0.006674425133618456,0.002035209479911243,-0.0019550102282190184,0.0034122319733786537,0.0022854770023754602,-0.0010178353916119457,0,0.19944973314116987,0,209.95
-0.02965951842793608,-0.006006052255153234,-0.003585728718284237,-0.0017247275911994825,-0.05166465227683018,0.000572093225507779,-0.0018724253543282708,0,0.07315446974040536,0,59.0
-0.04438110476174143,-0.024633564970825115,-0.02090026665019205,-0.0017796966407845438,0.020471850905688684,-0.02867317937691359,-0.0016208296793018223,0,0.06557868996455918,0,100.0
-0.05301953117295886,-0.006448951746516808,-0.0069393963648446575,-0.002164295286314466,-0.027626859067960776,-0.01456466057413878,-0.002353380085670233,0,0.05397840684022466,0,58.95
-0.03235848021853286,-0.00017318937098608468,0.035497349309706216,-0.0016652631409435391,0.01248689679822072,0.006577668892181638,-0.0016790983672613064,0,0.18578136504101386,0,100.0
0.12573301024915365,-0.003131615593479163,-0.0022575844639696045,-0.001601362065725802,0.007262675111405248,-0.00893538564637928,-0.000631336313309296,0,0.2835338824163246,0,600.0
-0.0564089892747231,-0.009221337289931303,-0.02229431446468641,-0.0013659677208233223,0.007658575092772467,-0.003243663453897711,-0.0013682844327273184,0,0.08085149959461296,0,42.95
-0.06913933648832522,-0.0022884096607643286,0.00949492085131811,-0.0018813951810242968,-0.001789562938547987,0.00018884147272029737,-0.0019900829653584523,0,0.09969045622864722,0,57.95
-0.012332740396075547,-0.0020795480507667654,-0.002521866974073713,-0.0015744512412694583,-0.04348847963899697,-0.004212476176355561,-0.0016353775766397272,0,0.09925054108445142,0,97.0
0.08459403830738838,-0.0036132167405884875,-0.0007793381230443811,-0.0017622804231396726,-0.05855154496906481,-0.00347518391852111,-0.0011674224402482317,0,0.18234053283141016,0,750.0
-0.015032657555725273,-0.0003807005096894849,-0.015229747505568705,-0.0017835522171434455,-0.047479142928055044,-0.007351943907699826,-0.0018180640908213432,0,0.07801967242392602,0,77.0
-0.05330656499663288,-0.018051436376972218,0.0035276772717863724,-0.0012297555635497285,0.005092776834831495,-0.0038152568779426235,-0.0011004164545775684,0,0.09821250497557223,0,28.95
-0.035946382483182056,0.005036672897184684,0.015842692128807116,-0.0016982734892742823,0.0071139118172341455,0.00965649721847817,-0.002075990869623738,0,0.16502460835825286,0,50.0
-0.027709286923741083,0.0065982914572060005,0.014596671438246101,-0.0015238153877499252,0.01071622892620753,-0.0012265050425314505,-0.0013363820347110462,0,0.16721068357155516,0,105.95
-0.037275743109664965,-0.012948052954000018,-0.0122776524514378,-0.0009985352272925921,0.0039028698333936143,-0.0013862275504114374,-0.0008384414768885274,0,0.10527369820232765,0,35.95
-0.05034476787089043,0.001270668820551353,0.00408401528503813,-0.0019558500343987116,0.0066680829324372755,-0.008195471606625397,-0.002073588786191247,0,0.11654856987855075,0,47.95
-0.016587656440573445,-0.016095201532642486,-0.020750693999983964,-0.001302475536166243,-0.006816015457072331,-0.001851429055113446,-0.0010635276396235261,0,0.10262848147745386,0,100.0
0.08421996044943325,-0.007030023133970385,0.00989324685222097,-0.002424230131803322,0.006896052197524609,-0.0018152971629105145,-0.0009491899857161707,0,0.2558860002234072,0,1000.0
-0.05557646668658895,-0.010668019077354844,0.0007263309059145361,-0.0012496553182007267,-0.0028936098059193236,0.0034244439554143957,-0.001302029118921949,0,0.09955647599297275,0,25.95
0.06611786283416451,0.006240608974542433,-0.0064370712134735495,-0.0016790554274949247,0.0032917542034181986,-0.0016145660428602477,-0.0011523242975101974,0,0.23186269016941574,0,226.0
0.057633436700159905,-0.006371367867119201,0.0023999200779110694,-0.002404799990059812,0.006382833901944205,0.0010080489885709385,-0.0011571681786893663,0,0.22458638477134749,0,1104.0
-0.05231359037024903,0.0024580959759926556,-0.006535359816966183,-0.0013941401877117278,-0.0030834006842801907,-0.018964278025875456,-0.0016928001981423894,0,0.08557000783139687,0,25.0
-0.04427283584730447,-0.003801887631741843,0.004263006008851245,-0.001699730498947802,0.006503272010528111,-0.007561556646813762,-0.002104666067311977,0,0.11842108246588881,0,54.5
0.11052242203152514,-0.016901452574785147,-0.002936633594704441,-0.0015128930489563955,0.00911722292642567,-0.007371477690100355,-0.0007366640844905218,1,0.2572760051035427,0,150.0
-0.051720215939937045,-0.0019751463612676413,0.0033554255715119996,-0.001447121859275476,0.005564924501440477,-0.01575556818102606,-0.001645123781018476,0,0.10347265508905756,0,46.5
-0.02832161954928255,0.013086075829519945,-0.0021730110761067696,-0.0016135598662953086,-0.034749811164845545,-0.0024099792423813416,-0.0016249705036139408,0,0.10928860556562324,0,59.0
-0.04841167267053745,-0.0039261212455357535,-0.004596249083850112,-0.001985590447552775,0.009129683128047924,0.00904259789022211,-0.0013173550634887345,0,0.12503077364593523,0,107.95
-0.04545796782109309,-0.014747526075872866,0.0013889931971166887,-0.0013877281022607795,0.005235499366739899,-0.011516933908937476,-0.0012338159870549329,0,0.0993760018072666,0,107.95
-0.032463922530823995,-0.002445961604869742,0.0035826393640708983,-0.001599720878953291,0.00791063717419957,0.008192416349518635,-0.0016713212169773822,0,0.1486002477947941,0,49.0
-0.03566794843568906,-0.0037205850341743506,-0.0034559970611783225,-0.0015270501732540882,-0.038854798130499926,0.001732420952843941,-0.0016888460771396492,0,0.08391267717953733,0,50.0
-0.015245714130999441,-0.006271825621242106,0.01198093305418432,-0.0017655380219848231,-0.001332096956000454,-0.0032211428958107704,-0.0016173203165377318,0,0.14962277625023837,0,77.0
-0.036913905037220605,-0.021981298725923464,-0.007854839180547704,-0.001639246467425136,0.004157579035417385,-0.0004038431286058636,-0.0015503756418901503,0,0.100909551992434,0,59.0
-0.05821933611810536,-0.007096462095068377,-0.030802306415498047,-0.0010341806376268797,-0.0037165928255361567,-0.011357290202701643,-0.0010691371464232598,0,0.05380017569766924,0,22.97
-0.05276778310214002,-0.010595153510085158,-0.03031770714915133,-0.001295495490284948,0.0005278622646349917,0.002574817923592411,-0.0015150394635058619,0,0.07370698261168937,0,25.95
0.061601002742205965,-0.018359356705968277,-0.021258672721136258,-0.001617260255803376,0.002083088948311151,-0.0035488154466053793,-0.0007267633664130441,0,0.18526870433322024,0,200.0
0.1188406974262003,0.0035262429166478867,0.0584785858778215,-0.00214451173307349,-0.03713397505295305,-0.011212579519723407,-0.0010326212328954252,0,0.29641731982065295,0,250.0
-0.05399470944224047,-0.002956435282931388,-0.003500525989948184,-0.0013881382537384926,-0.005707413331002164,-0.024757126399853047,-0.0012455688492212615,0,0.07354556358969445,0,34.0
-0.07302191066665528,-0.01275468542702228,0.0025116751084605354,-0.0014842948844800915,0.004115551237969201,0.007138802039305513,-0.001207693865423232,0,0.09239292468078363,0,57.95
-0.042348712704615925,-0.011673925774412593,-0.005420191871121711,-0.00200564051128694,-0.03443424685258696,-0.007822172242380201,-0.0019816423325361996,0,0.061408948849688214,0,54.5
0.108016646849783,-0.01959443154677223,0.022530448117658346,-0.0018463703173970713,-0.003800375464930421,-0.0053023636782769615,-0.0010242264789343414,1,0.26607480861975885,0,335.0
-0.053207543638034864,-0.018589503310700903,0.002950306506260823,-0.0010647064519024622,0.005025251986740915,-0.003943804277621681,-0.0010262322570603073,0,0.0972392496963108,0,20.95
-0.04360418705520635,-0.005824750767286667,-0.023195338033099124,-0.0014522522318081777,-0.037758240651390516,0.0023153287951916558,-0.0013170456233205586,0,0.05625899557170901,0,29.0
0.1159532136650771,-0.007780204487884398,-0.007790842887662211,-0.001599604055310647,-0.04258626217585228,-0.0036139120031556254,-0.000936890301585741,0,0.21874097889225436,0,475.0
-0.06961285668070492,-0.0018320105254634486,0.0031692442068588416,-0.0020239455213558605,-0.002143557377052414,-0.01441591867071046,-0.00248003853441638,0,0.07775639803578485,0,57.95
-0.055227933571852926,-0.009391304233140559,-0.0007162665584041191,-0.0015297801301015132,-0.0026345499893199262,0.008823050306382774,-0.0018602165192280517,0,0.10455848044296484,0,47.95
-0.03782187220906461,-0.025560351361601872,0.0009646979535743595,-0.0014183293688256333,0.0025796607092077417,-0.0144630207005418,-0.0015559561869826937,0,0.08982030997439462,0,59.0
-0.05762254069856419,-0.010747202079198196,0.012242459009604797,-0.001652738415821032,0.0028818949938150006,-0.0027152027272784726,-0.0016283302713380697,0,0.10785382094984901,0,50.0
0.07952569555496179,-0.001941457593399641,-0.006775215627599598,-0.0025371956034463726,0.0029425885332580474,-0.013495649032448142,-0.0011991231555693138,0,0.22361512421438592,0,265.0
-0.013099206875212693,-0.008724760806546251,0.013573390054009184,-0.0012870204364750265,0.008429772518642534,0.003951571814854858,-0.0012903397200600682,0,0.16864888768784211,0,100.0
-0.02567032869244749,0.00604809500999083,-0.0023204508747475907,-0.0015561336331437472,-0.037659750257240804,-0.0020815820721560466,-0.0013923107349678805,0,0.10246301988391596,0,112.99
-0.04619571406656202,0.023626730287693968,0.03592261438641617,-0.0013590430720495299,0.013904443171285885,0.0090217973185401,-0.000910559834084998,0,0.20110574932986908,0,100.0
0.11773840861653925,-0.010834876456179138,0.003973616079460773,-0.0017962965501489708,0.005911088093157126,-0.0015987882451964492,-0.0008144195443001291,0,0.2796742131319609,0,280.0
-0.03977462364376523,-0.01383357395235628,0.005889587729782943,-0.0013559888681792913,0.005940713577447662,-0.0033227684047979563,-0.0014281629545179048,0,0.11921066462224317,0,54.5
-0.05222948817073784,-0.003289041712632436,-0.003508500084916999,-0.001430936768313163,-0.003939949468537777,-0.011348423662788014,-0.0014755930835912883,0,0.08987354818711228,0,30.0
0.10147552214872045,-0.010182760176472943,-0.010592000242803427,-0.0018376221612072783,-0.05039798275551151,-0.0007302660659690933,-0.0009983053404894993,0,0.1938320665448952,0,399.03
-0.04327067893028743,-0.005202767273318513,-0.0009840133144314105,-0.001856340601948304,0.0024116628917998533,-0.0246168749123291,-0.002361142449970948,0,0.09121532654814316,0,50.0
-0.02312245714074043,-0.001460956174313297,0.0031903842993017757,-0.0019178759497369023,-0.05686375709509239,-1.388244806835421e-05,-0.001629965425901968,0,0.08527697120407765,0,117.0
0.08936671362673752,-0.013951349094752378,0.011917589565885716,-0.0022730876384106226,-0.04330506790111959,-0.003166281278087873,-0.0009265052990372089,0,0.20475749311984365,0,255.0
-0.07319224367469786,-0.0031019977818089414,0.0013805800870809793,-0.0016667457417985545,-0.0066322658755910945,-0.008720417630286413,-0.002061004979732754,0,0.07310138554179375,0,57.95
-0.05212778344882387,-0.0017598238972262503,-0.0018016100674492837,-0.001416111868535688,-0.043910453527502474,-0.00455280057036363,-0.0013387167303366696,0,0.06018818102839105,0,25.95
-0.018561217122452303,-0.01633914934193255,-0.02049109874261302,-0.0011360623311838629,0.0012292880640346513,-0.003405313875633495,-0.0009802518317041278,0,0.10741167595714451,0,117.0
-0.036730662009020316,-0.004743191641094249,-0.00990126271623726,-0.001654473564911774,-0.02818326986435107,-0.0032393034223187483,-0.0016743059124167076,0,0.080969012008279,0,107.95
0.07769037968085896,-0.004131851126643809,-0.0073046992505767265,-0.0022562737347873794,0.007648357067689236,-0.0064460591923211725,-0.0007310495762596278,0,0.23156428500658852,0,527.0
-0.0133005713862307,0.0011820086563083209,-0.0011570117877767966,-0.0017900719101612004,-0.04065630354610101,-0.010527213524096603,-0.0019443977372484433,0,0.09890191990332277,0,77.0
-0.04055024819578175,-0.0031369866956116607,-0.028683377303794992,-0.00143374857586102,-0.0058208962723462635,-0.006042908842222209,-0.0013061564024201065,0,0.08012115885059075,0,39.0
-0.04926133430249945,-0.004583165397723334,-0.031249614231985724,-0.0012035616154383389,-0.0023871087883639854,-0.022263543139323553,-0.001350093433642086,0,0.05479706022965261,0,40.0
-0.05504885259937189,-0.009980181986773353,-0.011921558756908025,-0.0019298452721792628,-0.026787409992564903,-0.008147801701216062,-0.0019848233435889994,0,0.05129500748602696,0,58.95
-0.010805972307698891,0.003778260579392571,0.01140828190412015,-0.0014240301590370222,0.004702970530456662,-0.01497408409955094,-0.0015410908999061075,0,0.1582398166864059,0,75.0
-0.036214737435296615,-0.031709487049523526,-0.0023075060543840484,-0.0014237192136223242,0.0073197321720779585,0.004090812236974996,-0.0012674984653553473,0,0.10558307732950042,0,67.95
-0.010455592381336545,-0.008727500459439107,-0.0020081320150614015,-0.0016615139027690614,0.00887245141190474,-0.015600603515999937,-0.0014561669166913583,0,0.13605842335923685,0,107.0
-0.0568354868723887,-0.008917231423285335,0.00026495649011102235,-0.0014755244422584425,-0.0017883785343704988,0.00909222283065012,-0.0018199245567385469,0,0.10561611463034881,0,30.95
-0.05585268044488981,-0.01962140381602412,-0.007234510287906326,-0.0015488299653724615,0.004100509112426698,-0.0042061777923707066,-0.0012155624281940246,0,0.08151682551629869,0,29.0
-0.013670681559347756,-0.005812585630980022,-0.00600350859711967,-0.0016303980737514038,0.002548273918781772,-0.0058939309580745775,-0.0010650645606171737,0,0.13556758567752045,0,100.0
-0.032758695967108266,0.00026630581292499787,-0.022849998501501868,-0.0014528047859394143,0.006128818224400081,0.0015972652155953723,-0.001350305543304651,0,0.11667606559369538,0,107.95
-0.019539755603507326,-0.0052437654868026625,0.0030892222202610897,-0.001512754872690136,0.007431008989647033,0.0015568663521424357,-0.0012522902567476883,0,0.15162401248093194,0,117.0
-0.019147370890112373,-0.002970917639662173,-0.021546131514628575,-0.0013962668127955717,0.00025395506275158495,0.003318390275470617,-0.0011481301532307842,0,0.12445900946642174,0,117.0
-0.03768832995698571,-0.008046426887350421,-8.852872753872466e-05,-0.0013487960665389655,-0.01225437957717264,0.013273708243109975,-0.0011107532635396128,0,0.1198319749026129,0,34.0
-0.030908621169649854,0.0059999174513892485,0.03688327693161927,-0.001422699296971652,0.014319342755654885,0.027061080080680873,-0.0016986703580612974,0,0.21732910753328974,0,54.0
-0.02101440996195983,-0.018004380040758473,-0.006758067231935895,-0.001663799629517094,-0.03846525918933696,-0.002271529266819424,-0.0013740555896393026,0,0.0775439802286617,0,117.0
-0.011999807741403487,-0.014130729391579718,-0.0011287956601194013,-0.0013106688527926152,0.010715999743730543,0.008819156502403511,-0.0009216907169307317,0,0.15713894502193748,0,77.0
-0.05693028529420016,-0.01462993115349908,-0.007511518248386329,-0.00136417949656547,0.0025792176844017167,-0.019447432281518254,-0.0008945908927974216,0,0.06889676145606477,0,42.95
-0.02929606966170717,-0.009814447734221304,-0.020428997175715502,-0.0014380815395179936,-0.004947460815438804,-0.008303899095004154,-0.0017143915606514322,0,0.09115213355637276,0,59.0
-0.04841214147635672,-0.008825775536219964,-0.013838936810379746,-0.001270266572665632,0.004113623826432079,0.007946564410667952,-0.0016590919574091818,0,0.10514945702269857,0,29.0
-0.0368226186384828,-0.021670471344127286,-0.01569522365478305,-0.0011947546892322643,-0.012419718666474644,-0.013937849792965732,-0.0009448980471466943,0,0.06440994630541691,0,107.95
-0.03640466687590651,-0.004126269890213659,-0.0393326370254415,-0.0014446719884172786,0.002109967097212662,-0.005632105685207173,-0.0014353206946352754,0,0.08082977607602,0,107.95
-0.02848140984217276,-0.010454241360972713,0.005448535244649791,-0.0014672939016545687,0.0055188563423813,-0.011972283401222111,-0.0016312960371794717,0,0.12405634818245849,0,59.0
-0.058071027333357554,-0.0058666404353365734,-0.025572769724160463,-0.0010712079749310931,-0.010248500753404485,-0.0013647139300857185,-0.001321651664617098,0,0.06357896932273616,0,16.95
-0.025134108251582864,-0.004638063310598411,-0.0030710891239551343,-0.002064138796221277,0.009579316907574886,0.0055750507785146675,-0.001632852396501896,0,0.14570959694585917,0,117.0
-0.014981985251835268,-0.010401725727636082,0.004074012853636896,-0.0013554839567416809,0.005097753059846939,-0.010078757537505607,-0.0011007514781436792,0,0.1383485431002511,0,117.0
0.1323173498028227,-0.016801219447440882,0.04861806281555309,-0.0016009023298105985,0.005000696504663064,-0.006553114848607567,-0.0008550401988654567,0,0.3272213134369434,0,424.95
0.14479215188509628,0.06725894165006038,0.05089699498187014,-0.0015163037121911412,0.10450777101966299,-0.042712122804842934,-0.0005624608149665402,0,0.489760453343316,1,884.0
-0.05027932898315711,0.008599614480215755,0.0064045154421869584,-0.0011373082234640297,0.0064891987938354425,-0.0019920260883249485,-0.0013451823027876913,0,0.13383496425713406,0,29.0
-0.017521885783922293,-0.005437412275470905,-0.022145653320716278,-0.0014654390633363997,0.005079464604269736,-0.001738226632425244,-0.001400135850220555,0,0.12246619281680687,0,117.0
0.09990830259970471,0.0012171444173539438,0.03426543983673202,-0.0020556111159107673,0.01360285787361232,0.004924965342844528,-0.0011283199497140427,0,0.3178302601432514,0,150.0
-0.014733708565164306,-0.010019830117732643,-0.0005333639956551534,-0.0013778834995024308,0.004496458143319133,-0.012381461100745653,-0.0010589660062216824,0,0.13148672599692682,0,117.0
-0.049084565524479595,0.013507497752584544,0.0032591889625370545,0.08755637935441314,0.0024391323403490602,-0.024597492024501868,0.12982998432908147,0,0.3300056063286106,0,27.915
-0.019119413164471535,-0.0053319521912321465,-0.021953272220538285,-0.0015494836950976656,-0.03973100353367657,-0.002763045422162088,-0.0013681186106554357,0,0.07527919230079534,0,117.0
-0.04134570265569058,-0.003875186419529007,0.004147780710644524,-0.001637109671309185,0.005220441982701588,-0.007157435621067318,-0.002099307261099402,0,0.12034896220327979,0,50.0
-0.012392086958300541,-0.006747800131997219,0.00248657609888532,-0.0014860298025648618,0.006891898975190848,-0.006965286762571185,-0.0016902962924382756,0,0.14719245626483354,0,92.0
0.061039497878660094,-0.016180416397286464,-0.01701801152144919,-0.0016659619276575435,0.05249342369785346,0.006558407266213376,-0.001066300531853313,0,0.25125611960311034,0,822.47
-0.07106624651317313,-0.0036897272765480725,0.012093019762508542,-0.0012102544680064778,0.09146352326456843,0.026149874557765105,-0.0009545611159058817,0,0.21988110934983765,0,107.95
-0.05712552603833336,0.011833158471507566,0.03156649659583606,-0.001294954227726615,0.015464938829340113,0.01826659816222254,-0.001004783597539421,0,0.18480140933393685,0,25.95
0.11507420302922543,0.024108484437799668,-0.027945833519910198,-0.0014880697263309382,0.008017660651330447,-0.0077291649661640136,-0.0011212271960458558,0,0.2760115338485325,0,150.0
0.07020131727740955,-0.00375403848932322,-0.0033012853133928084,-0.001641797664717731,0.008966083167621028,0.002448052572938998,-0.0011888127922990619,0,0.23882499989686617,0,142.45
-0.04384821539210265,-0.016813082497459452,-0.018318089010670308,-0.0011550557644621564,0.0049715842672983105,-0.0010551838124570516,-0.001133929904423447,0,0.08974350902435221,0,30.95
-0.03298928253641169,0.002654342585957077,-0.0010466647793248907,-0.0021571103938950666,0.0022081995837886477,-0.0021389397659367032,-0.0020862331101530068,0,0.13153979272265373,0,59.0
-0.05385860997458684,-0.0017240860370230614,-0.0015267458562078175,-0.0011710433225935748,0.0053755356581667475,-0.008632799705860943,-0.0012277616959069594,0,0.10432997020461716,0,25.95
-0.04953514062890747,-0.0020733942223808456,-0.02052496931990676,-0.0014832429359850777,-0.028407390331089744,-0.00922246596257339,-0.0016795838368179757,0,0.054169293900967475,0,25.95
-0.04304857999734301,0.0010542843085027032,-0.01422838928997188,-0.0012343417495198944,0.0025070767822693253,-0.0005714113127956994,-0.0013804499099960993,0,0.11019366996977518,0,35.95
-0.033416562027794826,-0.0137005513193115,0.007329334852155875,-0.0012583150449098108,0.005026838785350428,-0.0046133500806656335,-0.0012825213595804715,0,0.12518035494387317,0,49.0
-0.04196820157887958,-0.004745235100331443,0.0002624460280057346,-0.0019725838413715653,-0.03000285378372882,-0.013279988125947089,-0.0022471066034440703,0,0.07314195813293173,0,52.95
-0.048317619385442864,-0.00024869401764394543,-0.0006529753902078366,-0.0016541905881936787,-0.0014202325377624346,0.0016607879808367388,-0.0014919056566541431,0,0.11497065154356143,0,107.95
-0.017595055838840766,-0.00544986961745768,0.003236722320640097,-0.0017452354006347853,0.007200023975248939,0.0035775587871390577,-0.0014933567469870902,0,0.15482626861773702,0,100.0
-0.046679317023558084,-0.0027805414042782507,-0.0033399459220313944,-0.0016754517108903278,-0.03822586698356094,-0.010024685125404956,-0.0017130645354420904,0,0.06265660843346263,0,39.95
-0.052018230874212396,-0.010470511648295735,-0.03631614469709992,-0.0011947253662405316,-0.002649191349648127,-0.0023300301069807245,-0.0012008619178255461,0,0.06091578517832649,0,29.0
-0.06099107784691064,-0.00300660460781577,-0.002063600884126375,-0.0017731422494122173,-0.03097730722194716,-0.012183180157925301,-0.001972158362213375,0,0.05412840980827838,0,57.95
-0.03226692799947849,-0.002264787017774105,0.0003100220962920205,-0.0015656530415466866,-0.04681868864020125,-0.005654246161260181,-0.0016695432757103626,0,0.0771656570989498,0,59.0
-0.030701642204165977,-0.009008963575968334,0.008071054034678036,-0.0017185108776462447,0.003794066580662586,-0.01429516420341591,-0.0020715323257874682,0,0.12116478856698569,0,59.0
-0.04589602675343605,0.0069722216254637,0.014809481219830995,-0.001399833957527292,0.008888039969011252,0.010975695172530624,-0.0015670568986186476,0,0.15987800151588402,0,30.95
-0.018478740240911604,-0.005904917251038033,-0.0183523562921243,-0.001470811631067056,0.00022617950924321893,-0.005378601617278222,-0.0016746482047683578,0,0.11606158541068476,0,117.0
-0.04419371126460735,-0.021545527212709817,0.002529117209729628,-0.0013353004383887574,0.005412099384362785,-0.008193971877606756,-0.0011151394953272985,0,0.09865304744408125,0,108.5
-0.036789864217529986,-0.017878181424688982,-0.006966803149102759,-0.0016900550806161327,-0.03443360736450952,-0.0010059945515941545,-0.0015720061866083955,0,0.06675896916397943,0,105.5
-0.04649018895214251,-0.0011518160066511759,-0.0003039028346102418,-0.0014608900091866905,0.005452251879343088,-0.005772264325574262,-0.0016278086556877395,0,0.11574086223412001,0,44.5
0.0385661571934803,-0.004995067169567027,-0.045211395042346184,-0.0018766418966680595,0.0021022874518773194,-0.0059049597289220525,-0.0012131175425059335,0,0.14856274440397776,0,150.5
-0.04240518975621469,-0.004593087705680752,-0.011038510734873554,-0.0013898749483485136,-0.0270882675629005,-0.010030808772254644,-0.0015566526242593822,0,0.06899308903409708,0,39.0
-0.06883904516871361,-0.009678750159135994,0.0029202230961360887,-0.0012543277560809706,0.06662275404474405,-0.010469072786507558,-0.0011589623366388376,0,0.14523830007243285,0,107.95
-0.06211055499200868,-0.020524826289719977,-0.0260959110974692,-0.001706871251896083,0.031816229726785245,-0.009651384240892782,-0.002086464460510186,0,0.07673569853291748,0,25.0
-0.04201982036458667,-0.013610280381521416,-0.01016713356549415,-0.0011552034375813297,-0.008608139686849422,-0.00965487966944513,-0.0013593297256154024,0,0.08052069430753604,0,24.5
-0.044330022706701104,-0.003890302429428515,-0.0011432589663453018,-0.0020073138560666275,-0.04150479441870393,-0.004692766655782919,-0.0022189964387645473,0,0.06730802566683573,0,56.5
-0.014868462365657385,-0.0031511890361524612,-0.028073241538753176,-0.0016002383556759545,-0.003959232575191798,-0.01246305662787643,-0.0015486399839791892,0,0.10143142065534264,0,97.0
0.051798155441008624,-0.001416752904040068,-0.038465484051984355,-0.0015944359002791266,0.0010552609149499276,-0.018754575928027404,-0.0009724903176083025,0,0.15874515839264838,0,226.0
0.04790704821834477,-0.00606190426877472,0.0006025293754841689,-0.002440818459449381,0.003537336229957596,-0.020249210722540736,-0.0014361510989969028,0,0.1889543104126545,0,159.95
-0.007393560916621514,0.017982236522573913,-0.00521503642972292,-0.0015446699345717156,-0.03682709734204037,-0.007434226640157806,-0.0012227187754300251,0,0.12544040762265848,0,100.0
-0.05433450893896528,0.0002925474517807385,-0.004752253091867255,-0.001496142406365773,0.006204128681751794,-0.009700463002162414,-0.0013855032328917395,0,0.10192328659991003,0,44.0
-0.042239514121825764,-0.001517193574071203,-0.022728751893851706,-0.0014514337191098483,0.0037102529962810297,0.0022317171706245182,-0.0016877683949376209,0,0.10341278960173872,0,50.0
-0.052293968934810385,-0.016620130786191352,0.003340604340634657,-0.00122310004148559,0.00483928997189316,-0.006724451207725876,-0.001099120659552789,0,0.09731460382139122,0,36.95
0.03890822062350387,-0.018494182855114897,-0.0078302239385623,-0.001651041475481187,0.006839718787551406,-0.0025259801954907847,-0.0008417182481291668,0,0.1815002738369056,0,160.5
-0.0628039852417073,-0.006061965093357813,-0.0013861085164494462,-0.0015051718156600755,-0.005889914556206109,-0.014605437715785775,-0.0014564787274046944,0,0.0733864194720583,0,44.5
-0.04420032583951401,-0.01119068992589271,-0.003114867366780802,-0.0016501195008574042,0.0049892187780690815,-0.018788475417027464,-0.0016561848084353239,0,0.09148403705819062,0,107.95
-0.033081399483634415,-0.03565642757495655,-0.0017968851227838421,-0.001144281236810995,0.0774826684637164,0.0016528039941023397,-0.0010547793839033057,0,0.17349718079435905,0,49.63
-0.042336683004314334,-0.0020064679313995543,-0.01945465837361069,-0.0014591914705191931,-0.03568887901321325,-0.002206572259553327,-0.0012145996582207995,0,0.0627284294277982,0,24.95
-0.04924003638028188,-0.004276335009116574,-0.015078947136584815,-0.0014178929711302368,0.005008071398197948,-0.0076738428310659315,-0.0016440257345326835,0,0.09277247247411521,0,34.0
-0.023692904631580764,-0.0026075546846271386,-0.0034285846111085615,-0.001840658265216522,0.007053492278326267,-0.0070908571485216055,-0.0013405621267854044,0,0.13414785194911563,0,117.0
0.0598331282733619,0.009122795384008968,0.00712535208365711,-0.0021192143366003764,-0.0670123671092897,-0.02132933970976952,-0.0009615320442391372,0,0.15175430367975865,0,1408.15
-0.0158922128076952,0.0016987229786163999,0.007569662655423835,-0.0017328553054332507,0.0034042960037277466,0.004707656752353919,-0.0017682317866053896,0,0.16508251962901746,0,82.95
-0.055408449699196866,-0.004459056821811234,-0.005418430119750548,-0.0018268616314035394,-0.037104269992011836,0.00016767057562617392,-0.0015037776719968384,0,0.06154230577808453,0,24.0
-0.0501222935131065,-0.0043516945548523304,0.0012177254623131652,-0.001534083279637416,-0.0059891289268889005,-0.002477285077094475,-0.0013757648046830234,0,0.10246295644468,0,107.95
0.06328199169775335,0.008866135337990565,0.010471545838274228,-0.0016938049917338356,0.0023662681425166473,0.001937595922008565,-0.0010561504557083338,0,0.2512690626297307,0,171.0
-0.04472272921971864,-0.005194439035204763,0.0011246695702399369,-0.0011669398952495246,0.009751547882313754,0.012173828983306543,-0.0013608843571704529,0,0.13770053506714597,0,29.0
0.04892558194279583,-0.004700995767086535,-0.011143923718351875,-0.0016868832096621489,0.007827703658525231,-0.0039017515473584374,-0.0011399267420936856,0,0.20127528575539771,0,159.0
-0.06849167424373516,-0.010530688527853662,0.0002470384991544083,-0.0019402163258294223,0.0033298189147017536,-0.006776956123564983,-0.0024043392627867565,0,0.0805284640687156,0,57.95
-0.021129592191274308,-0.02231860317339682,-0.0022027232930898226,-0.0014147410395428219,0.0040708666860061376,-0.0131033743431781,-0.0010895577648129893,0,0.10990775601934039,0,113.0
-0.06550621539995317,0.005209437498856849,0.008511508905968723,-0.001964384137219154,0.006504650383582134,-0.008751922733858511,-0.00265265408089107,0,0.1084459015751153,0,58.95
-0.05072902138421302,-0.017031780986567435,-0.00727863840789691,-0.0015171555064347096,0.005546894378641512,0.004600347147898376,-0.0012426868963324347,0,0.09944343948372512,0,39.0
-0.0315803840810281,-0.009859190524677047,0.004276665769561423,-0.0014657715298969326,0.006617896761926624,0.010267801950993067,-0.001374231915119812,0,0.14397826757038834,0,67.95
0.09609018156281006,-0.010953142308953846,-0.008034245318478246,-0.0024555018743878604,-0.022118491501153404,-0.017150796970487363,-0.001158283707474687,0,0.2013152010205034,0,150.0
-0.05435019105588801,-0.009170003997666864,-0.00019753746503923397,-0.001403792255362567,0.002250055864429087,-0.02375860416933465,-0.001567890364310099,0,0.07889751769545693,0,30.0
-0.046498747575110265,-0.004503900820557072,-0.039217405634907616,-0.0011762639198734666,-0.0024300613537334877,0.004146963095662856,-0.0011164133916990629,0,0.07629965153841088,0,29.0
-0.05762528072806262,-0.009606715276735308,-0.00712699195095545,-0.0014158241521710412,0.0026056207935143314,-0.02631239097580898,-0.001290629313334086,0,0.06632326953507647,0,20.0
-0.08185435550665937,-0.003480744102425077,-0.0017317445886435052,-0.0021072882598599262,-0.0068572401503685255,-0.002713585724881511,-0.0019871377855528545,0,0.06636338502023839,0,57.95
-0.016067094527693643,-0.0037843269562540566,-0.0017321762450347603,-0.0019315959262143027,-0.03773860394711144,-0.00239429140921962,-0.0020587935856513934,0,0.10138859854144931,0,100.0
-0.028977629578943,0.002471821299994543,-0.0015654526129225278,-0.0018356788838328985,0.006811483866982405,0.015848329306846105,-0.0015784353110694495,0,0.1582699192256845,0,82.95
0.05797629499937683,-0.01937623577346852,-0.0075033152425427576,-0.0017283583641424403,0.0056085743911527585,-0.003756324025543464,-0.0008395443636472059,0,0.19747657275981453,0,186.0
-0.0186631145571234,-0.0022451887737013117,0.0011259055326681598,-0.0015426517202070343,0.0008785540698144581,-0.00472117844449732,-0.0015757483606083258,0,0.14035205888497448,0,100.0
-0.047570933683446275,0.001088320536523235,-0.026631022915938343,-0.0014030356256404747,0.008284496850245545,0.0037952544664236693,-0.0015701290617001844,0,0.10308843170509674,0,35.95
-0.06628357036229998,-0.011805835202898502,0.009392508703472321,-0.0018512294329407711,0.0016515438239003391,-0.00929826411222914,-0.0024506275620290226,0,0.08645000699360506,0,31.95
0.1145937019269549,-0.002273104262319505,0.002343000949035731,-0.001901942955937546,-0.0006416221130121246,-0.008576098785952474,-0.0013653973148099142,0,0.2692740185825868,0,554.0
-0.054675998217220106,-0.013345153949704449,0.011049333438264372,-0.0016061683571624537,-0.002869172450140505,0.003206409590063183,-0.0016346608121282863,0,0.10722007038060115,0,45.0
-0.012262148946471554,0.006830907797407887,0.0016957147005455153,-0.0015553226589987788,0.011383979253096702,0.006636975407982202,-0.0016301804173257022,0,0.17819540627486563,0,77.0
-0.02300821893651999,-0.003203803225977914,-0.003129177735369704,-0.0021526859981391843,0.006452810550078254,0.0034334521398648454,-0.001669176456223647,0,0.1438186814763418,0,100.0
-0.012612908246813001,-0.02032998176913169,-0.026821919451064945,-0.001451475024624543,0.0019644801706112554,-0.004083638902845364,-0.0011525166757294129,0,0.10260752123903155,0,97.0
-0.019043667080072026,-0.015098163305482266,-0.03365817345081277,-0.0013312434990709087,0.004736837740704705,-0.006882681189987244,-0.0011516029175639105,0,0.09466678743634466,0,117.0
-0.06544987390624807,-0.0014724941774172115,-0.0023360495427914188,-0.0016366901141811705,0.004629861587892845,-0.0027688316749754777,-0.0017919954468524181,0,0.09626940786405631,0,57.95
0.14549119929141305,-0.008043234056634102,-0.007583955155367004,-0.0021939432840061045,-0.05390891263035104,0.01373862200048972,-0.0011362058087865238,1,0.2534590514953865,0,300.0
-0.04363248196054641,-0.017284880357959425,-0.006651379670580274,-0.0011705143547859015,-0.03381396622086737,-0.00224645449759532,-0.0012049969708301717,0,0.061090807105464204,0,35.0
-0.04359576477121707,-0.013102242817391894,-0.005373060816095412,-0.0017287057847366026,0.004779001448724043,-0.019616848370650433,-0.001550362961013395,0,0.08690749706624891,0,107.95
-0.047170547917952194,0.007037843846456755,0.007145257293251566,-0.0013446409615948329,0.006562219261216469,-0.005179862293681924,-0.001712218711498937,0,0.1324335316548265,0,40.0
-0.05127822416070141,-0.019608365264762,-0.00428760933180251,-0.0014436571244181458,-0.04379968835233084,0.002673799385416355,-0.001223385127810304,0,0.04812835116222071,0,32.0
0.1333793126602567,0.0006325167003437024,-0.013141107082994444,-0.0014012813380917175,0.010577295564982644,-0.01490848393742917,-0.0006586239790455096,0,0.2815751097266511,0,450.0
-0.054361290345575436,-0.0024732071178152305,-0.0008287428313801402,-0.001925245070483391,-0.03629923095354992,-0.0012061102931215368,-0.0021782333960857596,0,0.0678234211306172,0,58.95
-0.04436310497381875,-0.022668429990886425,-0.01442121572386833,-0.0014234397321820672,0.0033921124125276996,-0.008146280414127639,-0.0012535897864820564,0,0.078211532929792,0,50.0
-0.04297037030709832,-0.007560243825754638,-0.003187821016841458,-0.002067670901638534,-0.021828868056407772,-0.014385995569492873,-0.0019371340312928232,0,0.07315737743010307,0,49.0
-0.015850277924263533,-0.03862040209672841,-0.015413430541559922,-0.0012419411866984714,0.007732939382034335,-0.013990596953449903,-0.0009329753474607989,0,0.08877879647050198,0,97.0
-0.04681324826410115,-0.008034371465319438,-0.015642537629746673,-0.0012872998702759954,-0.0007312360475634439,-0.013754753945351122,-0.0013226081709371124,0,0.07950942574533451,0,47.95
0.10492426104592667,-0.016300126443539273,-0.008779076807360616,-0.001941181326795157,0.0023934184039645858,0.0036719235369301615,-0.000785600942849208,0,0.2502790986049052,0,280.0
-0.03817922499809567,-0.0043681409650582394,0.004707800732406824,-0.0016179972963802868,0.006034014303759281,-0.007344573499429148,-0.0019678301336293045,0,0.1243595292822025,0,49.0
-0.02858499327314266,0.007940677286590266,0.010238382446947582,-0.0016761697797779516,0.007227511756152626,-0.007157740398836843,-0.0020835048856914003,0,0.15299964429087054,0,59.0
-0.034290996640686834,0.012066652850249533,0.003553527921644028,-0.0013691090627328448,0.011530577568117824,-0.006533946267958783,-0.0013385751169855443,0,0.15071361239027678,0,107.95
-0.05636676421372493,-0.005258340867061472,-0.029560509114285594,-0.0014820285736177959,-0.007109032717375735,-0.018643491595046358,-0.0016670118030108108,0,0.04700830225450634,0,47.95
-0.036730662009020316,-0.004743191641094249,-0.00990126271623726,-0.001654473564911774,-0.02818326986435107,-0.0032393034223187483,-0.0016743059124167076,0,0.080969012008279,0,107.95
0.09493134069452325,-0.0009592830091045007,-0.03745371822154988,-0.001707736890690347,0.002403721802566573,-0.007640066435250398,-0.0012595032371785198,0,0.2154102358419443,0,600.0
-0.015776005293897086,0.005419972856162336,0.007897516247974678,-0.0016108716451976048,0.006796696352363165,-0.0070721346521512955,-0.0016635373380751884,0,0.16108711766580838,0,87.95
-0.035233803881243586,-0.012209688980284948,0.006549676785236832,-0.0013383810914478706,0.002679034693362488,-0.0035346387500813986,-0.0013387689655124267,0,0.12266891094865809,0,50.0
0.06278166083910378,-0.021762160932985327,0.011011686825212832,-0.0019146141919675396,-0.0009753610166235394,-0.006257326187490691,-0.0011718627681652626,0,0.20880750370571377,0,161.0
-0.027198940584592428,-0.010741679424378604,-0.0015344767212311192,-0.0017396868804698726,-0.036395799101141546,-0.005363125125514027,-0.001527261643554048,0,0.0825945116577468,0,117.0
-0.04940861552078398,-0.023982631940179307,-0.006826859170468671,-0.001675255323299355,0.0008315330097840325,-0.008478066159682192,-0.0016664147185578018,0,0.07588917131544215,0,50.0
-0.06688640213866277,0.005381235217409039,0.008029664702117478,-0.0019477852010327448,0.006056553417889085,-0.008005881950789367,-0.0026605529066922222,0,0.10706231227886766,0,57.95
-0.03527629204426197,-0.0042013329184373924,-0.0010634703520005172,-0.0016765144760076496,0.009446048673895521,0.01051878793055098,-0.0015355115008583973,0,0.14330719645151066,0,67.95
-0.05029741784005874,-0.0007594331324913854,-0.017071992038743482,-0.001419541806721319,-0.001907197093786093,-0.022967274468953514,-0.001873515288004247,0,0.07079910946987053,0,30.0
-0.014327510173150187,0.0006647940382457921,-0.01725661635981791,-0.0014659571227144787,0.00019680728073564793,-0.004377533178743897,-0.0016038407672180081,0,0.12892562485596637,0,77.0
-0.04459441255866581,-0.00313485413949225,-0.004830916703567661,-0.0015639353306079653,0.007717184726408176,0.00568362384321563,-0.0013163609648155785,0,0.12505581001110427,0,107.95
-0.05840348875272503,0.001308047544031668,-0.0022855194723211112,-0.0016006532536984167,-0.03997214918525263,-0.011379100599741128,-0.001545978475382339,0,0.05321663894354027,0,29.0
-0.039761217739552907,-0.018214526363616555,-0.01818868012407876,-0.001245322694209161,-0.009060683033172263,-0.012918192652845757,-0.0012501362753732184,0,0.06645672225578061,0,67.95
-0.029041950274357946,-0.006237664034555414,-0.014242925596629076,-0.0016294715436638138,-0.041532582959377944,0.008381939189334886,-0.0016849379067611493,0,0.0811078880126189,0,49.0
0.11131485534659957,-0.012066033295605998,-0.0003545563571686172,-0.0016607214389177851,0.007954132367252696,-0.014155066448861331,-0.0008812013196792061,0,0.25724688999224854,0,150.0
-0.025767400071090848,-0.007028977324963522,-0.043719059139840054,-0.001472674165009593,0.0003381035992032915,-0.0060333207469235725,-0.0014418899344025595,0,0.0819702633556022,0,120.0
-0.04044452702959395,-0.01191649027319376,-0.017624658348204852,-0.0013321294559760493,0.0013400619490843903,-0.01055039769407604,-0.0011934599687430263,0,0.08537388031792607,0,107.95
-0.03516230690526135,-0.006016963958899909,-0.022099749784093847,-0.0016043596564994103,-0.007833834271842581,-0.007702596505027764,-0.001863627324057357,0,0.0848120427329468,0,59.0
-0.0348790227080232,-0.017799938845248994,-0.0014575774017869588,-0.0012276998459939438,0.0055248440164796225,0.004990172331224576,-0.0013668147361166922,0,0.12087944394916322,0,49.0
0.05529503057473596,-0.019463195354973283,-0.006329784306428776,-0.0016311456074914947,0.005810818642243142,-0.0036185460905700352,-0.0008403487441945176,0,0.19631831025195035,0,171.0
0.04841456306605392,-0.01360592545203046,0.013008432948944326,-0.002454626799979073,-0.034407012973804475,-0.007673205376750208,-0.0010181549691438163,0,0.16935955158191907,0,216.0
-0.034490170130673,-0.007077831085136323,-0.002708890355092369,-0.0016797257363543752,-0.029708702015676755,-0.011109944837773332,-0.001341522813499024,0,0.07897869416442356,0,67.95
0.10252958700132764,-0.0022217870408191296,0.024121185010790858,-0.0021509456341258565,0.011850366741403584,-0.005911766238860607,-0.0011831279160004417,0,0.29412899306234475,0,150.0
0.053832398472012724,-0.0005590852031603296,-0.005146918555965487,-0.0024146019503121815,-0.004186510607161823,-0.007856265833759337,-0.000934538488748144,0,0.19982995897153497,0,219.95
-0.026309656700404825,0.011139066399428075,0.022469555268453588,-0.001450816537333062,0.008503250625971421,0.022072527827675065,-0.0017831577277447493,0,0.20173625029467387,0,49.0
-0.020478532350755856,0.00011398773540927356,-0.008532612750910384,-0.0018903479247093181,0.00801849973625898,-0.009022261993894371,-0.0018582183529172911,0,0.1334459952371102,0,113.95
0.08212339963353704,-0.02321186298745961,0.020049390581910933,-0.002580808395976031,0.004298448136985343,0.006344801634652954,-0.0006719355416094634,0,0.25344691420066956,0,206.0
-0.031772066721536076,-0.019788177411376798,0.002997390855579013,-0.0012521240782262604,0.0034826630413769804,0.011888111107278809,-0.0011810501525461817,0,0.13147022777917855,0,50.0
-0.0442611850183247,-0.01049266832617997,0.0016722444971547345,-0.0015381269512145647,0.006661862285402428,-0.007030217613328843,-0.0016168690928306457,0,0.11049052091930793,0,108.5
-0.05596437281503863,-0.023938185119417952,-0.0014330447653494074,-0.0013044269148383796,0.0036526686804042034,-0.012094443976168094,-0.0012101864981044147,0,0.07480348973011643,0,25.95
-0.02004686211761053,-0.008281744785423704,0.001543812802160811,-0.001640202529918511,-0.03685378571264992,-0.0025856298045177353,-0.0017161858590565046,0,0.09751488313161256,0,72.99
-0.04728647170453492,-0.003032918620087985,-0.004104132577215329,-0.0014752072347332067,-0.044165048589673454,-0.002257300738641563,-0.0012377201245533111,0,0.06353668154918993,0,26.5
-0.016157149655699237,-0.017139210374971788,0.007893380354569041,-0.001034366303241966,0.010174833918823125,0.0006882782480184997,-0.0009509245206533858,1,0.1505703228054736,0,100.0
-0.044227813738961334,-0.014226878308176573,-0.009433045061657005,-0.0014292492946052894,-0.015096151969981078,0.005996171203497185,-0.001412484356104201,0,0.0872660296126409,0,34.0
0.04567417626476589,0.000623828889124588,-0.02616049221133629,-0.001748536326737486,0.005612281861788686,0.003140240164071387,-0.001133002140688916,0,0.19310397763961723,0,222.0
-0.04583032282382513,-0.015546760652660706,-0.005264640455608818,-0.0013825890178878616,0.05224831380843068,-0.036247641751619306,-0.0014535325048302323,0,0.11361830774062827,0,40.0
-0.019118124194204212,-0.018847642225119633,-0.022932481076393865,-0.001456475664351614,0.0014242204145279876,-0.0036425470772231128,-0.0011924208149771648,0,0.10133001050088765,0,100.0
-0.02833028800017031,-0.004461509713574789,0.004981391846954326,-0.0013751666032144128,0.01803962647206223,0.0057576716555888035,-0.0012396084623902059,0,0.16046759833388463,0,117.0
-0.03370154542731376,-0.014055746897520049,0.006568534509342037,-0.0012604434872025285,0.004358418558409298,-0.0070889916235520566,-0.0012713816722071244,0,0.12064432509858486,0,49.0
-0.05228190827317716,-0.024619815872563202,-0.0023932114335834835,-0.0013585575440949117,0.004945289768994976,-0.0029664027726096984,-0.00118853453777192,0,0.08723234047382418,0,29.0
0.0885194641699878,-0.003988871425614665,-0.03294988084050139,-0.0017151468888158463,-0.00011094223478360006,-0.0036697279101015217,-0.001065593393780706,0,0.21211478261501862,0,519.95
-0.0477687044100957,-0.026767972814929826,0.006206710022727821,-0.0013243806819730815,0.006305920295165574,-0.0003050200364305965,-0.0010779477670710756,0,0.10236408574602272,0,39.0
0.12723861399587605,-0.03159663895912226,-0.02942210155981208,-0.0019194321243364565,0.007093364145097363,-0.005830062332115258,-0.0006884909062024857,0,0.23197073339801325,0,300.0
0.08308196809057365,0.000577765711774063,-0.024126828466298773,-0.001938926207164959,0.0008462563866178306,-0.016042453955089367,-0.0011031166739883175,0,0.20839014602505238,0,312.95
-0.018562366111891448,-0.016800960757681695,0.0039541943310785,-0.0012367227865021989,0.006432099581047983,-0.006475295526779027,-0.0008979145275423065,0,0.133508515340359,0,117.0
0.10272417492330672,-0.0015105451384615635,0.045777718528950184,-0.002031739683068041,0.013977704625241298,0.0024332384503802295,-0.0008835416226197017,0,0.3275824912223576,0,150.0
-0.054441423818647465,-0.008501044339717902,0.0033945160045340448,-0.001160065930273344,0.004308106467220013,-0.016159709989641155,-0.0012339351315020844,0,0.09330192440060131,0,30.95
0.0861847002377959,-0.014310889344699717,-0.03640005849754245,-0.0019533747793498988,-0.04806081659113728,-0.0030306333700643646,-0.0011949492755073427,0,0.14832945951812365,0,351.35
-0.039244500278997244,0.02448136759435921,0.0022110668049155043,-0.0014072386001344743,-0.015624130913480297,-0.005409740511138878,-0.0017334421603969195,0,0.130368863073756,0,54.0
-0.03176162231136875,-0.00022349101158244782,-0.011858560770654855,-0.001680606016345608,-0.033223124714755616,-0.006425019636914819,-0.0016286835566199718,0,0.08029437312038717,0,108.31
-0.04729219151384962,0.007169276069991451,0.006527862562476269,-0.0011940885628431838,0.004809625478980783,-0.00435149938382679,-0.0014535131801055293,0,0.13131095260945286,0,20.0
-0.03781843378644484,0.009279501151143805,-0.0014433567491667991,-0.0016386972023965606,-0.034620190315271644,-0.005847608191819441,-0.0013966620596534774,0,0.09361003398501962,0,103.95
-0.021064980825914643,0.012783409119573473,-0.004772095078599686,-0.00172524058713315,-0.03493160372286239,-0.003041357877798257,-0.001319945673944232,0,0.11302366649194989,0,125.47
-0.052909648744963594,-0.017699901914528752,0.0035721555527526466,-0.001232655106756627,0.004949244418448889,-0.003764165191559651,-0.0010958344026393287,0,0.09891467574938302,0,30.95
0.11241045510773912,0.007149850023339433,0.015660163388300112,-0.001870082287645169,0.008967862496572969,0.013444430959196238,-0.0009445112397238828,1,0.3219136495864074,0,554.0
-0.002296889915937683,-0.016453001757222308,0.005280915740676785,-0.002221930251523998,0.00998603532784656,-0.007424347569464287,-0.0011134009089557501,0,0.1528528618040487,0,15.0
0.0539908909074364,0.007164658422852585,-0.02197157525584473,-0.0016075693608727298,-0.0017495913927774017,-0.007899305666114895,-0.0010317107973612338,0,0.19399127799594748,0,226.0
-0.069747276053918,-0.0009880231096187045,-0.003249562563315179,-0.0015006438774482673,-0.005902463275051634,-0.0020216989638657773,-0.0012393064590771007,0,0.08244650683633446,0,25.95
0.049241333320389345,0.0004351905874639534,-0.0008664939894968915,-0.0020855192210055273,0.015076002212742594,0.0049383376821030105,-0.0008242151886815876,0,0.2330101165421446,0,5.0
-0.04295643277089125,-0.014789262929838943,-0.0016443621779528104,-0.0013329419175738375,0.0059344138847267245,-0.017667962865859983,-0.0011838473354074167,0,0.09345508502583214,0,107.95
0.05747371457735925,-0.010749744366820404,-0.009859521081188495,-0.001880051869395561,-0.04933757568660732,0.005984811054431956,-0.0009709155863140176,0,0.1577561981800954,0,226.0
-0.0540889215362638,-0.0088838700747308,-0.0054912570948187495,-0.0018487674652907422,-0.035839767594754435,-0.004650392822594549,-0.0021371282357390904,0,0.054155376314436766,0,58.95
-0.04771949577177119,-0.003022949956334962,0.008651356572490507,-0.001275642033862105,0.007662172460694691,0.01122746278889303,-0.0011358118479950308,0,0.14148257335074418,0,25.0
-0.042722544788461325,-0.001719899014534891,-0.01777102476564884,-0.0016701842757569833,-0.004567182878204145,-0.009260220313764996,-0.002072052128676335,0,0.08731237297358156,0,59.0
-0.04319418449107497,-0.03439692686564613,0.016070162010584255,-0.0012211470134419298,0.01566084051077037,-0.02059585312333368,-0.0011820477220495912,0,0.09823632444443683,0,55.0
-0.048287567825389614,-0.006540451051873246,0.005586824980654276,-0.0013766750625714649,-0.0014123534044937144,-0.008118274552496692,-0.001561564952137558,0,0.10538541927032127,0,39.0
0.00986554924484011,0.021690896580059696,0.029798095327534906,0.1258112498735098,-0.060083340020053506,0.05134219719844927,0.22860605124333494,0,0.5741261805863029,1,53.17
0.07985493819424368,-0.015711760171207782,0.0049788369298724156,-0.001399610077159553,0.010745449579542285,-0.0017904880631622196,-0.0007721745543344603,0,0.2430006729764237,0,141.99
0.05859133537297907,0.0007601400277689261,0.039082571288541826,-0.0021582122583026445,0.00729207135522111,-0.008534526392303574,-0.0011178700113997715,0,0.26101099052113463,0,226.0
-0.018560833407103256,-0.0013951407932426246,-0.01603280382018189,-0.0014827114359011343,-0.016320797816778813,-0.005897772832422885,-0.001499909394007253,0,0.10590551163899134,0,80.0
-0.03454613487751056,0.0016166909580902513,0.03725802938162739,-0.0017096384426923108,0.01041205992943023,0.00016158073926040957,-0.001312195019907624,0,0.17897587380692737,0,125.0
-0.04070540397471619,-0.0014568232396771704,-0.0027684111245325584,-0.0017552161309151559,-0.04975154498946378,0.002585077548673418,-0.0018902511454349797,0,0.07135290808256267,0,54.5
-0.048154790739039874,0.002453974012417179,-0.0038969803527361757,-0.0012503435238168895,-0.004715290786246016,-0.009069181097593236,-0.0013927808319311203,0,0.1010700878196835,0,20.0
-0.044303036858698464,-0.0028541518075611734,-0.020112377836602705,-0.0018356149559393027,-0.001771468220222655,0.003150696755349182,-0.0017572895682205244,0,0.09761223864673386,0,107.95
0.00014524087841161773,-0.027536926151792738,-0.025106614113090377,-0.001827586917088799,-0.005505312391519345,-0.0008042647136027591,-0.0009448136877092241,0,0.1055152040422374,0,15.0
0.07795213981630501,-0.007604586578635014,-0.046032461720224425,-0.0015904321976480378,0.0042708969041215005,-0.005930941201947757,-0.0010643292296960395,0,0.1870957669309035,0,852.97
-0.024415229239795236,-0.0017106224386186759,-0.032014361192222736,-0.0013341113247165148,-0.003369862014255235,0.004118412772350354,-0.0008367365341691425,0,0.10753297116720166,0,7.0
-0.025382050627627068,-0.00571347331409123,0.010349813354210924,-0.0015562748377016562,0.006651415426955041,0.013615229221410582,-0.001682130639813638,0,0.1633780097219717,0,59.0
-0.05626156886907407,-0.029693518869348786,-0.030170688394509208,-0.001807821575399793,0.02752307805565024,-0.00934203669886123,-0.002417946015096258,0,0.06492497877199001,0,53.97
-0.02267243168581616,0.001161367598855991,-0.01896257217723248,-0.0014446393480449982,-0.006411262700068453,-0.0026246839694525955,-0.0013984816719498127,0,0.11474277718492068,0,117.0
-0.011997152452933054,0.011688071185901061,0.014792728920110361,-0.0015787441559190919,0.008273225035573092,0.012697192179033014,-0.0015115307093500712,1,0.1994592711410447,0,88.5
-0.025375984875929538,-0.028464825273324338,0.005371418095789995,-0.001255350793661586,0.003120946585571071,-0.019638323476431824,-0.0012592583641039652,0,0.09959410303653858,0,75.0
0.0849147805699051,0.006600829175631982,0.037975047240551146,-0.002170499522501188,0.006136173793505208,0.006146753299068254,-0.0010191337609351595,0,0.30567943193385433,0,330.99
-0.0295353611826271,-0.0045302926232994875,0.022291771429731454,-0.001494285894360062,0.0003116200479231143,-0.005705075236249089,-0.0013761395289014582,0,0.14705771815084645,0,129.95
-0.02265289980452381,0.010089339199148381,-0.004480549288254491,-0.0015665851085822698,-0.037198108913288994,-0.009380977670785665,-0.0011004000143632262,0,0.1008052995379786,0,129.95
-0.05847500779327809,-0.02327328681411278,-0.0031766766417160625,-0.0013824558746855392,-0.0018221496313594744,0.0014407240451989054,-0.001183479276006886,0,0.07922314915266951,0,30.95
-0.04627645794548111,0.0035698038307219702,-0.01622505598893033,-0.0012966495370799625,0.006518175935826687,0.0035410925197980505,-0.0015760256628036253,0,0.1153503642906813,0,34.0
-0.05700005822314978,-0.011819955851534596,-0.0051845306022740255,-0.0018414062003651737,0.004591230560479509,0.009672700555654412,-0.001844179713400724,0,0.10366928166403974,0,30.0
-0.04021123867014717,-0.0036072105623041425,-0.023430314125172137,-0.0013685362720169333,0.0007497246498931703,0.013507436468722461,-0.001543018981741756,0,0.11119232364586239,0,49.0
-0.05862914420049521,-0.0043328546479760545,-0.0216838338217009,-0.001919353863004694,-0.033543641405986986,-0.004576555204336223,-0.002119030237363251,0,0.04029106775776503,0,57.95
-0.023157214047677854,-0.005376202131519599,0.003178535402775763,-0.0014992161216268959,0.007931016654435,0.0019651400271544113,-0.0012661966173761494,0,0.14887134430479387,0,113.0
0.11386999689991491,-0.00419245670024441,0.008614362806101018,-0.0017941111695390075,0.006629203583886187,-0.002961350017279532,-0.0010783044595222338,0,0.2861828220819443,0,278.4
-0.029166652334236702,-0.0005661445645347482,0.004254715674344999,-0.0019104146041877567,0.006969885868867474,-0.021286810163137947,-0.002466720392741699,0,0.12292334062300232,0,59.0
-0.02712496846632777,0.0020685875348649295,-0.03238765543616867,-0.0015580500653682358,0.005397062148855612,0.0013886459594639358,-0.0018982161480393413,0,0.11298088666590925,0,59.0
-0.057702057334187644,-0.012130739471710032,0.032924592096640386,-0.0015945978404011197,0.008706361521077967,-0.022402317969454917,-0.001823401976060386,0,0.11307332016453335,0,30.0
-0.05403327000840223,-0.006643439036037465,-0.006233195786663621,-0.0016535721281770613,0.002846669184094102,-0.021696944483135614,-0.0016359334741562345,0,0.0780457954061517,0,39.0
0.04295140639204234,0.0005751988044004004,0.03450910415016395,-0.0020685877083390903,0.006350549157947829,-0.015266731215415958,-0.0008907442261773784,0,0.23325567649325188,0,219.95
-0.031162582334340324,-0.003869701457914756,-0.04827235576610451,-0.0018679212507049466,-0.006138538275501452,0.00018183700593015035,-0.0020205773283111547,0,0.07394564173168215,0,59.0
-0.04358497426606119,-0.008086721506093995,-0.00023177249151655802,-0.0016978876545083398,0.0031070853503367187,-0.0057779300096622264,-0.0021969433717897884,0,0.10862633718933411,0,49.0
-0.01096265470465178,0.009649846185487136,0.016359772489985814,-0.00157947853173578,0.010214553938954355,-0.0073269877764619235,-0.0014348156494686396,0,0.18201571709073877,0,77.0
-0.04733813545311179,-0.003579454234028175,-0.01394176619831149,-0.0010818589052754035,0.00016412737976591584,-0.012782015435072652,-0.001261890219470843,0,0.08727448807312504,0,34.0
-0.05002546615669978,-0.011026474914799132,-0.005790190653369539,-0.0013368672480616407,-0.003977221439563104,-0.01538664953396277,-0.0013819085039436841,0,0.0781707026882296,0,44.0
0.09960104690403249,0.010102158240417384,0.060652659141524595,-0.0018852552784167614,0.010948767208638244,0.0020190479097298153,-0.0008682383815782739,0,0.3476656668829758,0,200.0
-0.02191891217397984,-0.006727688391376337,-0.02880989657189182,-0.0018559800114029534,-0.03755456998854758,-0.0067011800977168825,-0.001595849348333741,0,0.061931404555379654,0,129.95
-0.046600093325299685,-0.004200614750091434,-0.005185593696227788,-0.0014509702802607337,-0.035004453392248364,-0.010588339226424303,-0.0013099922518652525,0,0.0627554242162113,0,26.5
0.05695884730304661,-0.0024071510468765865,-0.03898553360955679,-0.0016178359224642256,0.0038140590114579317,-0.0014561227330827748,-0.0008704568003100315,0,0.18253128734084323,0,244.95
-0.0535776609576058,-0.0010269609910949257,-0.02446643945768506,0.06908315241780265,-0.04163075772428617,-0.016935491010853173,0.12982390390302584,0,0.2283652273179319,0,41.393
-0.05849120675874468,-0.008797995551888869,-0.0032116626663746756,-0.002116711774674738,-0.0020386344398522506,0.005822283846800198,-0.002103935222256366,0,0.09615761857163813,0,40.95
-0.02977590487123508,0.008813710510471265,-0.0006396362525196418,-0.001820720063417799,0.0055689340771394305,-0.005799458091406024,-0.001825344274446893,0,0.14161706217321435,0,108.5
0.08068000725634525,0.0021589125904901384,-0.01615252903639055,-0.001840229783715259,0.006732112158325232,-0.0005451574302071868,-0.0011020128687167872,0,0.23702658402476007,0,200.0
-0.058853862570849125,-0.011141128717815689,0.00571187198517874,-0.0013926107421926833,0.004739635991769101,-0.0026411564384218574,-0.001453179704494398,0,0.10206505094180342,0,57.95
0.06164637123081735,0.016254508083568434,-0.0030032920266191863,-0.0018199976173727123,-0.04227212485650339,-0.005108037261744933,-0.0010115309377908192,0,0.19178137775298407,0,186.0
-0.04687372426577745,-0.013777359614013955,-0.029864311420236815,-0.0011538057153232277,-0.004346576962544325,0.0026070119342048383,-0.001155289496598922,0,0.072531425598339,0,30.0
0.11101646887553543,-0.016814460175626735,-0.004557757169155776,-0.0031878290856714882,0.006507311113805922,-0.008967817583633174,-0.0006811814016942863,0,0.2504102157121882,0,471.7
-0.036688580544910455,-0.033066474960657614,-0.003689889018830106,-0.0013210186801214793,0.006466746334609897,0.0053478120396091,-0.0011147386022855763,0,0.10302933770604321,0,67.95
-0.04452395332927778,-0.00697168588222738,-0.021886221546157318,-0.0017007500967739983,0.005779898160827291,-0.004916942484783897,-0.0018638345743383934,0,0.09101199138589804,0,107.95
-0.008205115763054329,0.008125793828429175,0.013963363555680827,-0.001311686092593764,0.006669320716287066,-0.008415393153035888,-0.0013593593169017094,0,0.17656240491344083,0,75.0
0.06496459831263005,-0.02420675889673092,-0.005110680179532946,-0.0019316863034329623,0.003171214882452487,-0.004653120364562978,-0.0007287409907963573,0,0.19860030759865602,0,200.0
-0.06325393777936279,-0.004482994349459856,0.0025048814066610066,-0.001668452304974302,0.006894818867039987,0.003677270380519437,-0.0018368262149941726,0,0.10893024114405855,0,58.95
-0.04328619206704534,-0.00262757617674434,-0.008945728962061174,-0.0013342299102535328,-0.035169756422731256,-0.0011775082072862828,-0.0012686609500493133,0,0.07328582844245778,0,29.0
0.014037145356485502,-0.0020275860719546628,0.022159084806528027,-0.0013094609051546877,0.098233467557694,-0.0032697855949671835,-0.0010688195423959198,0,0.2938495267448629,0,97.0
-0.05579954389850174,-0.009023955638557896,-0.030463954548259415,-0.0010600502670846412,-0.003766167876668921,3.114206868828194e-05,-0.0011160272737457694,0,0.06589692370449864,0,28.95
0.08110680634393438,-0.026523409588413826,-0.003517129695555972,-0.001644652347208831,0.004387663074359564,-0.007250343007378413,-0.0007211644199380772,0,0.2129332514984269,0,265.0
-0.012433506964137633,-0.005013395803163014,-0.04268681699775002,-0.0014845136946354917,-0.0038855843429583376,-0.00785024077208314,-0.0014927133311039185,0,0.09224870923279806,0,95.0
0.036771189176826036,-0.012565021555186047,-0.007304353960488805,-0.0018867523882158857,0.00841908847099959,-0.009272616587658362,-0.0009124070864533813,0,0.18034460720845233,0,1651.0
-0.04356640925075267,-0.01428783817173927,-0.0016672615794764234,-0.001440560731352407,0.00706787258825631,0.002407777197847999,-0.0012983616127484445,0,0.11431069957866508,0,59.0
0.050849476925661476,-0.022126034413450336,-0.05939902381596628,-0.002302523854290497,0.006675727895264086,-0.02419405537326091,-0.0012059315898051658,0,0.11539311691278156,0,575.95
-0.0438002373132104,0.008211411313843885,0.05126333841464045,-0.0012469577678342685,0.010929168746020467,-0.0018907457849324748,-0.0012602555549466859,0,0.18930120319221083,0,50.0
-0.048753587989612976,0.000272450925188829,0.007105276243044691,-0.001425517572130799,-0.044923530975528425,-0.004764744101429413,-0.0013591579782120658,0,0.07324666968994922,0,25.95
-0.019876593173255578,-0.009281429767960932,-0.01391768754918832,-0.0015688086117911521,-0.07055507316954081,-0.00740654540424689,-0.001522686998237562,1,0.042966656464407844,0,75.0
-0.020911165626969645,-0.021372290664634,9.415808451588584e-05,-0.0012428089911312526,0.005953194896976016,-0.005713461612521619,-0.0010403433755614055,0,0.12286276384930295,0,87.0
0.13044859307508777,0.012629395233630722,0.06325736116116147,-0.0015995207643256318,0.072554583197343,0.0025543854299077307,-0.0005018135013569511,0,0.4464384649700769,1,272.34
-0.04570296123235938,0.00612544580370713,0.011663499937041804,-0.001531861995229973,0.0051331243955570465,-0.00619527348091659,-0.0021847240545507856,0,0.13440273051187857,0,50.0
0.12546502684646965,-0.007452618597103794,0.012106620867434059,-0.0021490740407082197,0.004938484134890533,0.0024207209505704742,-0.0008550217304977482,0,0.3015696195696835,0,884.0
-0.021715808758622057,-0.01720674539039919,0.005410300651668274,-0.0011896012007425447,0.006455199482156266,-0.005477101771569788,-0.0009182944963626182,0,0.13245342965475743,0,113.0
-0.030076330685852075,-0.0022429612121305704,-0.0040430467407067735,-0.0016582116392105317,-0.051524734247838225,0.001799805374956091,-0.001794979261833371,0,0.0775550227260137,0,59.0
-0.028171457295250734,-0.005026625489900731,0.024440606802027455,-0.0016155260967458333,0.008591254141452615,-0.034126759799988436,-0.0014731064386949253,0,0.12971386696152828,0,100.0
-0.043127429417821946,-0.006257455366433596,-0.012676212636080729,-0.00139020987805994,-0.00474400472193815,-0.007702978398999402,-0.0018056242298242033,0,0.08939156648947158,0,39.0
-0.07039636785424146,-0.002228759394541891,-0.005821886721702251,-0.00215618993465474,0.004368169960055407,-0.02059167672108032,-0.0023241269771689735,0,0.06794464349529536,0,57.95
-0.0004632208216406653,-0.006750780520652325,0.005467005922238123,-0.001892992205418833,0.005493480216419769,9.262629402867489e-05,-0.0017142672483729767,0,0.16732733277523124,0,139.95
0.10260917162306507,0.0007950804032378904,0.033504425943395,-0.002105581633885652,0.011768496516231405,0.006068688606480343,-0.0011071790912100068,0,0.3186285835059426,0,150.0
-0.02956170273889422,0.0010557127109222999,0.007532136780523679,-0.0014422580440417207,0.005822074238898174,-0.004607288361773066,-0.001685264772880832,0,0.14420889095138328,0,59.0
0.06145873438877853,-0.02159217106499124,-0.04021326545027506,-0.0017250640383752313,-0.055616657641359764,-0.00016083606465157148,-0.0011745311769264769,0,0.10807169009082852,0,811.95
-0.028949637230543855,0.004306296182779055,0.035226297927391244,-0.0018159634568890456,0.010803172807662818,0.0024108416759908956,-0.0015712176553493165,0,0.18750527138967077,0,100.0
-0.05602042853782748,-0.002308555893281432,-0.004995635522626592,-0.002029732340591539,0.002439544309789097,-0.005072293762073633,-0.001876957631344668,0,0.09723142176067352,0,25.0
0.03338910318902299,-0.02386211627213023,-0.00572051825662794,-0.0016882094682332746,0.0035446119493224505,-0.006732634894655422,-0.00087944638317575,0,0.16514627100215193,0,159.95
-0.03730286210793016,-0.0008753245662046995,-0.02577769947364164,-0.0013042725608967273,0.008056577012247573,-0.01445493450871604,-0.001291858902786209,0,0.09414510603070088,0,67.95
-0.017312680838838017,0.010769628099820018,-0.012909072866378825,-0.0013485486350370461,-0.003000824431861757,-0.002937462935360192,-0.0014285465570127419,0,0.13892797297396076,0,117.0
-0.04014362883967923,-0.002357727308063506,-0.020676074777005973,-0.0011618081869188186,0.003489701862510313,0.007476177866516941,-0.0014282804682349062,0,0.11229384128775402,0,15.95
-0.028800062378683364,-0.01259565046937718,-5.908620950026758e-05,-0.0015843913203344667,-0.04209184304234977,-0.004341425902463038,-0.001698704352311065,0,0.07592431746360993,0,77.0
0.06737386940436013,0.005806042461310792,-0.023227279553310314,-0.0016935390570738471,0.0036247263309174406,0.008044779084258763,-0.0008110722443782547,0,0.22621300756471324,0,317.5
-0.013424561914884078,0.009179545877568376,0.010392266133309552,-0.0016560031905945385,0.008298837624281748,-0.005961578228529966,-0.0018457703165266357,0,0.17207821712325416,0,117.0
-0.04804219918073973,-0.011266323158265002,-0.005305502587843515,-0.0022678850251301916,0.006393971362500465,0.009674765667687867,-0.0023519553636838614,1,0.11393035285315627,0,54.5
-0.027440923586989897,-0.013963729709770247,-0.004398678569677036,-0.001690448374718811,-0.03351113340828109,-0.00562610548980104,-0.0016824973965905241,0,0.0787819646028002,0,100.0
-0.029919903402241217,-0.004941197671957329,-0.0018324921779544398,-0.0014985195970408538,0.009204002591159142,0.013937664137068501,-0.0014862752935513191,0,0.15055875972411192,0,59.0
-0.06296751701070247,-0.012781125422371205,0.0058674165726460585,-0.0015191034543770687,0.005317017456489902,-0.008501229441592999,-0.0016166643953299475,0,0.09089427544339157,0,57.95
0.05059326218815469,-0.007192936363703932,-0.015698106161561656,-0.002091955633392385,-0.05694040761262061,-0.0064160927250986365,-0.0012851044343390931,0,0.12806414039606787,0,179.95
-0.04777580508405008,0.008154016259829913,0.005218836549006093,-0.0013725307993698566,0.010796208221554842,0.012898788043055002,-0.001522054316071815,0,0.1534929400125834,0,30.95
-0.044160159697643746,-0.019598789579933277,-0.008333785014587449,-0.001247328527626729,-0.03754402948636914,-0.010779858129985791,-0.0011387477231368402,0,0.04429278297934534,0,107.95
-0.032928892196358514,-0.00952545600758712,0.021638650968128444,-0.0014815452060132814,0.007080624338356083,-0.008097779191263263,-0.0012443825720784975,0,0.1425367012718135,0,125.0
-0.043801421462256795,0.0018278254943876187,-0.004546790804641581,-0.0019718343392472,0.005829461959336806,-0.008241639523792903,-0.00219906666392025,0,0.11399201579849531,0,49.0
-0.04772276170309511,-0.0011457873853314524,0.0001663205039603328,-0.0014039789410390576,0.006451373155191901,-0.006899004631132586,-0.0017163664972114283,0,0.11482527563997229,0,39.0
0.0707054248998785,-0.003943480221255896,-0.0068251199411135935,-0.0028834376622537635,-0.04222924918836478,0.003192853820858173,-0.001069244085647987,0,0.1840432287607296,0,226.0
-0.019835436364967558,-0.020317105904339675,-0.005775049081845325,-0.0015495650895272174,-0.04113853788751472,-0.001967629470097853,-0.0014606321537817578,0,0.07505152518655528,0,100.0
-0.049714857489138245,-0.004266434543515926,-0.0032392715386051103,-0.001262320191816641,0.0015843941078761174,-0.02077124231904036,-0.0013761601731675948,0,0.08804958899122145,0,47.0
0.10184925385175826,-0.007969120829425615,-0.036749693487466345,-0.0018639484170855714,-0.04274797999417555,-0.006241565284426225,-0.0013330951361316067,0,0.17203933184167575,0,484.95
-0.01460446392667049,-0.007807277003175114,-0.0046013576415805035,-0.0013428040765903805,-0.042689452933714796,-0.00015777921380174905,-0.0012465768330120837,0,0.09464576951008441,0,100.0
-0.03606243726482995,-0.008355074970298736,-0.012257734085255824,-0.001722797081074841,-0.015159059798067006,-0.007055321192467411,-0.0015410284237093422,0,0.08494202832292612,0,100.0
0.07647495301520355,0.001500202400441895,0.03883722682283491,-0.0023432711395400103,0.0064642179005689575,-0.010601549577750608,-0.001089768452720019,0,0.2763374921076678,0,200.0
-0.04253850221321642,0.0029003211893030172,-0.013381547788707211,-0.0013069531352227599,-0.010011603286905355,-0.012047283432043913,-0.0012622715374900001,0,0.0894476409343467,0,108.5
-0.059336413109509975,0.010860276461765178,-0.007772081108951133,-0.0015402164555155186,0.0025584759153881235,-0.0002682568999547707,-0.001843666233499598,0,0.10975359970835197,0,59.0
0.05079219993868405,-0.014486521614368603,-0.005417452486609348,-0.0016852089678548365,-0.005749648184709803,-0.003907330731305106,-0.0008105246523937064,0,0.1858309944400719,0,171.0
-0.04430384646863353,-0.005445820430137396,-0.02253833401420566,-0.0013414669384470405,-0.034903384938645116,-0.008528074700449388,-0.0013085947156563063,0,0.04872595893245401,0,39.0
0.04085062610376511,-0.019406347218608972,0.0038952019213225053,-0.001730422994850209,0.005232733272912484,-0.01233638061681013,-0.0006897675819865742,0,0.18291112402437332,0,218.0
-0.050540352826668807,0.004443112927902039,0.009808425008876576,-0.001185562798905824,0.005263800714089911,-0.011752945341888602,-0.001377845814941031,0,0.12175411300709393,0,20.0
-0.052604672705432697,-0.004894835842156489,0.030068574518318732,-0.0017098500884130284,0.008652884698048657,-0.005160699419615493,-0.0020211306297768694,0,0.13942575166960244,0,50.0
0.09980064601026623,0.0043737603634157384,-0.024474163093160795,-0.0018732597231012266,0.00767416285769814,0.0003452053477186928,-0.0009626184783506392,0,0.2519792144231148,0,311.95
-0.05197191167572119,0.021780812551628597,0.002404851785226499,-0.0013876398200928718,0.00959179669235129,0.0011917623624989316,-0.0013781493608169613,0,0.1473270036737037,0,107.95
-0.0433173749902222,-0.0008672003347637873,0.002486235194652215,-0.0012829304791464758,-0.0411262016751079,-0.004756245247317655,-0.001229078815672808,0,0.07700268479105019,0,44.0
-0.05360804435640924,-0.004938148713108343,-0.003117343030623083,-0.0014941053272323564,-0.03909647941768047,0.0003594674060112586,-0.0014620464071085717,0,0.06373878129247827,0,34.0
-0.03552890331966689,-0.004363562696745374,-0.02487356293988043,-0.0017323574937272291,0.0019452038054861075,-0.009751708482773156,-0.002529523937734743,0,0.09026106607358761,0,50.0
-0.04803474148777611,-0.0030985356275418444,0.008800648186643356,-0.0012713232670764464,0.008457409304879393,0.010922598771309031,-0.0012135825668994407,0,0.14165795445216717,0,35.95
-0.03689488012763397,-0.0016128551281374094,-0.017382136688186674,-0.001584906797621532,0.007019914167491352,0.0010730862499807759,-0.0015403058327038896,0,0.11617339698181796,0,107.95
0.12187142422310736,-0.009463240830495403,-0.008173894182691046,-0.0015667935256787162,-0.042624473992657154,-0.0028070486760518373,-0.0009068466714946021,0,0.22342460748266743,0,482.47
-0.04914410626750063,-0.0011294106168063887,-0.004421457512611894,-0.0015964162182737335,-0.051923704006121,-0.0002819463110719883,-0.0014706984674071808,0,0.057127741738836245,0,34.5
-0.03665439859909004,-0.012526552562789638,-0.008072537507898077,-0.00174538296700241,0.009897797289664934,0.0019031190470652755,-0.0014602011988853166,0,0.11843732463969445,0,129.95
-0.04296416621234478,-0.0017770121254689997,0.0005786035345873304,-0.0015373894477103938,-0.03423738410193701,-0.00910377065955325,-0.0016851582508612393,0,0.07636920387534026,0,54.5
-0.027198940584592428,-0.010741679424378604,-0.0015344767212311192,-0.0017396868804698726,-0.036395799101141546,-0.005363125125514027,-0.001527261643554048,0,0.0825945116577468,0,117.0
-0.03227627350674431,-0.034543447082715735,-0.0017236957060224039,-0.0014730713653507159,0.004332702527415368,0.0013149643124882198,-0.0014008268790938366,0,0.10132583343860499,0,59.0
0.15093063861862555,-0.0038137300177332532,0.0011985752244280641,-0.002156653782624635,0.002601756537583774,-0.02536188347131909,-0.0005354097080669148,0,0.28995877453952296,0,300.0
0.029184272524866224,-0.03903637849946138,-0.05973424760524957,-0.0026797541035990906,0.02572218754202261,-0.009562517195268355,-0.0014843083922899682,0,0.10950473540964949,0,226.0
-0.026309656700404825,0.011139066399428075,0.022469555268453588,-0.001450816537333062,0.008503250625971421,0.022072527827675065,-0.0017831577277447493,0,0.20173625029467387,0,49.0
-0.041976155783443096,0.0013522307830465487,-0.02212269291789208,-0.0015557292471480352,0.00876896810417841,0.004814414986458812,-0.0020240122035724167,0,0.11435250486025743,0,53.97
-0.013741141451720616,-0.00016049974065448786,-7.23752845904227e-05,-0.0020965611436620417,-0.0019961103359470963,0.004026235212828295,-0.0019339677101948083,0,0.15112106068468834,0,77.0
-0.04755416796226673,-0.006740740688857074,-0.016503101293642713,-0.0014909947299088044,0.004522685722519772,-0.002911684669178557,-0.00194957779388035,0,0.09446789972341456,0,47.95
-0.05982782049111511,0.001466143456218304,-0.0013067639944261895,-0.0018210343997043562,0.0036271455092418883,-0.026710808952996577,-0.0024583895041567242,0,0.08006395276169043,0,34.0
-0.054170794755282,-0.0036227956600146374,-0.002759078350547849,-0.0015273288870521558,-0.03290170585944264,-0.009577227537651748,-0.0014969798889826807,0,0.06103957019965545,0,25.0
0.10273953458338522,-0.014492134562600314,-0.03738849534417859,-0.0016919621288927053,0.0032598831524786867,-0.0005500097353959303,-0.0007428286243565003,0,0.21822946847906785,0,527.0
0.06680395005594245,0.0028603527126098652,-0.002446191294022104,-0.0017872369242417092,-0.00010878671177544358,-0.004787638311850544,-0.0013377322121026697,0,0.2262921984531894,0,171.0
0.1115446832440673,0.027250726030164592,0.032018514165739476,-0.0018715805235102318,0.10753674485475516,-0.03897477379909795,-0.0008935426601918225,0,0.40370625245055275,1,335.0
-0.04788294045162161,-0.0002758740816749206,-0.015147904586640311,-0.0017770090786495246,-0.002197538740288157,-0.011643553384250781,-0.002168505258846734,0,0.0860021555566577,0,67.95
-0.044843776063976666,-0.014266171717814661,-0.005255500763766895,-0.0018923335251808536,-0.027852269009876907,-0.005249907307953068,-0.001980933786062702,0,0.06575458896399763,0,49.0
-0.07970720694064908,-0.013158827035641146,-0.004259077739737622,-0.0015892790157501432,0.04463350326006071,-0.013961333069902056,-0.001198698823020843,0,0.09785456177398806,0,30.0
-0.015446319625080097,-0.00904202084033588,-0.09361810646414712,0.04230036101300203,-0.01607021630063136,-0.055319036002751794,0.08999985288770813,0,0.10989999580639286,0,97.138
0.07917920531005201,-0.019347722534450773,-0.005742572192764413,-0.0015622532399698597,-0.05276680181041436,0.0013998270413036174,-0.0008369071357180902,0,0.1674182565766671,0,141.0
-0.04072160186291671,-0.007291238702630989,0.002051259699624158,-0.001441347034650009,0.0023538156239098842,-0.01448286317239862,-0.0014248440580949106,0,0.1061386616314723,0,49.0
0.04210857544218142,-0.011403405604831603,-0.02702066409432409,-0.0017201822608632717,-0.0035914651542684486,0.004114673985595449,-0.0008123119981336718,0,0.16877070145398473,0,171.0
-0.017595055838840766,-0.00544986961745768,0.003236722320640097,-0.0017452354006347853,0.007200023975248939,0.0035775587871390577,-0.0014933567469870902,0,0.15482626861773702,0,100.0
0.10827051224685227,0.005169538183584411,-0.0010388638601844715,-0.001647691681029266,-0.03667678784794068,0.001679332855922499,-0.0009755325739691133,0,0.24187598846186392,0,842.0
-0.06911842740492473,-0.0097360580384967,-0.006465984094133051,-0.001717300497680636,0.0024383104686070485,-0.022330529263646526,-0.0018320228789985428,0,0.058333469429356105,0,57.95
-0.03684017234494324,0.0003755439893074237,-0.03558867570592018,-0.0017688829753146702,0.006338747984068617,0.0023474687010942466,-0.0020727252524250007,0,0.09988678553449615,0,67.95
-0.056552385178157416,-0.007881515862660001,-5.009102284168241e-05,-0.0019175672312279465,0.006154491033064269,0.005120464535330827,-0.0019629461635387534,0,0.11000593124859932,0,39.0
0.070908742826634,-0.004634536425952676,-0.000987002056166758,-0.0020679152696935765,0.0008971802104852078,-0.018736928950564828,-0.001016765242891612,0,0.21145825623047915,0,171.0
-0.009130594063179807,-0.0006582185235746824,-0.0007487085720982109,-0.0015593471884101564,0.00978795392268678,0.008051365762692343,-0.0015856134376468316,0,0.17125231903909888,0,77.0
0.0356667323040339,-0.03354205138619971,-0.07292969833830086,-0.0022494299177760802,-0.00014446339172198916,-0.01989581333377098,-0.0014432562645374412,0,0.07255750081035575,0,664.0
-0.04719751590150583,-0.0028455336501229706,-0.0004829678401357689,-0.0014871429388322289,-0.0016649781704795928,-0.006223564809695818,-0.0014392513743893326,0,0.10575452645346797,0,108.95
-0.07182856926854693,0.002708686990937839,0.014207017733642642,-0.0020329729503029406,0.009767470574117261,0.00943135468117681,-0.002054024741676425,0,0.12729444415797725,0,57.95
-0.019329036199236028,-0.0013847207927842353,0.0004275519478629679,-0.0012714284225311316,-0.0017317477387969972,-0.0006219778942367746,-0.0009674632670077469,1,0.14221665877189937,0,117.0
-0.07319224367469786,-0.0031019977818089414,0.0013805800870809793,-0.0016667457417985545,-0.0066322658755910945,-0.008720417630286413,-0.002061004979732754,0,0.07310138554179375,0,57.95
0.19963719398132546,0.07392311293197876,0.047197989896405355,-0.001655377672569972,0.15271786485506295,-0.00378434689944506,-0.0005773900016285693,1,0.6345545282297582,1,450.0
-0.04178505739438958,0.011899708416542781,0.018128600562743215,-0.0011414836677338903,0.008535706298760186,0.02203719821035263,-0.0013907309063510911,0,0.1833794226585535,0,24.5
-0.020806857777085793,-0.02132750778683242,-0.02046164384443609,-0.001232249309547888,0.0006269819175607905,-0.002043058548516173,-0.0008827552833608436,0,0.10096839050641059,0,117.0
-0.01446982872769665,0.00657668399680217,-0.0001272439556455861,-0.0015915381017106705,-0.03907250205023601,-0.00698467479407238,-0.001394854995275662,0,0.11003152251079466,0,135.95
-0.05382611590819136,-0.004658543694543175,0.0003192538055124695,-0.0017870877926448392,0.0043967459755948094,-0.02624698309133069,-0.0018922282314766427,0,0.08340052220154977,0,47.95
0.0803485196936026,-0.01564019366483301,-0.012952377494687393,-0.0017800861953932584,-0.03145415444120643,-0.006289555023204296,-0.0009561896189676827,0,0.17837144439393968,0,335.0
-0.05180651386579744,-0.01165770367456461,-0.030195105128143423,-0.0013770929219635466,0.000858591882325766,0.002282166166986899,-0.001533325656612578,0,0.07366649794086028,0,34.0
-0.05734105907222192,-0.021991630885545344,-0.003009041504062584,-0.0015604535420311494,-0.0368720613326568,-0.002274419528639517,-0.0016001547898361636,0,0.04244666048363479,0,57.95
-0.0509083315033411,-0.008920757615801295,-0.038488444084646446,-0.0012337793697355707,-0.003590943298716141,0.003392279045982606,-0.0014211469173949357,0,0.06592435739497665,0,51.0
-0.03664227318268825,0.0005899706628693897,-0.019396635495844576,-0.0015799988202830166,0.010497611405091789,0.003190355023308931,-0.0015891059132644729,0,0.12216540481781904,0,107.95
0.07089029458119869,-0.009051759089469728,0.0293639221121958,-0.0018415614337925128,0.009984180164074923,-0.02878928069535704,-0.0008871608702387671,0,0.23676411590724047,0,141.0
0.01002942595440812,-0.016119812819840564,-0.002532361944012397,-0.001489473130196585,0.08545632528797935,-0.03795151639102053,-0.0018212359353416512,0,0.20266683216060385,0,97.0
-0.03584072483987191,-0.00854644281744404,0.00666068927693136,-0.0013701105755687545,0.004540876588003934,-0.01456806426431667,-0.0015486190549644245,0,0.11642308545139829,0,49.0
-0.03170002407034504,0.016665657824410568,-0.010325534930108788,-0.0011187522530644938,-0.0030839947774899687,-0.002309527476593073,-0.001343841540417942,0,0.13387946391502048,0,50.0
-0.05289241643436301,0.006274946498509148,-0.008126134573025549,-0.0012667439939203931,0.004463179395208212,0.009477094356653202,-0.0015537970475286466,0,0.12347160934016248,0,40.0
-0.017164513036243327,-0.0070547049018383256,0.002948485183678163,-0.0017635971736954504,-0.04077833645679799,-0.004249606318579569,-0.0016090344996314715,0,0.09742417393552075,0,92.0
0.06599999015737575,0.006752705775673687,-0.002034747286403772,-0.001771444928009161,-0.03795886004028399,-0.0014332448186842777,-0.001279041833660491,0,0.19537083816463652,0,161.0
-0.03308291943041921,-0.00980464705258488,-0.010650192137646118,-0.0019119540133113815,-0.024676699482073253,-0.0015109833992363107,-0.002019000203968867,0,0.08343908541938903,0,50.0
-0.009323145668004231,0.0017287157066897567,-0.019952873402721737,-0.001393513513971543,0.006456709991647921,0.0011919864571236362,-0.0015717515532038427,0,0.14423160915618916,0,92.0
-0.04535747320504699,-0.03162402578667277,-0.006861151719246109,-0.0012990615536902245,0.006786505202617821,0.0037317735479081783,-0.0009864252427802085,0,0.09148562238171927,0,108.95
-0.05320996958278537,-0.025023818133013558,-0.002393408611471891,-0.0014174683254669343,0.004952138133921355,-0.0026840892423443618,-0.0012549546205574864,0,0.08606391075691124,0,26.95
-0.022893297915312468,-0.02151456299623369,0.002603023132236825,-0.0014542020765036248,-0.006603057263125412,-0.013391477477353636,-0.0014310666128774965,0,0.10241083992945937,0,82.95
0.08365711557950739,-0.006846360650745389,-0.04983876208391316,-0.0017871219676227565,0.005893307048082916,-0.014695820984167933,-0.0011526164522179816,0,0.18232522162755108,0,150.0
0.12190421506796763,-0.002505756988708893,-0.003253503410465223,-0.0017130297567232759,0.007957362516291724,-0.001757015129720134,-0.0014279511183580957,0,0.28629980231891283,0,150.0
0.11240893191858396,-0.005119335343265263,-0.024255996682185876,-0.0016528472655461134,0.004024282242501886,-0.006628458328388903,-0.001126614788492322,0,0.24474544289183586,0,445.0
-0.04296325955629518,-0.007781770545172189,0.0014620506369492697,-0.0014147875192855237,-7.069861835388773e-05,-0.002468724595377183,-0.00166632899690899,0,0.11219196194418563,0,49.0
-0.015581727726808051,0.009311032012132599,0.010908024543054597,-0.0016294162925246608,0.008961426577723315,-0.00643522645471054,-0.0018511388205572428,0,0.17077845497693966,0,113.95
-0.044677991733514326,0.0018871108236909186,0.00309543296488559,-0.0014598255049302186,0.0076023048777771095,0.008930075045350696,-0.0015678373973060653,0,0.1409047502145836,0,22.0
0.04128844417353222,-0.01383478341390744,0.0023282135411716066,-0.0016917583746111423,0.09357596556058267,-0.002660069398460301,-0.0008276013559003142,0,0.2852738918710351,0,210.95
-0.05147851893556599,0.008515275395874374,0.0058316968414836206,-0.0011218461433511902,0.006454270027066594,-0.0031566373523385116,-0.0013545366027291814,0,0.13078518436906922,0,36.5
-0.0387904249147891,-0.008412381652726317,-0.01925334103864378,-0.0014629713579467016,-0.031321738831033834,0.006111526244801043,-0.0014409441420378643,0,0.0725252054462523,0,107.95
0.10856695592230536,-0.010335999208071702,-0.0012154656861121734,-0.001981796102569484,0.003649217066502093,-0.004600060660012973,-0.0008576635511818255,0,0.26032066891948735,0,295.0
0.1418151142095155,-0.0032191876584234166,-0.04468229169029856,-0.0013871689855423563,-0.003907254983549256,0.0018482274832247513,-0.0010156657340978552,0,0.25654725377945664,0,300.0
0.047351127693117986,-0.0037413065996791547,-0.02579407074744857,-0.001763301288617901,-0.03328844900052481,-0.007466166062552834,-0.001386133142729969,0,0.14100718199019427,0,226.0
-0.03645177046584768,0.0008022473226247158,-0.01618480681023631,-0.0011580237856865458,0.007860471856913813,0.003622526937824482,-0.0014406223849562421,0,0.12414550380926535,0,50.0
-0.05120849422003599,-0.004379691932224281,2.610970216944389e-06,-0.0015027383127434036,-0.034612047528673806,-0.014431571940309232,-0.0015090761745338462,0,0.05945447200032488,0,29.5
0.0856618656695054,0.0034737180988271043,0.004415687064111066,-0.0018149081550421925,0.0062230373063632514,-0.0015170459996172545,-0.0011240425874743125,0,0.26241379253530217,0,700.0
0.15750385741498268,-0.001599409557781004,0.005319005278487111,-0.0019361181143452662,0.006437344885176825,0.013725424919213206,-0.0008848701339717309,0,0.3456607158303901,0,300.0
-0.03417179076346063,-0.004371649050693447,-0.0021319445509936884,-0.0017247880480235557,-0.03461392269768458,-0.015027001555778999,-0.0020005800240250507,0,0.07305380444796802,0,49.0
-0.016721927973618395,-0.005349128161837129,-0.005592542399124763,-0.0019303894175550628,0.00602047983380406,-0.010628184602035653,-0.0019175379650196152,0,0.13097625045324288,0,117.0
0.10309861486168263,-0.005046407008669066,0.0041390532457786025,-0.0016147350196826593,0.0005382488125193524,0.0009146298325221325,-0.0010599816576743234,0,0.2680649042051051,0,578.95
-0.022676824875868515,-0.005860934930752767,0.00040380811640584543,-0.0015446706795726208,-0.03527264592602384,0.0023668021463157957,-0.0013811048355938966,0,0.10312991015353885,0,117.0
0.08574039474919666,-0.01935841326632811,0.03597444797431609,-0.002016078392588149,0.015572917570006001,-0.04577063140936451,-0.0008334118004231335,0,0.23640470656344326,0,504.95
0.042392552415967524,0.0005549134580329623,0.004522314059212113,-0.0028242527104963234,0.00482956316092572,0.0061928088586806086,-0.001099440708580919,0,0.2216639396723717,0,207.95
0.10428074571155402,0.005689303228412095,0.012695313239954284,-0.001660177251391091,0.0016059063033472994,-0.009810427371976871,-0.0010201409681598519,0,0.27887600403036816,0,822.47
-0.03598388923382112,-0.002205966514539131,-0.02802528317069808,-0.001542953389255253,0.003903483208359793,-0.002589858175291954,-0.001498648643395744,0,0.09915236521998731,0,107.95
-0.06688640213866277,0.005381235217409039,0.008029664702117478,-0.0019477852010327448,0.006056553417889085,-0.008005881950789367,-0.0026605529066922222,0,0.10706231227886766,0,57.95
-0.05291231872260216,-0.0032210503809508503,0.03211602985255905,-0.0017332395351200144,0.008257700044088006,-0.004365076351658145,-0.0019917076177235933,1,0.14324581842722195,0,50.0
-0.05583053650041332,0.0011441134081778992,0.012724715838185522,-0.0016590470260340984,-0.012969865749995469,0.005178692267556811,-0.0013935055071981491,0,0.11429004786890888,0,30.95
-0.04425808040122295,-0.008224519124358265,0.0011795872447188298,-0.0016025090418616513,0.007796072246531031,0.0025867990492337107,-0.001352387217768684,0,0.12322044389390159,0,108.5
0.011379588826159909,-0.00047509087740108826,0.008440007621472513,-0.002608184090530495,0.008477301643658218,-0.006738258008341069,-0.001135845375576939,0,0.18443500087807047,0,2011.95
-0.039008993626907455,-0.0035879223923725484,-0.0016616164113377441,-0.0016598064786136116,-0.0026024612420783113,4.6255923606773395e-05,-0.0014777225070368618,0,0.1171432144038893,0,103.97
-0.04898861766769192,-0.010644844912203638,-0.006119482330539919,-0.0018577487239315074,-0.035998346797693294,-0.008034933344471785,-0.0016561168159548029,0,0.05379539054614223,0,38.97
-0.05022233949769025,0.0013939401414622265,0.002602455589201917,-0.001311033870631829,0.009214052089667288,0.012629376758150847,-0.00120879278663639,0,0.14019313956215318,0,29.0
-0.03602959686797412,-0.005705625396897155,-0.0034075669113518493,-0.0020876379164119457,-0.026598442033915093,-0.0034977506205733063,-0.002145987496286861,0,0.08762287389521843,0,49.0
-0.04507868635259678,-0.005792837011156897,-0.007241397467522324,-0.0016628222840617253,0.005753043541497952,-0.004193368044251101,-0.001722128677197644,0,0.10715728484334122,0,54.0
-0.02989184382794248,-0.004149442759613001,-0.00367364157818692,-0.0014756703589365863,0.004987937630211506,0.0010434563794862628,-0.001527973414954633,0,0.13240830320869354,0,103.5
-0.01213903340065323,-0.00923042768664663,0.0042674955167710995,-0.0016472315385378264,0.0039861735170247875,-0.02144724607045419,-0.0017242398651017882,0,0.12916097161103146,0,92.0
-0.05538284798088672,0.0008462454608377225,-0.005391681267840451,-0.0016797230208175139,0.010232252140096968,-0.0032927207102646148,-0.0012254919346686162,0,0.11120151382508657,0,107.95
-0.022153918422335543,-0.004878161196255129,-0.004092377872475499,-0.0020714613297279864,-0.04104378866242908,-0.0041280024123808825,-0.0016021567387330038,0,0.08712561450429199,0,92.0
-0.034542235972621495,-0.0064914563484847745,-0.015377392537454675,-0.0015206112225116788,0.0036324102236924213,-0.01256223018895456,-0.0018180125757382656,0,0.09841595251655604,0,59.0
0.06574642706285778,-0.021023733239988414,8.484772657689545e-05,-0.0021661989069375743,-0.03918863563112677,-0.004874045245285111,-0.0009789091923020398,0,0.1646952337124241,0,170.99
0.05328813740274232,-0.020346733236132678,0.003036535251154984,-0.001699572700807095,0.006012075628011767,-0.011476713882317396,-0.0007504392960879169,0,0.1951587703051931,0,226.0
-0.03898291945386651,-0.017305422155581483,-0.012594712959863547,-0.0014502922385126642,-0.0021596550285541733,-0.018560315254235904,-0.0017373234875740567,0,0.07430484056044052,0,50.0
0.04665150156457719,-0.036038056998861874,-0.018935598947498213,-0.0051050673443327225,0.03061684540101466,0.004097110456720368,-0.0012848800323019092,0,0.1870973352379469,0,209.95
-0.046884889966126955,0.00015589500562188745,-0.0009044275795287738,-0.0015507561137163544,-0.003452314593696351,0.0021131363747897776,-0.001446895907802494,0,0.11512522835817053,0,108.95
0.03329084116104056,-0.025327263141340962,-0.00940464357907168,-0.0016912426699220333,0.004605916939386066,0.002732762997940247,-0.0009620636999808826,0,0.1703397891466804,0,159.95
-0.04906521253966807,-0.010570113819399655,0.008275725794052707,-0.0016932532626279613,-0.03779312073194406,-0.0023065050624627697,-0.0012536367466116343,0,0.07268936476996765,0,107.95
-0.019812825108838215,-0.0051494962297237695,-0.005412327151283216,-0.0015748334967268305,-0.04787353447444324,-0.0147628732853872,-0.001706954095413852,0,0.0708026372968123,0,77.0
-0.02264592922905667,-0.00985641183356477,-0.004328378461077013,-0.0014242952689826002,0.009783470416560906,0.008438650806248064,-0.0014077514059276438,0,0.14565483616282932,0,109.99
-0.015766581873363626,-0.013441524586702286,-0.0002902635806928196,-0.001498646295420837,-0.03463761925458137,-0.0067442218755138054,-0.0013138126834272223,0,0.09340281098892714,0,75.0
-0.04163672108309273,-0.0002873300850782047,-0.021073338368394104,-0.0014165676737418443,0.006496937401637736,0.003950112743603243,-0.0016625098839990727,0,0.11146606418956431,0,39.0
0.0978246144685968,-0.020168798403433982,0.0016947909405492505,-0.0013294450058226883,0.0082625600295331,-0.012023275681480717,-0.0006239025682313137,0,0.24073202491833753,0,894.95
-0.04216939104381207,-0.006081088834909726,0.0082690016260985,-0.0012174267388973886,0.008599430681535547,0.011822919211572578,-0.0012046097520675594,0,0.14511431628814886,0,40.0
0.09105942411097788,0.003793292524817471,0.0059411352431436755,-0.0018265830723328397,0.006996621721910538,-0.0032464539160492,-0.0012790345690294155,0,0.2685338831820669,0,312.95
0.052274623831336915,-0.021663983549772458,-0.006885522880029001,-0.0018265425417203418,0.004737142369327137,-0.011136600322424342,-0.0009402657256643947,0,0.18165433231968287,0,226.0
0.013372112465353496,0.0007365141469635155,0.029355904895682915,-0.0026151284700510666,0.007952386049867002,0.023644419793761643,-0.0009760963197420274,0,0.23856559370046482,0,1319.0
-0.0414005916765575,-0.01517152410326521,-0.0034771366176802885,-0.0013936573158291952,-0.03390368481088858,-0.006177892614794976,-0.001126551120192049,0,0.06444444287942146,0,50.0
0.1036103103547337,-0.01183002006863254,-0.005818734563001798,-0.0019739081723588623,0.00332723171500638,-0.01323439751086329,-0.0010233953280279263,0,0.2401525675654848,0,554.0
-0.029508069162742404,-0.0032501700408077714,0.0006721716908274082,-0.00175520327872751,0.007191201948670891,-0.006627908962075959,-0.0022427031090086736,0,0.13157480022476498,0,60.0
-0.05886651669450785,0.010103924367269465,-0.0008845650558630164,-0.0016786834094797535,-0.026383126654112722,-0.005258213477518565,-0.001765859640889805,0,0.08236244057352676,0,57.95
0.06145062254125121,-0.018496278982532085,-0.0031110651025364135,-0.0018356311635911796,-0.013371320291926926,-0.007717185720701706,-0.0005530311330812345,0,0.18346159128551118,0,171.0
-0.031135918669386992,-0.007493978091707689,-0.0243445270444522,-0.0016975991142881073,-0.02756123995022503,-0.009746387406418986,-0.0017418400263737041,0,0.06337399083577572,0,49.0
-0.041080358910296245,-0.013456948908265109,-0.01186853192433938,-0.0011108826029754015,-0.006441257959427428,-0.013105507663972468,-0.0011231783147178374,0,0.07890881485463556,0,42.63
-0.05434667968580681,0.013668112736064967,0.05860686983562613,-0.0013353870603538785,0.011822757498578312,-0.024931572292710983,-0.00156276451187131,0,0.16901681765815557,0,25.0
-0.00874861648290498,0.0049362956973486175,0.010523140640051115,-0.0017434694073154863,0.005823585093152809,-0.014158246748695764,-0.002146499592627551,0,0.16158167033763815,0,92.0
-0.034014371095173974,-0.01614144772383356,-0.010888545267630717,-0.0011908918085413896,0.0007953077198371126,-0.0003774123497867868,-0.0011501095851194816,1,0.10412801102838053,0,49.95
-0.013175818759660039,-0.0034126154060456653,-0.0200486815766439,-0.001398169646259646,-0.0010024357347622477,-0.009590375425895789,-0.0014591844441474992,0,0.11700820014521478,0,100.0
0.1238029413282844,-0.010272313244949075,-0.03366549020356697,-0.002080499487952425,-0.005368159865690391,-0.02845439148329872,-0.0010373145120167353,0,0.21002025366943758,0,300.0
0.11335929484367599,0.00017578512243824807,-0.011512858482442606,-0.0015929810233593013,-0.01315119714035821,-0.040407873562014404,-0.0011605964500451325,0,0.21280505444652356,0,150.0
-0.03022012580884532,0.004208984299747276,0.011062256419754403,-0.001635016456948969,0.003965390860067212,-0.019547496116808467,-0.0018263897926301806,0,0.1331030845429645,0,59.0
0.04652575629334095,-0.01160311569910937,-0.004940847318412682,-0.0017955293841363457,-0.03494214006872192,-0.004102885021057536,-0.001006727089926824,0,0.1552299928506054,0,160.5
-0.040535390697452926,0.0018963649634654196,-0.01964742552399563,-0.001223544965527444,0.002894479903946861,0.005824730089066502,-0.0013783318743971853,0,0.11492636303373523,0,29.0
-0.03029751365275344,0.000725827581776275,-0.033999535598497804,-0.0017909954955768758,0.007113978185796316,0.0016295431167640973,-0.002287147100832773,0,0.10818963817530451,0,59.0
-0.023365232129302794,-0.03078074098242704,-0.0032980507830067383,-0.0014450774933740366,0.0037344453140216835,-0.009683803506543876,-0.0013042383548750823,0,0.10095278320312064,0,97.95
-0.012410009726320113,-0.00578726381274384,0.03374464015361196,-0.0013839286273499615,0.011547371953043903,0.024583035939157213,-0.0011090677973961945,0,0.21628025922063251,0,77.0
-0.012656284125271304,-0.005704697357542078,-0.02429703144593598,-0.0014020043572209582,0.004684504361936131,-0.001938020666283573,-0.0014724766602038988,0,0.12430947088810744,0,77.95
-0.05727133697572904,-0.011818251191519157,-0.0026957903243792626,-0.0018200575357448085,0.005380677648809453,0.006256588534604689,-0.002051107276963712,0,0.10307620401770817,0,43.95
-0.04110321944146083,-0.022555570451781207,-0.01832313297097959,-0.0011914959158989726,0.0037160128663652927,0.0029481494107038977,-0.0009794787058330548,0,0.08960674592974466,0,108.95
0.11396170167280913,-0.012121841064674376,-0.00020578748809421245,-0.0017120326041979708,0.0004910526379404221,-0.005028113594490975,-0.0007030133943526673,0,0.2617774473035668,0,514.95
-0.04519253134269146,-0.00561265579068961,-0.0208918137751226,-0.001556335186465844,-0.028004095878380066,-0.011963881970075666,-0.001619389275844203,0,0.05225477791935929,0,31.0
-0.036703532408018366,-0.00942921886340563,-0.019758912922877802,-0.0013777250692240614,-0.02839713636566808,0.0003713867158195161,-0.001611833354022891,0,0.07018850887123151,0,52.95
-0.06255308773289031,-0.03823771961461761,-0.030328947737515988,-0.0016751734648780996,0.032369674053635576,-0.005225168560970845,-0.0013072898912580306,0,0.060137768190133896,0,107.95
0.09341334587860038,0.0013018917629799057,0.0012267115304449717,-0.001859658379281938,0.006132381667055969,-0.0012677837033411373,-0.0010867364721133658,1,0.26495563342297396,0,356.0
-0.023059425729080468,-0.003907248042435424,-0.004874391880020079,-0.002093864286632478,0.006921503219095697,0.00834115395310813,-0.0014934958420187467,0,0.14692971253064593,0,98.95
-0.0372993268987585,0.0030797895894578375,-0.020462358513953966,-0.0011088828372002532,0.0029880644088630145,0.007173954060545773,-0.0012586404115565242,0,0.12020808053602666,0,15.95
0.08692043044916799,0.007609769931971827,-0.009988680592906064,-0.0018243767161298169,-0.0374204220145409,-0.003577856942651621,-0.0009614803599935531,0,0.2078528648935457,0,261.95
0.04265416728433039,-0.01074328319105364,-0.0054602726290752315,-0.001808880138999881,-0.035178486614406895,-0.0038389082743053187,-0.001008156680798826,0,0.15171166089431978,0,159.95
0.09081057844919287,0.0005080207914315641,0.005853617143059913,-0.0018359406333324495,-0.0022692474066308794,0.003108288713245746,-0.0009345775282020086,0,0.26233622066739287,0,524.95
-0.03527470458391796,-0.02306650356700435,-0.004320719807982876,-0.0013162620999625327,-0.042735563930450485,-0.005763448661273567,-0.001272450404217115,0,0.053345828083819734,0,59.0
-0.015460160777037796,0.0003070918621829956,-0.024196946085846688,-0.001532825563723184,0.0009441371370230159,-0.014876587629536983,-0.001833918896223443,0,0.11044627118546725,0,117.0
-0.019145358378871404,-0.005025083411705459,-0.017965238394874638,-0.0012970024949231353,0.0003703930234110518,0.0010862527407441817,-0.0011266751760830212,0,0.12399276904632658,0,117.0
-0.06467470149975456,0.0008752855173999481,-8.6511955312297e-06,-0.0014482025767426612,-0.004555426859437405,-0.0005730610275641396,-0.0012999504304411617,0,0.09541077306655814,0,35.0
-0.05500888528811289,0.002701175003353576,0.006352288406980689,-0.0012758378277500366,0.0016517628393500653,-0.023185159151658474,-0.001507683738035384,0,0.09682314138275676,0,43.0
-0.053996067077565914,-0.024013664067452294,-0.0023782730111845058,-0.0014280568855668757,0.004334130010549602,-0.007022985770862498,-0.0012586210065804024,0,0.08133194332996642,0,34.0
0.10338246260279839,0.04741336343954777,0.03128033448161104,-0.0017637221035424885,0.07694991678099658,-0.027546302839406872,-0.0006916893034311434,0,0.39611984419719953,1,790.27
0.06255831554320007,-0.003859849831929974,-0.02919345590842142,-0.0018690500442463068,0.0017437405589154937,-0.005768875635340258,-0.0008514138285338759,0,0.18985489199227296,0,200.0
0.044549510173752846,-0.010331906532628393,-0.008533722275777877,-0.0017320509404958246,0.006223684990116456,-0.0003413928374096179,-0.0008837905048935362,0,0.19604581321129316,0,209.95
-0.04508463365369439,-0.002473035165210809,-0.011503696177434089,-0.001688580970171987,-0.005186523709951616,-0.006909873977067541,-0.0020635673959046616,0,0.09218557008919426,0,49.0
-0.030476454888761953,-0.0035647568068249945,0.004552978031903042,-0.0015773048478812978,0.0003956998576282408,0.00509325339425377,-0.0017276753536523966,0,0.1397912205252937,0,59.0
0.07838569395607511,-0.0014998708843993937,-0.005674991935657325,-0.0014480994603521626,0.006018174845741585,-0.0073295218892220635,-0.0011074157773293897,0,0.23443944999348562,0,141.0
-0.012144455472864519,-0.0038710443240053834,0.006033129075797307,-0.0016298882470898541,0.0005168211618353513,0.005077384044054838,-0.001791006937151997,0,0.15928642043920527,0,93.97
0.03700124033496503,-0.00881830693107375,0.04797049296177907,-0.001957336784341591,0.007313779764972412,-0.009415984651544881,-0.0007118674234612832,0,0.2384774984099249,0,156.97
-0.014272204553970626,-0.0003306395084417848,-0.018449522038349882,-0.00199542393860872,0.006199339618479432,-0.004329717342981527,-0.002756522149458933,1,0.13116079122529734,0,100.0
0.10260339352415934,-0.0026902625968048925,-0.0039840317276679214,-0.0018677907936996473,-0.04244542465202974,-0.0011864955667645195,-0.001404523205038213,0,0.21612034612078268,0,554.0
0.08472251374577561,0.02139672944408805,-0.003848370155107696,-0.0017498000400868801,-0.020165712649058573,0.010881023489610621,-0.0012740081462199778,1,0.25705785682762894,0,186.0
0.05277722293027578,-0.0016501296272258012,-0.043009025585376566,-0.002181364073006682,0.004693871885326852,-0.008132666961613282,-0.0015423499487660678,0,0.16805103975824381,0,190.0
0.0913350814895176,-0.0018457356425854471,0.007910316790159485,-0.0023658668158796897,-0.0035461057503153896,-0.0027943255236470284,-0.0013579834340705999,0,0.25443086225180817,0,335.0
-0.023001333820422038,-0.006020578719036201,-0.0036623852019892224,-0.0016944461204341824,0.008454757744181455,0.0073589228463621596,-0.0012842839646830455,0,0.1472461339026082,0,117.0
0.03070501510637371,-0.006215813763370529,0.00048683973753423885,-0.00175915505123538,0.005297839473190559,0.006453615468599913,-0.0010087861354482707,0,0.2010550359742732,0,159.95
-0.043818343599966204,0.0025702059819208488,-0.012177065835945555,-0.0011884689879970666,0.008077024733105394,0.015586829902120018,-0.001184985531593336,0,0.13496067780027368,0,25.0
-0.06626246665062781,-0.00019486652941212314,-0.020651568020184842,-0.0020680361275411305,0.004430448507062771,-0.007730139824753559,-0.003038758649026101,0,0.071580093844146,0,58.95
-0.04351873201023767,0.006310437899128294,0.00817943155441953,-0.0017547258040994534,0.007019550327430822,-0.005329907177318946,-0.0021689230500096957,0,0.13583261287794235,0,55.0
-0.04129066804497338,-0.010068530889757281,0.0009596775180690223,-0.0018005164832323014,0.0033196734730434295,-0.007400524930369885,-0.0022481249881285783,0,0.10856646679328052,0,49.0
0.10572265248671676,0.03141754603175651,0.037205786303629015,-0.0017302465759968118,0.10807027588435435,-0.004492251606700979,-0.0006492136914345584,0,0.44264002997095,1,335.0
-0.022582301261193347,-0.0004764518933157312,0.050421278163877245,-0.001600703125693172,0.012629543000120385,-0.0024548447453483554,-0.0010845544142210127,0,0.20194744686285548,0,117.0
-0.03265892942006537,-0.004157904227700063,-0.018640477498187355,-0.0017604703314464895,0.005484299015014164,-0.006872827154355999,-0.002266453792992005,0,0.10622271772889583,0,59.0
0.04652803119858409,-0.020966894001534675,-0.016743094374217046,-0.00150705767942642,0.08939069346913031,0.015244402308030454,-0.0009842301840866775,0,0.2780573318751094,0,171.0
-0.04465079368721312,-0.003988859238098787,-0.018555681308227344,-0.001202061695089844,-0.006845409072776397,-0.00792367992369321,-0.0012290829454044139,0,0.08269991326812635,0,17.95
-0.011171413309039603,-0.0018418640778294162,-0.0016939885305291957,-0.0018119803129057227,0.00932179359171316,0.010400630495380618,-0.001533253266952619,0,0.1687654057284669,0,95.0
-0.0203950845666169,-0.022448105344853336,-0.00625171153511779,-0.0014748464501755211,0.004597861569431138,-0.009082698201352433,-0.001070977117014398,0,0.11096991949292963,0,117.0
-0.04059250556205718,-0.0006427755882887033,-0.005280887073067755,-0.0010399664635553417,-0.0004742700958946572,0.006917013806686331,-0.0010370609716920233,0,0.12494502919076002,0,28.95
0.0837034265663717,-0.012679944443966263,0.015457243681869279,-0.002270930665137366,-0.004440129381355352,-0.001963686173470509,-0.0009089317894582245,0,0.24399252893348217,0,250.0
0.050208638262388784,-0.024143815155569036,-0.03179817096884384,-0.0019511031030642414,0.0047310868468502035,-0.003384992388695372,-0.0007946180686143607,0,0.15996250656308178,0,226.0
-0.05635207002177227,-0.0025372916138351486,0.0008665207118959623,-0.001121016274807494,0.0023195801651240966,-0.016339838933981977,-0.0011566142339678289,0,0.0927747509372851,0,25.95
-0.047435941015377125,0.0023676721702886364,0.00279316428088953,-0.0015802098496484705,0.009819464622584642,0.011212907638961354,-0.001684411681208144,0,0.14258812730511997,0,34.0
-0.05029484853681389,-0.00230070621144545,4.028512561437749e-05,-0.001866510395608452,-0.0020014709466318415,0.0015523149447861486,-0.001423619318417446,0,0.11080092580011323,0,107.95
0.09232653932072547,-0.022177581299761415,-0.033066653033291565,-0.0015910674375419671,0.006207695999013845,-0.0014221741103629835,-0.0006707236756272675,0,0.20670151690178218,0,386.0
-0.034395171526390586,-0.005574305446190646,0.0015519261654389173,-0.0015679196802707415,0.001642089251783304,-0.006380646742598077,-0.0018524100806625316,0,0.12051904307973864,0,59.0
0.05319924954121174,0.0018559510292180156,-0.002998224629204384,-0.0014410836517110529,-0.0005874097330892013,-0.006560020025949107,-0.0008524273638599685,0,0.20971151630524532,0,161.0
-0.043908776933639246,-0.013573840901915834,0.0029294310973222043,-0.0016577387083195768,0.004539786290858118,-0.019086015633054978,-0.0016204167762741447,0,0.09471790957360574,0,107.95
-0.05799229198746989,-0.006396235951418058,0.0015212459597037597,-0.0017796607659026846,0.002275486503822941,-0.016551734951029257,-0.0019208608700806938,0,0.08625142907625563,0,47.95
-0.03359203141352895,-0.0038494610355057856,-0.015921766892986234,-0.001473929957870853,0.0017497926420641185,-0.0005845804591311345,-0.0016026943634960447,0,0.11182080965817427,0,50.0
-0.030658553376099497,0.0022941955540666,0.1035070639464504,-0.0016871929346672157,0.01667050953593832,0.05675406971695282,-0.0006667913897925736,1,0.31330878219147756,0,161.0
-0.046643746631398614,0.0035165415602116633,-0.008720587657091109,-0.001568912819928343,0.0011458839244938214,-0.00256635815938878,-0.001792580209594215,0,0.11046572114593416,0,47.95
0.14352788031041408,-0.011842619389039214,-0.0038715662042200258,-0.0018110088681945373,0.00467442198617793,0.0025233613447056946,-0.0008215113366049896,1,0.299474438981867,0,300.0
-0.03943845261387245,-0.014209350278859506,0.007188340807968104,-0.0014385271932562172,0.002637710607463894,-0.00948570604602803,-0.001460451015436847,0,0.11088904540660788,0,50.0
0.11320833679832705,-0.0032358265117414364,0.011155619549201365,-0.0020098709398971735,-0.0037979250228147706,-0.010055429749770271,-0.0009752920045677284,0,0.2713850932573652,0,390.0
-0.05450779527378988,0.0022846003173541364,-0.0035678943426289203,-0.0016722355934889852,-0.04189365711525499,-0.008535256437333594,-0.0017719448476904913,0,0.05743129784579652,0,39.0
-0.011032195345679802,-0.0023721840995536017,0.02342051969992228,-0.0013055856162047376,-0.0017070527325734174,-0.0022791997926978175,-0.001045947275201637,0,0.17077383597664045,0,117.0
-0.01288670024153811,0.0077721729527621295,-0.02513656628393195,-0.0015290932313187845,-0.004006356962927219,-0.020255975885325787,-0.0016037744352256696,0,0.10944918705112328,0,100.0
0.07473956756857701,-0.004476776068119826,-0.007894660389746285,-0.0016600653053026751,-0.05367786289237523,-0.0034708573290818993,-0.00110635873953296,0,0.16954846798304776,0,141.0
0.12150270493307844,-0.016267679075401466,0.007874140303814427,-0.0015361492626889761,0.010376471752703054,-0.011289554147823623,-0.0006938281898066951,0,0.27706158745250387,0,150.0
-0.013059375075551471,0.008310316186966277,0.006612973534106268,-0.001482451597178463,0.010020300225447004,-0.006274571497865488,-0.0015324053283230145,0,0.16969026758623054,0,100.0
-0.03989151871314202,-0.007109939773566384,0.0218040993620605,-0.001535069594160236,-0.0014332218042032163,-0.004409509781016666,-0.001861096156396964,0,0.13265922467820407,0,60.0
0.05073178204160545,0.005163147419523189,0.006936090760012161,-0.0017089430156221911,0.010652874675830638,0.0010563055025117737,-0.0010346914570833633,0,0.23889204706540712,0,178.0
-0.025959923313974235,-0.0007223341780021027,0.045138342326934984,-0.0014789163305213035,0.012418193092443009,-0.012083468848301807,-0.001201781421170983,0,0.18320559246603693,0,114.95
-0.04621119178529495,-0.029349457414583467,-0.003983381932549904,-0.0011750840999738216,0.007129250124231218,0.008934795223890596,-0.0010159734813117783,0,0.10142443777303756,0,35.95
0.055405918244071095,-0.018416978376006213,0.0023628574139680867,-0.0017019438098868109,0.004073763175259243,-0.0030188629862576695,-0.0007257640560022683,0,0.20507447074377486,0,226.0
0.11202189205486351,-0.00013483551713980028,0.013919529982058063,-0.0022794737406808046,0.009021768959647406,-0.011500006625602298,-0.0014301278211956386,0,0.286714228430579,0,141.0
0.056553103802335004,0.0002512211994186889,-0.03083964206863572,-0.0017979270829173396,-0.04012915444705303,0.0020962234753433345,-0.0012096607172113506,0,0.15201964529990905,0,201.0
-0.04069513118698402,-0.019032694534957765,-0.012912650487096331,-0.001188475814410567,-0.038311660842470265,0.0027367990248958235,-0.0013616992225948272,0,0.05632996807501128,0,24.0
-0.01741463705279727,0.0032023072416385895,0.05020574165171639,-0.0016659707650239703,0.012418793506123738,-0.0003802534074866285,-0.0012274990331509912,0,0.2122339632796491,0,117.0
-0.005303690145980658,-0.0007171262051548693,-0.012807013832745927,-0.001748126848005334,0.006034324188711304,-0.01080366436016768,-0.0019621860716999917,0,0.13978799786358634,0,87.95
0.08162768087754455,-0.008411569431008188,0.032982899920316215,-0.0025968884793923824,-0.004710187930690471,0.006489790473087558,-0.0009338248295534001,0,0.2715433817389333,0,222.0
-0.04231319563429412,-0.0008113744834931864,0.0036782867326875823,-0.0015213069391425658,0.008540764037754871,0.009401290292532023,-0.0018106775959475586,0,0.14225926754872653,0,50.0
-0.048137641772691725,0.0026032554008585916,-0.022064337193627374,-0.0013387626591598377,0.009073808503753675,0.004672665662104412,-0.001603669450175232,0,0.11030079962969212,0,30.0
0.08568503792162249,-0.02502109989154215,-0.028616294510741266,-0.0018069656104764528,-0.002738384295809409,0.0010728950599747814,-0.0007714429090048668,0,0.19489922690265135,0,309.95
0.03585652662549002,-0.016453913738262126,-0.009890697149676974,-0.0015424824480222967,-0.0025545948098503472,-0.001668079582740299,-0.0006639613255507262,0,0.17017827871001623,0,160.5
-0.03092506932896563,-0.011704133810587023,-0.010038464969844913,-0.001336771043935642,-0.03385587158429737,-0.001186191779660914,-0.0013232450502381912,0,0.07672573357109905,0,102.0
-0.04728287937014906,0.011711081975680875,-0.016397904507471445,-0.0017400682087426668,-0.002252513641835149,-0.006236716694666092,-0.002430740543488434,0,0.1024657401479573,0,59.0
-0.024963856310876338,0.01128693195752164,0.018264291310322183,-0.0015884371562579133,0.00881265036385968,0.01570772841522847,-0.0018724932742364435,0,0.19274229644419003,0,59.0
0.021513194635154127,-0.0252802297414433,-0.03479229552434562,-0.001971886820470119,0.021396146336240048,-0.017959103734970484,-0.0012284477740629725,0,0.12877285851473097,0,695.95
-0.05296313291140132,-0.003859274014692079,-0.0015985948647029983,-0.0015604142521152685,-0.038021247628708656,-0.00282834194247589,-0.0014521893538211221,0,0.06481228617071155,0,26.95
0.08228915861253898,-0.02134092676091628,-0.016111748659073322,-0.002160966790992452,0.00640175564297617,-0.006562049487398755,-0.0006658442981838904,0,0.20894485939757904,0,252.95
-0.05127343741096114,-0.005056068316560308,-0.03613613905881373,-0.0015173147790757534,-0.004566705081001597,-0.01834941611946122,-0.00170743277504092,0,0.04848896759771436,0,34.0
-0.04960886010989928,-0.00392802704208406,-0.00098386165026658,-0.0013596871449159257,0.006647794141431452,-0.003919498371980629,-0.00128017804400431,0,0.11266316291691016,0,30.95
0.10840226446122328,-0.005123127131529742,-0.014450417455364665,-0.0018541377180241435,-0.04061261430588703,-0.0007095290060353709,-0.0015253374730824156,0,0.21122258250992876,0,150.0
-0.03123396484369157,0.0013941655158857783,0.010362148551672726,-0.0014539417895956168,0.003973262262606376,-0.03225503464184755,-0.0015797161862992448,0,0.11630240000735947,0,59.0
0.12375509028830768,-0.019372986809739836,-0.005436083759379891,-0.0017894889687119968,-0.035364626887728276,-0.011482563700794942,-0.00101731153310303,0,0.21638750976747823,0,445.0
-0.018363746757559394,0.0006848125594411471,0.051435001815665536,-0.0015617515749437574,0.01414380707372317,0.006246307091930714,-0.0013104648419728984,0,0.21836944650491333,0,117.0
-0.03509155445586865,-0.006765763530561057,-0.00034864596750608373,-0.0015027694835011282,-0.004225119233554133,-0.009745672373295076,-0.0016175966194506538,0,0.10779835947489262,0,67.95
-0.03587367526458938,-0.0021581109356909683,-0.027485012309296817,-0.0016523394485147538,0.0010643209116009864,-0.019628544836360947,-0.0016516312003925558,0,0.07971048805538403,0,15.0
0.1023423254984487,-0.005815287000556065,-0.0076188648155588,-0.0020998834232152075,-0.03696592015335574,0.0019954804394795044,-0.0015181862307566167,0,0.21741514545311358,0,150.0
-0.04122679468744326,-0.0010831466330034742,-0.020883361415509404,-0.0014540425096949481,0.0036308206095784904,0.0035189722830419904,-0.0016413802206982125,0,0.10795654856490038,0,47.95
0.05240661260510501,-0.03521295780300024,-0.06438038016375092,-0.0021255080173862495,0.013066609904889614,-0.01866265613020109,-0.0010762667219740055,0,0.11111093481231162,0,390.0
0.03259514983226659,-0.01841036826562737,0.001239089319252068,-0.0016295226813425824,0.005637104955019943,-0.011013259655496398,-0.0007847087231284223,0,0.17472896591957288,0,159.95
-0.035678763904235314,0.00044385116214952047,-0.002819081757057715,-0.001745742687375908,0.003397439569622037,-0.016314072560657044,-0.0018786603453629482,1,0.11250045061571186,0,59.0
-0.05285991790088245,-0.0009933687151273134,0.0017390854037209434,-0.002153111212518277,0.005780613944716709,-0.010322479784218519,-0.002752656973000713,0,0.10553364590132007,0,57.0
-0.05031625818809903,-0.007201934693885939,-0.00013311255193234185,-0.0017506361946940509,-0.02829494950308883,0.0021277355845532656,-0.001826610297706424,0,0.07969971529377588,0,48.95
-0.021649004557117244,0.013714651677968507,-0.009771263734202361,-0.0016367352683705329,0.0036186435249101526,0.0034740937086454597,-0.0015855892535880365,0,0.1532602772368751,0,99.95
0.09939450907496229,-0.007232335526301733,-0.008010343474015224,-0.0024315432805291806,0.0026287558773226785,-0.014019599759255463,-0.0012246328296610597,0,0.23620029122115063,0,774.0
-0.06708105468233866,-0.0047924478697206644,-0.0005784619629936979,-0.00221389587934038,-0.021099277727963602,-0.011374519728799758,-0.0020075829474887567,0,0.05794824033998327,0,57.95
-0.03284126180339801,0.00807886091132902,0.01291738924980207,-0.0017649306375450964,0.007343913395918008,-0.007461001815453838,-0.0022851421473795946,0,0.15108330829190195,0,67.95
-0.01593358626546428,-0.007098695644552803,-0.01955556631236353,-0.0016750979439085806,-0.039483416918244946,-0.01066788611533203,-0.001798189137469962,0,0.07088304280129298,0,83.97
0.08816270474211273,-0.0278479549963715,-0.004651404644770082,-0.0017234813556385095,0.004076340435551619,-0.0075962216703997516,-0.0007206273878872002,0,0.216794836261226,0,335.0
-0.04426468467278435,0.004847829876483104,-0.0005064385349294878,-0.001570615548791985,0.009890666176468684,0.0008269603135174524,-0.0014453362639537488,0,0.1348738624846392,0,107.95
0.0608064713760658,0.0007477206427467848,-0.0029787381673674783,-0.0020665923854108893,0.004470301337347498,-0.00019145328283858134,-0.0010433079731303027,0,0.22683988268604263,0,193.0
-0.05519565183970716,-0.014976283033815822,-0.005394279290719877,-0.0019442402135233657,-0.0356666549187805,-0.004183583757306147,-0.0021604013863018934,0,0.04757438669847376,0,57.95
0.0596690717781203,-0.0139478697066252,-0.027828518246200015,-0.0018736514243009484,0.0011191474262007809,-0.009916466426853062,-0.0007541768581956262,0,0.17356301768077587,0,200.0
-0.05394254552626597,-0.0029090899758922304,-0.002354969306408316,-0.0014317664870912876,0.0019881878024360354,-0.02692386549076222,-0.0017264882283243009,0,0.07979494392632082,0,34.0
-0.021164355855160466,-0.003066226844390105,-0.006782283211429901,-0.0014329728611191931,-0.047458231570358174,-0.0124839630492604,-0.0012997836130648666,0,0.07340766413384604,0,112.99
-0.0386426261850139,-0.024177881670595324,-0.009688181352195999,-0.0012015375520691605,-0.03931260751627065,-0.0005760069332015546,-0.0010980214854045109,0,0.052398618443878074,0,59.0
0.023821613444768568,-0.02886062171433256,-0.03394235550061284,-0.0018672503784721935,0.0017117268373497876,-0.005852470987236394,-0.0007559361559978605,0,0.12135018668409557,0,209.95
0.07083077554531865,0.0028762161887096595,-0.038965822531918694,-0.0015673614574184046,0.002944941012268191,0.0011558598926652952,-0.001512336926944645,0,0.2028577528613091,0,146.0
-0.05494029715930117,0.0072617764889140474,-0.007063585325190312,-0.001236510496908368,0.00436075750941381,0.009462772582595053,-0.0014687853979900756,0,0.12347160934016248,0,36.95
-0.045049019572094215,-0.016238005885457103,-0.0037748118136188215,-0.0015782974412301687,-0.03773148348160924,-0.003735241173389865,-0.0014140321080880899,0,0.05757458966314116,0,44.5
-0.035624992141905204,-0.018024547064889592,-0.004072010372921063,-0.0014881113765505252,-0.03665154387357419,-0.0051158305629786325,-0.0014863553034492078,0,0.06463209044235978,0,52.95
-0.06767303018278652,-0.018164701545163114,-0.006894745140014871,-0.0016423551378016348,0.05117356198916236,-0.029796483011639528,-0.001910793568201024,0,0.09218693454218498,0,58.95
-0.0125328187985822,-0.004914942966740305,-0.006035199270630511,-0.0016274625294707544,0.003630565456719783,-0.005438293405708308,-0.0010579030455933238,0,0.13911942657862383,0,117.0
-0.014481512015106305,-0.02200477567057711,-0.01862397532168432,-0.0012055693471023214,0.002621970945263995,0.003656719775197705,-0.0010205971114666465,0,0.11603774239315412,0,92.0
0.13027685473357167,0.00432304909996506,-0.0002633869851913579,-0.0013658962871912791,0.002079595926420531,0.002966433178816212,-0.0008818954016939125,0,0.30423023540332567,0,150.0
-0.0411836782956038,0.012033783114667107,0.018338286388395138,-0.001174072581919298,0.009405744439844186,0.02245072758711552,-0.0013738179169331382,0,0.1855924538741948,0,35.0
0.029573413767132004,0.0060452584134238554,0.011319673183589578,-0.0018482344633868667,0.0044495834543786155,0.009575415863042003,-0.0010659235052940948,0,0.22514466785151413,0,209.95
0.06401221912151407,-0.004272729534915543,0.0066654860642059175,-0.0020320138631785994,-0.0029640479055819966,-0.012490982536994277,-0.0007981398238200073,0,0.2152152726598592,0,226.0
-0.05228190827317716,-0.024619815872563202,-0.0023932114335834835,-0.0013585575440949117,0.004945289768994976,-0.0029664027726096984,-0.00118853453777192,0,0.08723234047382418,0,29.0
-0.04041664764295578,-0.014619636774300207,-0.021493413661953596,-0.0012596026753323114,-0.008198329665805713,-0.001096605575595273,-0.0010678825619943552,0,0.07894336258069215,0,108.95
-0.07233436383258678,-0.009562557931623753,-0.006716672448395707,-0.0022441627754054643,0.0016164863975197013,-0.006640456515934525,-0.0023698726512120915,0,0.06884388138099061,0,57.95
-0.04583718841130023,-0.009219938558089747,-0.015737013043478798,-0.0014610317798264677,-0.00024163162626829188,-0.009290734570753677,-0.0018687403129595693,0,0.08343920283595273,0,50.0
-0.03626108573357459,0.01191517834486162,0.015039179607680746,-0.00124867569088693,0.010130108053999255,0.022273900303953,-0.0013433619036192213,0,0.18760072412104278,0,24.5
-0.024497343434892346,-0.007902699031321457,-0.025045343586726377,-0.0013222866669905895,-0.0003836644883666518,-0.002705136585495831,-0.0012435881979818968,0,0.10399541914685378,0,129.95
0.10035699509789742,-0.001520790150443608,-0.0060548903176045514,-0.0014864648124745664,-0.03578502154566788,-0.005029879131672738,-0.0008817150110096773,0,0.21669371526765235,0,600.0
0.12881351759372525,-0.015875290916332736,0.035168101804915884,-0.001844710227558665,0.006373157476171049,-0.0007267222129285131,-0.001153063524844749,1,0.31785047113177656,0,150.0
-0.04209689482191453,-0.001473807847794788,-0.015388782426916218,-0.0013345544039109205,-0.0038187436105544268,-0.010263390366872096,-0.0016188107673172035,0,0.09110049689334918,0,50.0
-0.04733410988712942,0.003619880968164917,-0.0024894574370158697,-0.001961359581840501,0.00939971927827497,0.00728626125179234,-0.0018452515965633521,0,0.13377116413431347,0,39.0
0.09948707600011375,0.0015144641311101773,-0.03252690780039261,-0.001724706950718226,0.011114231080448794,-0.0070210100594876364,-0.0009697273342647198,0,0.23696890020543834,0,370.0
0.102327557654297,0.001069521571934498,0.005726694262737184,-0.0018124156353680587,0.0066489100121858696,-0.007818283696367482,-0.0010928881534206607,0,0.2721445771546271,0,554.0
-0.015961843977769324,-0.010673203797681824,-0.020432235178219203,-0.0013144839246887474,-0.000537477802067618,-0.010877515421910131,-0.0012750721152094975,0,0.10602364892108324,0,79.95
0.05556877852006401,-0.09017175902726882,0.01578307029999185,-0.001588524217433726,0.006066461157721493,0.016710499504330754,-0.0009120887571631674,0,0.1685519186188724,0,226.0
0.050658301148648194,-0.022153423510323456,-0.008774131326794025,-0.001778123578306589,-0.04671580891166986,-0.0064506809782570165,-0.0008415520348222178,0,0.13104006194710396,0,226.0
-0.04556956750076762,-0.022659449826979015,0.001803607037869773,-0.001338817739869435,0.007583398295036909,0.002873625467272704,-0.0010873844052587088,0,0.10870089246593359,0,107.95
-0.039051793064109046,-0.005871585806895521,-0.0011594680810559858,-0.0021118291523437548,-0.029073020819817566,-0.0030997645557253027,-0.0019962815332747277,0,0.08473173812540713,0,59.0
0.0564769890469385,-0.01625608887897586,0.0034471094731963682,-0.0016910956306160079,0.00536255300615817,-0.005908137130051784,-0.0007215794850279917,0,0.2078052315402507,0,226.0
-0.03662029265888009,0.0036299604104649322,-0.019309525799001703,-0.0014094514988818609,-0.03664624727640857,-0.006918082687252511,-0.0013174470371722837,0,0.06850439459149665,0,107.95
0.041539974370323904,-0.028559153381327435,-0.03975972647682212,-0.0017003526136126392,-0.0015233027340402355,-0.008817814071756226,-0.0007483809302689771,0,0.1275267253011259,0,226.0
0.08887830648477833,-0.0036682320748759978,-0.029420056856026198,-0.0016923852564140402,0.00809390383936378,-0.003749523896603522,-0.0008412269629186122,0,0.22469626641593218,0,554.0
-0.035895987177594096,-0.0027319817146905486,0.007657752143440084,-0.0016940586430425526,-0.020800504361730632,-0.007913738844511688,-0.0015999737918132575,0,0.10411698874868668,0,55.95
0.061649856787616024,-0.0014360516914714053,0.028858161916375708,-0.0023342096704015124,0.007337153034045881,-0.014959059154057422,-0.0009277419683813454,0,0.2452835903923554,0,250.0
-0.0294336574643402,0.0018562342822224305,-0.03845348760902934,-0.0014449471128263327,0.0213250629591318,0.017755541299465362,-0.0017705982364424723,0,0.1369296292568101,0,50.0
-0.02001866340812682,0.01273438176745897,-0.012056246568060298,-0.0014140240979509252,0.0023618529180051214,0.002636213980103346,-0.0015046462118678385,0,0.1498343495181909,0,77.0
-0.026985138990044705,0.016045676255102736,0.04554297016749752,-0.0015328747043512497,0.012344649918047958,-0.02165441471491842,-0.00155972931364768,0,0.18929661975631526,0,125.0
0.0265293182341799,-0.022182749532407207,-0.0008911784454704048,-0.0014620767283870916,0.006119804638472602,-0.010060813789670886,-0.0009813740778147355,0,0.164166411437531,0,140.95
-0.018835522115698836,-0.009456137460354173,-0.0006962255783104123,-0.001723817569061823,0.005156916416164367,-0.008886038481776335,-0.0019334973521515995,0,0.13072115899744033,0,82.95
-0.046169224714482454,-0.0002421272969058668,-0.002411483487006289,-0.0015903506682551085,-0.005788405320028925,-0.008540856891585607,-0.0015249492644791788,0,0.10082808349588611,0,107.95
0.10517657122355413,-0.0005313461231933966,-0.04505621839421475,-0.0019150603696294576,0.010507843674356452,-0.001142545982378739,-0.0009228485036251339,0,0.23321187666349752,0,350.0
-0.052613165183621566,-0.009804649239143686,-0.002361867298003573,-0.0016588928895735066,-0.04098627458520554,-0.0056138405260132505,-0.0017339252452150877,0,0.05232286617185334,0,42.95
-0.04013654130985841,-0.0019560542765541594,0.0009355639972907565,-0.0013994291364782126,-0.04020511146809908,-0.005715960686522924,-0.0015645744481133468,0,0.07705337381029345,0,52.95
-0.04534215553237126,-0.019729627601426828,-0.0014733651010154871,-0.001270008374003182,0.006924963704517938,0.007203622010173073,-0.0009025046652621116,0,0.11250640557924112,0,107.95
-0.022404674463130263,-0.002730754939763703,-0.02477814049810648,-0.0015802045141732784,0.005041685816789318,-0.006193533397742735,-0.0016330957738016371,0,0.11281676336870003,0,119.95
-0.04332943896966413,-0.011909195549608944,-0.01579597532978213,-0.0010835154963369242,0.004580176042859051,0.0012737897706016422,-0.0010161301731934527,0,0.09981519143350455,0,107.95
0.043393538157275105,-0.011511379832643932,-0.029426234357607776,-0.0019114521407118353,-0.04562291916974741,-0.010134332018752653,-0.0010609562221464265,0,0.11082174555429497,0,226.0
0.1316245642328754,0.012287304303066725,0.05692433412094885,-0.001312325465528601,0.024968605826226745,-0.007835210470408544,-0.00074015983132322,0,0.38301259385448566,1,830.0
0.08816270474211273,-0.0278479549963715,-0.004651404644770082,-0.0017234813556385095,0.004076340435551619,-0.0075962216703997516,-0.0007206273878872002,0,0.216794836261226,0,335.0
-0.03102343536568146,-0.0041427330293049855,-0.04787355439284176,-0.0016765948124405964,-0.007616430691378537,0.0014379359627521282,-0.0019496206837858554,0,0.0742510481259481,0,59.0
-0.012640452802943184,-0.005324415161054063,0.0008518774347943656,-0.0015656450824692943,0.006111505227219606,-0.021980761382270956,-0.0017336836263491871,0,0.1308139057455566,0,92.0
-0.03890574839517728,-0.0017410363718123793,-0.00025433480449592126,-0.0017547998975289134,-0.032441880598318686,-0.0014283913556573265,-0.0019013229247619144,0,0.08866796679087674,0,49.95
-0.056158699473350004,-0.0050469864175561405,-0.004370846491610148,-0.001527681501952074,-0.03480919075832576,-0.015171457009979999,-0.0017242810692721217,0,0.04828633841658233,0,58.95
-0.02417871222506165,-0.0053547231107337325,-0.01947165895887494,-0.0014574319203995059,-0.001438208336070654,-0.0033986246936760596,-0.0012822792396873935,0,0.11051384265412517,0,125.0
-0.07231595051810763,-0.0056506612682128456,-0.004617115326989418,-0.0019082142035621852,0.0012499239098573446,-0.00910281056014095,-0.0020471224219674954,0,0.07270353074950625,0,57.95
0.056068318828476335,0.0029055929875672713,0.002913711786439564,-0.0016342918215191456,0.004535227336968379,-0.006999942593820689,-0.0012946103864909615,0,0.22358948727625044,0,235.0
-0.01649221661246852,-0.005120734275795445,0.0007017215523103663,-0.001393245589403987,0.006415500532681277,-0.007126252493342361,-0.0012043418619668588,0,0.14287591239064376,0,117.0
-0.015239126196733128,-0.003631316499280674,0.0027711522607145192,-0.0014161332057241163,0.0019520653836708221,-0.007579511513849538,-0.001609262508508555,0,0.1423433488589187,0,77.95
0.10049132533775189,-0.006654565865283317,0.01435117883242297,-0.002276223798036867,0.010305296137701425,-0.019569111899602365,-0.001207878700131087,0,0.262535501183452,0,150.0
0.09523460111945024,-0.03634298267391901,-0.0453523654513539,-0.0017054334884141883,-0.008780281980366837,-0.0024643750289946808,-0.0008222957139003567,0,0.16686234792112906,0,150.0
-0.025419905632337904,0.0013250992738091055,0.002731950727072628,-0.0015744656512291422,0.009905052029849483,0.0025046762365724634,-0.0017756082155399972,0,0.1547922799068259,0,59.0
-0.06562176359349173,0.0005802327861317055,0.015084055173185448,-0.0018623419620078672,0.0002123386038663641,0.011914557003869406,-0.0022322363922132483,0,0.12517032275796897,0,57.95
-0.01844268341318054,-0.006119616577154677,-0.0019426528941997958,-0.0017913189461821629,0.005039473288687884,-0.0002305746165294447,-0.0017216799792246942,0,0.1418864280008456,0,100.0
0.10244620183096514,-0.005035404937682752,0.007055483325688539,-0.0026541735488635598,0.007996991347729103,0.002377986584375773,-0.0008787298385888932,0,0.2784038359022512,0,274.94
-0.01853751319335018,-0.005503047791239742,-0.00710031804752215,-0.0019248129943081754,0.00613029290474211,-0.006313033290938132,-0.0019210243563440653,0,0.13192602436966885,0,117.0
0.020371992764147456,-0.021536037582210087,-0.008924939359077991,-0.0021874559023275495,0.00034610047811467113,-0.03901535439315408,-0.0011366958568886742,0,0.11501309128723286,0,160.95
-0.01856152200486091,-0.024631435243818302,-0.009033917930417338,-0.0012169199038245008,-0.04463416904269904,-0.005307601970104237,-0.0011609334967753145,0,0.06254898154612888,0,97.0
0.03171375790767892,-0.02808921924538789,-0.009751845023115411,-0.0015974338861246052,0.003531152163746035,0.0017522831474759732,-0.0008213705732898871,0,0.1638328056296122,0,159.0
0.05888476443141948,0.001841946932891901,-0.029141949033798818,-0.0020478775560320247,0.009743661043774995,-0.002104463433359378,-0.0011184466221577521,0,0.20315311690136822,0,204.0
0.0783941558714742,-0.00646458196760815,-0.015277154791261375,-0.002336450060743923,-0.002865146308199945,-0.028377127051487053,-0.0009045409934939794,0,0.1892646358373089,0,326.29
-0.06670374037944826,-0.007240274992476773,0.002109572066571717,-0.0018804371223203622,0.001025794989778883,0.0012048533800755375,-0.0020986104453201873,0,0.09351263863548998,0,57.95
-0.04632264042876216,-0.0034527014194108475,-0.003495259496339734,-0.001541624450851493,-0.03633760513615381,-0.008754408768414788,-0.001448866356899488,0,0.06574237508179653,0,39.0
0.07586204734497454,-0.0032042199199186928,0.007105109858795615,-0.0024702421139430318,0.002880506325191777,-0.02014290397244614,-0.0011869629321708802,0,0.22593881572911256,0,171.0
-0.041319634064447934,-0.0057772334186613344,0.0009608998884922673,-0.0011853508368075594,0.00976444062804675,0.011876146017770664,-0.0014469574456433178,0,0.13996779190737862,0,39.5
-0.031538840211106735,-0.005653845094763637,-0.024055726590947724,-0.0016739775440862076,-0.0054470822776834385,-0.0004682334808527874,-0.0019651036929584907,0,0.0962926722462298,0,59.0
0.11291613117325591,-0.009562707614654012,-0.00685484423115248,-0.0013115211158602335,-0.0022072521424181236,-0.0015000758708393143,-0.0004520281641343301,0,0.2581231831728252,0,774.0
-0.016550678315012435,-0.002250782952232769,-0.017735543430078233,-0.00164466542456065,-0.005115388240341726,0.0019168329336240145,-0.0016661935604738965,0,0.12404906214955376,0,100.0
-0.042747300845925644,-0.009845919466594901,-0.008404494226055142,-0.0014372392374682574,-0.03906259717861168,-0.004843653282196017,-0.001609034469859334,0,0.05914524243191769,0,107.95
0.057110497437839906,-0.0012453441137751885,-0.0005110881020198473,-0.0018787870840073968,-0.03977287950966489,-0.009519454271580761,-0.0010702591790368858,0,0.17020816631638372,0,226.0
0.09213199971758647,0.0005327096618771643,0.0617849710728353,-0.002169913892703388,0.01454058164971698,0.027153697563128795,-0.000952463441482475,0,0.36011706346958805,1,524.95
-0.12192008683721893,0.018246389577854523,0.03408247681983434,-0.001097593017133038,0.09562829813096849,0.034359106434285414,-0.000997185826783539,0,0.22539688642043515,0,107.95
0.0580145126954366,0.004644286718783692,0.005586315440946692,-0.0019189062218413898,0.0005110761013142225,0.006582565574441375,-0.0010698908133137221,0,0.2394454406343972,0,226.0
-0.03572186570536143,-0.008348957633327356,-0.016549713938307703,-0.0015467886483264354,-0.035606614798984346,-0.008415935422122012,-0.0015726152127485203,0,0.059332989779450826,0,108.95
-0.03215051661616537,0.0034875507695374588,0.003089478317807194,-0.0016678424914932006,0.007829035980184557,0.008608211683390215,-0.001837337758589087,0,0.15445406102330103,0,49.0
0.062428148816047226,-0.005061962047932974,0.004464558346442099,-0.0025521773578352923,-0.00022717254797709983,-0.013947281035035888,-0.000986480069044375,0,0.2112131152432934,0,240.0
-0.04564576697094787,-0.00923695948195704,0.004196823401659711,-0.00155132772071521,0.00753786184335783,0.008051329307158068,-0.0013738408783772076,0,0.1290736006388077,0,107.95
-0.012482682501290664,-0.00744979938014402,-0.0012143175802934454,-0.0016021267639819415,-0.04034190509145042,-0.0047666248025833875,-0.0016728102328027604,0,0.0975652147860822,0,97.0
-0.030405184535379094,-0.007121078582166223,-0.044018501225689226,-0.0014014370785949625,-0.0008960109098843957,-0.01062699106508285,-0.0012216356075895893,0,0.0714046421342429,0,130.95
-0.041236070776077646,0.0007947782528172117,0.0008750616126157017,-0.0015143380956038775,-0.005606208328236382,-0.004699184727637433,-0.0017068439893443048,0,0.11400267508716282,0,49.0
-0.06489681088883051,-0.000669148287823789,-0.02410025467584762,-0.0016203158340858815,0.005634997749134688,-0.005683648072450535,-0.0019477166073032775,0,0.07381258452142188,0,58.95
-0.03628062556798306,0.00234984550819538,0.004200744843527644,-0.0018345908813686067,-0.0031129153125596548,-0.021642140037486424,-0.0023285155442530504,0,0.10844728414670081,0,59.0
-0.049772517610381144,-0.024101975813560612,-0.00862316559589502,-0.0011820806480155146,-0.0003364616756912407,0.003219668839494991,-0.0009642331930631976,0,0.08533471544151716,0,35.95
-0.015973299601148003,-0.0008465352485860904,-0.008991484090894295,-0.0012874444067143883,0.0037131396191558406,-0.007867040773973478,-0.0013021005266055938,0,0.13454071610986335,0,82.95
-0.017740164893707375,-0.006801120781640075,0.0016429270471118886,-0.0014651094026492887,0.0879117787502564,-0.013989515487857176,-0.0016068306215544163,0,0.2150474457485888,0,68.5
0.08638760896251535,-0.030449771159845245,-0.0002715370659883284,-0.0034801981985121497,0.014934295164982132,-0.003895295959335106,-0.0014538772382918287,0,0.22886670564415265,0,150.0
0.04473011522894478,-0.007641664072479102,0.01913591580583412,-0.0017378172050283545,0.002096142806891936,-0.001271681112408262,-0.001208404682022188,0,0.22119808790836187,0,2161.0
0.09615889382970626,0.0073063137854704596,0.06604166397266548,-0.00218376176027047,0.014677592282154556,0.02877769862273813,-0.0008025951894354291,0,0.37707128668165807,1,511.95
-0.05637725481329491,-0.007964061225451596,0.0010500978262386344,-0.0015712916833493077,0.0013585590887652357,-0.006840934580711546,-0.0018705960621565423,0,0.09487999968866946,0,35.95
-0.02890650941083188,0.00876349885817643,0.009904970560529365,-0.0014864694295390946,0.0070398179856444604,-0.004391389294638724,-0.0017157066505390994,0,0.1563036937574304,0,59.0
-0.047407481969848515,-0.011742386298774917,-0.022245881810422526,-0.0011437083224086829,0.00027434468348042817,-0.0018939931784140531,-0.0011715086313545996,0,0.081764865610887,0,49.5
-0.038294054178088135,-0.003836268482579334,-0.00597575982907984,-0.0015733329005741023,-0.043808486691028485,-0.012686843391557165,-0.0015963958193316637,0,0.05932433984639003,0,108.95
-0.05468945025597858,-0.008414157376317736,0.0034964958251261172,-0.0011390457203660324,0.004366642810577833,-0.015954292125048165,-0.0011878163879161816,0,0.09357385790870655,0,25.95
-0.057873695962648374,-0.003723542420399671,-0.01929826987832664,-0.00202605129626784,-0.00319648878370471,-0.018024450477150754,-0.0024618196930037365,0,0.060491162627127136,0,47.95
-0.04010824231919459,0.0009930650963901832,0.0015985176767049686,-0.0015818296317172862,0.009082323427278416,0.013510829130096118,-0.0016425106309840229,0,0.14894763388720328,0,44.0
-0.0554284873640037,-0.00843681858751576,0.0004560240842698721,-0.001609766363928192,0.00284292909887653,-0.005553608882083235,-0.0018974297282306797,0,0.09746832339601434,0,34.5
-0.055503314502040484,0.0022025137744789507,-0.0035771004054728868,-0.001322536962053303,-0.032816349801947184,-0.0024877752865584257,-0.001241702277573148,0,0.07234921567746283,0,34.0
-0.03348590033232593,-0.00809410007106341,-0.016336624348655075,-0.001433906375479912,-0.012827723188138825,-0.016445052561065543,-0.001397712512050033,0,0.07707446174985068,0,108.5
-0.06361146852409834,-0.00900074068263664,-0.009188263418271498,-0.0015216328343824299,0.005865560523678397,-0.006083577349891772,-0.001465050835264568,0,0.08209030801776292,0,29.0
0.0347370956804834,0.0012683652636859511,0.018991186666587976,-0.002605646794093753,0.004563512515664461,0.006463849958333502,-0.001161000606560338,0,0.22935284382273077,0,218.0
-0.029731291446277237,0.0006364808193885897,0.005091688730868741,-0.0014444039651607858,0.010689311039053835,-0.003036843684313701,-0.0017494587944633538,0,0.14755096383772495,0,59.0
-0.029826873980288816,-0.0073789638499929,-0.018228651301952507,-0.0015776259469886852,-0.02939386885067466,0.0009488426863726894,-0.0015311264047536176,0,0.08010721349035009,0,108.5
-0.03971238581662734,-0.010962127653772318,-0.027411233122521743,-0.0013362913227953283,0.004993752731011318,-0.010350176733621527,-0.0013140807073920833,0,0.08100293851290999,0,108.5
-0.05463891522488528,-0.011109952654114191,0.00033840153517954315,-0.0016023277111568298,0.005244712621013587,0.009302688617365787,-0.0019412567965845428,0,0.11268883152544742,0,34.0
-0.06068433010748328,-0.002493200448070447,0.009873910560812032,-0.0014724130422008588,0.0023836296857683236,0.01124785986602313,-0.0014084461334122429,0,0.1245424915200661,0,29.0
0.040369051334199296,-0.001691725989922951,0.013164590757989505,-0.0024503961899377154,0.00038286320753377136,-0.00433271852778017,-0.0014689387917396239,0,0.21106820693897166,0,209.95
-0.02909116742624835,-0.014609017893835025,-0.008262402169500966,-0.0017893788971565323,-0.041348726235452576,-0.002191270612689023,-0.0021947600706078876,0,0.06760875783313852,0,59.0
-0.10168821496361398,-0.001131286772490717,0.015038971426206946,-0.0011477612212343596,0.009480047075546791,0.03697596443399003,-0.001067960578818745,0,0.12355524053821451,0,59.0
-0.06498391894743169,-0.010094024111935645,-0.0031947175736346356,-0.0020282301574352304,-0.02742653453301308,-0.005580551959560059,-0.0020412739006044345,0,0.05174622995501414,0,57.95
-0.008024288801706452,-0.005081864305052514,-0.007607429948078151,-0.0014656287329209196,0.0038545140027967622,-0.004680896329879812,-0.000996831576175495,0,0.14309305544761275,0,87.0
-0.02042549828805732,-0.0003532208786798495,-0.00396348648272972,-0.0014387376981635136,-0.02078262756900413,0.0034061567634956977,-0.0011444848739501482,0,0.12239358211154025,0,125.0
0.10546195074949066,0.011960319443743542,0.03137337351228333,-0.001785729404089331,0.01216172920305347,-0.013784229548647157,-0.0004540553465667041,0,0.3120288397478965,0,150.0
-0.02462580112993432,-0.005592660414271324,0.0005708495712441867,-0.0016033446111112576,-0.003720085473948112,-0.0012677608023796993,-0.0014115728010205312,0,0.1294451054772079,0,117.0
-0.03987934340949593,-0.01385851186503642,-0.002222113249181886,-0.0018912674183077787,-0.03125647334129042,-0.005713602763005434,-0.001958658574507052,0,0.07031551051780402,0,59.0
-0.05732736915071777,-0.01214354922993823,0.017959880217068486,-0.0018161075442274899,0.004692834417279284,-0.020875152500320526,-0.0021609856706613557,0,0.09542503167711149,0,50.0
0.14180941184921703,0.0021738161262382333,0.06724279524587108,-0.0017154781829782303,0.006931413737662569,-0.007670660046761974,-0.0006602697198566575,1,0.3752065101480223,1,350.0
-0.031115243955989674,-0.007181694627590636,-0.02171081243335723,-0.001385513031433655,-0.0011639326046887842,0.0005343031445266067,-0.0015406835537888572,0,0.10353190407630672,0,50.0
0.04056467557130435,-0.02358490506426922,-0.018973047653106746,-0.0018582003648448336,0.034277625686010366,-0.006388941636423303,-0.001311353802929095,0,0.18982133387437014,0,161.97
0.03252248510878167,-0.002579248312002702,-0.009754786747064202,-0.00197683257384956,0.0030937538869683684,0.002139047292407606,-0.0010078195034231583,0,0.18953208029044713,0,209.95
-0.046678803610340616,-0.0024032735836659385,-0.005113942725671172,-0.001422593575329639,-0.049424322807987815,0.0027592707146453614,-0.0011612054214222075,0,0.0636506101288576,0,30.95
-0.043468254471565146,-0.0067446959367673575,-0.01564393453674674,-0.0014698535046583927,-0.036549416035113864,-0.006948254289226386,-0.00140832491152523,0,0.05486274745302594,0,35.95
-0.05528020081817336,-0.008481470338956333,0.00039317376951320947,-0.0016063502491643774,0.002808390588577589,-0.0055624938151504575,-0.001898206879261417,0,0.09746832339601434,0,34.0
-0.04617829799134566,-0.004335055817078928,-0.002631507388214734,-0.002140213493200333,-0.04568918041430608,-0.003442299066052511,-0.0016866582204973645,0,0.060992268747934196,0,107.95
-0.03883133335756005,-0.00219521059960771,-0.011137793906617944,-0.0015117741438678012,-0.032969184935182624,-0.004697583557149518,-0.0016710975975197302,0,0.07408150304112385,0,34.0
0.06194299220565543,-0.0009182884868678964,-0.03322835810053102,-0.0019374932283522143,0.007842897191693505,-0.0064634572046230795,-0.0011883485917178241,0,0.19314542492388637,0,179.95
-0.008895490387458174,-0.004368951165448899,0.0015229036651814773,-0.0016098021574515872,0.006516002493571714,0.002860895375873375,-0.0015048428488261575,0,0.16161619611407116,0,97.0
0.09233714512201509,-0.025180460648865168,0.011095663487271418,-0.002434063011605671,-0.03859693745311695,0.0008596363426247873,-0.000918830486822609,0,0.20425763449012835,0,250.0
0.03969088507059301,0.011107132559230041,0.016224094518265987,-0.0011068624262786503,0.016922874348735198,0.055331690661306186,-0.0007073888925946608,1,0.3045579069778862,0,117.0
-0.035503961510412976,-0.0016863956361963153,-0.016861284137941523,-0.0013639034759433768,0.005422578563753333,-0.0011427567081617922,-0.0016297716004651673,0,0.11432998663326133,0,50.0
-0.03272571350824885,-0.01664629980319729,0.0049005560960246,-0.0014837711817894212,0.0004059702558331683,0.008263087271349492,-0.0015552746225958054,0,0.12825403564600477,0,50.0
0.05278715487957532,-0.024361671959271018,-0.02179719042024405,-0.0016629761433605808,0.006829340472169586,-0.004131917680016493,-0.0009299092212335144,0,0.17382831106624846,0,161.84
-0.017481374910916444,0.017259818269821994,0.03519230475617428,-0.0014326164888588963,0.02720028547664346,-0.009688646820822037,-0.0017014302985818527,0,0.21644382112208896,0,100.0
-0.030976272685776084,0.0004691370572920886,-0.010157920691649634,-0.0011694167803588309,0.004925197245937998,0.004412580153540921,-0.0012546763443430841,0,0.1333441090932724,0,59.0
-0.03572489515295407,-0.009074107614381464,-0.011156920490987586,-0.0016508329538342705,-0.028797209493627202,-0.007184981981296658,-0.0020227074937506848,0,0.07148382595779722,0,53.95
0.05514041672232071,-0.03434444125142834,-0.03838794403958478,-0.0018946403288187157,0.05687339539151729,-0.0075658842040542485,-0.0013304159078513286,0,0.19558596752072924,0,171.0
-0.05159704898560957,-0.0028605900910475828,-0.002323413549381552,-0.0016289889496190683,-0.03754905773638584,-0.014783885697532537,-0.001686532642491742,0,0.05466596348656072,0,27.99
0.08954328597871027,-0.006701045217174305,0.04077336155252867,-0.0017626078817944615,0.07146892932302175,-0.027167527717431268,-0.0007415284993378252,0,0.33250834867715,0,171.0
0.09404512765411888,-0.004472134764957036,-0.028951875066094007,-0.0015757546992255138,0.009537149343145404,-0.004506012869060848,-0.0012156751693765146,0,0.22995630556717878,0,141.0
0.0994332561137087,-0.025165621027921328,-0.0013718280180107423,-0.0015724775690044628,0.0052133061044819465,-0.0006919228955387475,-0.0005598690919991336,0,0.24238032475434387,0,312.95
-0.019527506612724472,-0.02167394956892393,-0.01887625283030131,-0.0012363740308827256,0.0032938354618798657,-0.001600659526481089,-0.00105131389327057,0,0.10642326013792464,0,87.0
0.09680705437026424,0.001116997006850113,0.03575134346772644,-0.002036098432510977,0.013928254228661625,0.0005678753282098254,-0.0011388157046830045,0,0.31209209140314714,0,150.0
-0.021279544318938182,-0.005522171319230791,-0.031426569965745485,-0.0014958366399886187,-0.002605006541777907,-0.00015025370495167772,-0.0013473033672551488,0,0.10326879528074116,0,117.0
-0.044923310183454565,0.00035659481714779334,0.0011756645583132102,-0.002079708012213489,-0.04996867622727508,-0.0006719633527610929,-0.0022081648925066926,0,0.06877591784587955,0,48.95
-0.01491361834848376,-0.006986774470552834,-0.005837008087880128,-0.0020132556389936243,-0.031479974330148514,-0.0035744654398036286,-0.0018661256235919623,0,0.10042425919917441,0,92.0
0.10010294209741122,-0.019297332461198927,0.0006156192341928046,-0.0018213240492879303,0.00542131421938368,-0.0006565826149941152,-0.000575734301207903,0,0.2508843832629273,0,390.0
-0.033209051412881,-0.00662487418604319,-0.03326746586625914,-0.0016101037121651843,-4.98414630898528e-05,0.0003465483574564804,-0.001893327576028805,0,0.09078736527961834,0,62.95
-0.05408199968091253,-0.012685067823003061,-0.0002873077651634589,-0.0018389815487687478,-0.051138036389105364,-0.002084894000804864,-0.0016565982781165342,0,0.043322595652754654,0,24.0
-0.06315062189705849,-0.003116627770416869,-0.027115087837986013,-0.0016058813581185858,-0.006308941230068955,-0.01495763707168233,-0.0018163582802776547,0,0.04902432569302017,0,57.95
-0.03931179093384475,-0.0034367180081313316,-0.0012129657460778112,-0.001672664269433461,-0.040524581273890734,-0.005525288174767012,-0.0020590589015423984,0,0.0733524138309411,0,52.95
0.07019169531094323,-0.010884450691901871,-0.027552231305344378,-0.001844320178837388,-0.037672568873453854,-0.002942436260216386,-0.001189019713585308,0,0.15520214942623256,0,554.0
-0.04930363226184788,0.0008149270911195072,0.005735404394929882,-0.0018154944090799866,-0.022614358572179336,0.0009730864832533705,-0.0018004250403258293,0,0.09908498882449893,0,29.0
-0.0579478787162267,-0.00230945901479385,-0.0037270581704472957,-0.0020776396478453104,-0.03088727088258829,-0.014056500583421672,-0.0024226741079783963,0,0.05366700001532745,0,57.95
-0.05474804958201098,-2.620419889997515e-05,-0.0009069015960485261,-0.0015601264989920942,-0.005643438494079683,-0.024087505345954045,-0.0015106626694189832,0,0.07861259275322495,0,35.95
-0.05496854909217012,-0.005695708920720897,-0.029602914585577397,-0.0013764539572103942,-0.006936934931414164,-0.018937432790447337,-0.0015513164274424637,0,0.048026170433646174,0,40.0
-0.06586236632299235,-0.009600081195355142,0.0012441773794820631,-0.0017679830425894618,0.0032262716885725707,0.0024103349348858316,-0.002227784378735335,0,0.0945180502018978,0,57.95
0.03378496231943785,-0.005824876385047546,-0.001516767451743813,-0.0018739224862944466,-0.0014544190305122574,0.004902996420988132,-0.0011760425705225942,0,0.19393741195493452,0,213.0
-0.05027551487178797,-0.009106505237392905,-0.00023115782184756918,-0.0016216152115852312,-0.04259711463241278,-0.004060981312204269,-0.0017095787793285613,0,0.057493013272069994,0,107.95
-0.035228808076799414,0.0005667250888020313,0.00828736639835433,-0.0017818252339403024,0.0007205849292085397,0.011743724002202024,-0.0019001166689840403,0,0.14950313157747205,0,67.95
-0.015513534888281022,-0.002685008463835515,-0.021199827867501072,-0.0014113704086744269,-0.00025100750133637663,-0.0022020071053561767,-0.0013457818114454144,0,0.12248694309219936,0,135.95
0.014837139175065246,-0.0052740660392963995,0.0036121238991834595,-0.0013519968591824453,0.10214328923808724,-0.0010523072590669432,-0.0013790221846150224,0,0.27863064110880337,0,92.0
0.017757309614169457,-0.02934854564115003,-0.03831228947423791,-0.0018460450496293988,-0.007080040917345954,-0.008524862453581814,-0.0009990511107838397,0,0.09874195610606985,0,209.95
0.04568862487996125,-3.208183013812816e-05,-0.03512711503858292,-0.001877237507677828,-0.0013447513087509173,0.0017451759656247547,-0.0009830764200356133,0,0.17516501987903016,0,226.0
0.1253801769102601,-0.02369860615583422,0.007242400690960134,-0.0018565611173237211,0.002184548609419805,-0.012377470087390471,-0.0009020158705717739,0,0.2630679541181481,0,450.0
-0.04613943443892047,0.005682257705751379,0.026856031769103537,-0.0017338329467260767,0.013149549095377407,0.020046282468763964,-0.0018982319569389257,0,0.18305810283504054,0,50.0
-0.028724802687760315,-0.004868538431785305,-0.017326894168894377,-0.0016761735598307846,-0.03216977239280933,-0.003621205282495635,-0.0017351660979151309,0,0.076972928517138,0,108.95
-0.04268946822475707,-0.022104712682331874,-0.0014510576801892885,-0.0014877932939658565,0.005767878798718548,-0.002875444154016694,-0.0014512742726469844,0,0.1008036096294398,0,55.0
-0.05690196606127492,-0.0015817231939950394,-0.00228471019660948,-0.001954234387317786,-0.04886749789787285,-0.001557433172680403,-0.0018277310995669371,0,0.052120185129312546,0,25.95
0.07706057130760392,-0.021664485193150004,0.018215007028564836,-0.002560107922157852,-0.03867578239422414,-0.00879080563322164,-0.0009954731224397979,0,0.18968440520960378,0,171.0
-0.05743362232384552,-0.020334147086088876,0.001405101022952236,-0.0015678668844987134,-0.004930686100836945,-0.013940442048489104,-0.0015239225798280476,0,0.06876989513799452,0,29.0
0.04573579291717724,-0.007871736327278998,0.007229004289524923,-0.0024217423711867217,-0.04909709997841728,-0.004147217653205907,-0.0013899975977617327,0,0.15513248441748126,0,158.5
-0.02058933275321448,-0.010543306250278928,0.0036221710046486924,-0.0011836280505297659,-0.039380939696681584,0.0037119749822500845,-0.0012155537007797618,0,0.1015168666740429,0,83.5
-0.06980702970480712,0.004082581174193349,-0.010307622654569961,-0.0017254059850404105,0.005446209238376526,0.0003484549565765283,-0.002220009242827121,0,0.09291265892053076,0,57.95
-0.05217744210162406,-0.0072181631044849915,-0.0070414603398564965,-0.001543212450032476,-0.04178602817129275,0.00031515195050729674,-0.0016409913252466324,0,0.05600333559659883,0,29.5
-0.07138727934194901,-0.007142728976237404,-0.0033340887930922757,-0.0021150537119365024,-0.00460479398048721,0.006239856769654652,-0.0020972473211611845,0,0.08265414578341986,0,57.95
-0.022339661405402583,-0.006825865150424527,-0.02454649306966884,-0.001652103400952199,-0.03792148192753356,-0.011550717937527256,-0.0016728793611284886,0,0.060586278885990975,0,115.0
-0.052100121614586645,-0.01607156990126078,-0.003125561735282981,-0.0016974888340389723,-0.035250419584289996,-0.0053730748821738065,-0.0016451174094428537,0,0.05183212717755255,0,58.95
-0.040809782212957,-0.012341666627347992,-0.015690470905164386,-0.0017124305768683292,0.004713705533946175,-0.014063642464965572,-0.0019615212423653642,0,0.0852296726429069,0,107.95
-0.01690288644898045,-0.01064235915919744,-0.004788974427033449,-0.0018228670355047013,0.004266064991674105,-0.003952138399896576,-0.0018694309932132459,0,0.1313828896664776,0,87.0
-0.051595163840481385,0.005764309644588806,0.007793259752464574,-0.00159585593043001,0.006148838205653641,-0.01127937442577616,-0.001987734246513722,0,0.12034376029813508,0,44.0
-0.020037806322997752,0.007611428628772674,-0.0010954597488498172,-0.001224810709475309,0.008631784479519032,0.01896052653049163,-0.0013017123432472392,0,0.17863943165284224,0,100.0
0.12711024374314167,-0.015121216685729922,0.005080924924309837,-0.0016839960773425726,0.001782537427692459,0.0005027902006470546,-0.0009110891377765059,0,0.28385567553357194,0,445.0
-0.044877190339115296,0.0011883610376809271,-0.0036936574016150797,-0.0009620704053336948,0.002110439863497908,0.0014882950670517543,-0.0010842315475223891,1,0.12126542741327376,0,29.0
-0.04629767932915947,-0.005021685044162887,0.004781043325551959,-0.001540557685783529,-0.0001594705446254933,-0.008383492537668793,-0.001980653172008465,0,0.10849298615077312,0,50.0
-0.05231985958369989,-0.0014406148147420449,-0.006345844521189338,-0.0015691410642101116,-0.04981227523421649,0.00568428107935667,-0.0014848492994739872,0,0.05980717770045362,0,34.0
-0.022074590267423318,-0.002441583201774057,-0.002706308979465836,-0.0014117283123522997,-0.052851302358741775,-0.00047813230454115383,-0.001271224904149159,0,0.08386061081018152,0,117.0
-0.010359149330553494,-0.001498916880614126,-0.009720979548403022,-0.001585152533636412,-0.041865637488725876,0.0011615865959771316,-0.0017273513822746425,0,0.1014998805703989,0,97.95
-0.054916586253515524,0.01942027913149737,0.03621228956996427,-0.001219484720199867,0.01690423175626323,0.029118194993837398,-0.0008016277947790776,0,0.21181277782169766,0,25.0
-0.04724271493803535,-0.0016286098703390405,-0.0008325970202567441,-0.0017218903588930086,-0.04183194623548468,-0.0039823102816399355,-0.0017082723979848615,0,0.06814714003599524,0,41.0
-0.026084135126643128,-0.007074542282443067,-0.00467203105761566,-0.0021292828502912477,0.0039973260617721,-0.001949256029531036,-0.0016572269256463002,0,0.12752633292823087,0,117.0
-0.018854592075788688,-0.020598446126426743,-0.015400945300891651,-0.0012762577942308116,0.00260975388678631,0.0005443592811593454,-0.0010013236718235926,0,0.1131180293374133,0,100.0
-0.05838649027065082,-0.010070568575547653,0.02572007040519471,-0.001816306452711568,0.007005349462119059,-0.030644708567614042,-0.0022059231490158893,0,0.09669690399040277,0,50.0
-0.050166346037964674,-0.005596553294788444,-0.011929253998529982,-0.0015933124100556385,-0.04272990365656418,-0.003242678559637069,-0.0014438920324716218,0,0.05039354114861758,0,29.0
0.09266595672222583,-0.014721705879358666,0.01514935980851491,-0.0021611803746549784,-0.006337565662969482,-0.0072681018098990045,-0.0006886578292522569,0,0.2437335861132353,0,250.0
-0.025867231393946293,0.001640490444706902,0.0014825912820664675,-0.0017567118775636572,0.011485517853497888,0.005401531359462404,-0.0016452775330839998,0,0.15783639127376897,0,102.0
-0.04004696588717123,0.003002227963487358,0.0027230232009135833,-0.0015441541364858106,-0.0026550660257324095,-0.015209859664709476,-0.0018580648159750126,0,0.11150662177295612,0,59.0
0.0616271137171712,-0.013107786118491609,-0.01599489354718645,-0.0018289679014518152,-0.016192480165742762,-0.014193616778121858,-0.0010005927719969657,0,0.16640425757280888,0,200.0
0.03167525507455495,-0.007616979529101501,0.005003023312367371,-0.0017274615542413807,-0.003641167046973217,2.3418211288335252e-05,-0.0011033274222814193,0,0.18970824218424212,0,209.95
-0.02306339681385995,-0.01093151601145198,0.056500569574456046,-0.0016073132645899222,0.012502339934264138,-0.004701790854758667,-0.0013364365912321159,0,0.19445793711145642,0,107.95
0.025523064566541374,0.046951112802193815,0.03147534433379035,-0.001981818128828254,0.06595679259147198,0.007449732954381943,-0.0005317239108745445,0,0.34193798634730455,0,2681.0
-0.04150970447565617,-0.012496532605858162,-0.014284575695577452,-0.001225971691906452,-0.00040381878356250266,-0.021015959184277427,-0.0011652988202901083,0,0.0749936198815007,0,50.0
-0.004098613599501342,0.00973558402483684,0.012081535065816374,-0.0017171386759751589,0.009207946457277549,-0.0026191589122556785,-0.0021399687677775337,0,0.18754566673105075,0,77.0
-0.04433580638481398,-0.000245988578227881,-0.017464975473623336,-0.001985752203030989,0.002616285208321467,-0.020805544963129783,-0.0029818328110343723,0,0.08189186593309011,0,49.0
-0.03587533746632877,-0.009766156213057422,-0.023226305740919176,-0.0014243003174573584,0.0036571110749732696,0.002880115893302223,-0.0013463556067006904,0,0.10199425276244123,0,103.95
-0.013807938412601948,-0.00584333677146612,0.006866747713041957,-0.00142509764538794,0.02510481315604716,0.011202109282845181,-0.0012514857424162176,0,0.18794129271869117,0,100.0
-0.021802325136946375,-0.03460095244137701,-0.002036163706450402,-0.0013157589094244665,-0.002517967359679455,-0.0033514990406781483,-0.0012761610441610605,0,0.1001946534999118,0,77.0
0.09353463232184352,-0.01293648729956978,-0.012369152242080532,-0.0015714019831837012,-0.05763920933902184,-0.018286307480191027,-0.0007831846070641333,0,0.15704437050936124,0,361.95
0.08937724691976703,-0.010527628817246002,0.010399581695963424,0.15763696230056906,-0.012616497698377544,-0.010738287870501007,-0.008910754421502921,0,0.3817161032473013,1,200.0
-0.010744283482965723,-0.0001654248689981386,-0.011391771009944904,-0.001642080984870195,0.007827704173668498,-0.001799881396011317,-0.0018651845881134579,0,0.1473145589813942,0,100.0
0.06444431108426782,-0.001205359142826389,-9.289647240478663e-05,-0.001740146972796792,0.0032169647343061516,-0.0038434352207041677,-0.0012938628873507127,0,0.22658105626112096,0,226.0
0.042468197585293396,-0.023389437771830855,-0.027198276939485403,-0.0017039776407305077,0.0059899485178757025,-0.002664095465705657,-0.0008233535943194827,0,0.15977448582972623,0,160.5
-0.029779027395218503,-0.01989992461590753,-0.024253125694414245,-0.0014128291740407133,0.002433065710514311,-0.00032331869324419833,-0.0012674013823211984,0,0.09259291989399708,0,70.0
0.10085390585067093,-0.003412637219190694,-0.018823395095395674,-0.0017818537512689773,0.011867336950454395,-0.0006547868906811638,-0.0010882564357041825,1,0.2540557945475137,0,382.15
0.09315694241276837,-0.0013243605799773477,0.004821278342723269,-0.001592686304441769,0.018574530614195724,0.0035604259816949192,-0.0008466303080518586,0,0.2834449812975398,0,400.0
0.09476346275315473,0.04357722669140899,0.03197604862629596,-0.0017165078011349227,0.08973853902896708,-0.00521144895622599,-0.0009547411046792109,0,0.41926806037641356,1,150.0
-0.028724755600234683,0.0028155647034552762,0.0022528784739743106,-0.0016835743820307115,-0.0007180016243451526,-0.0027444169219410686,-0.0019277838772728106,0,0.13636539191023409,0,59.0
-0.041412129609437645,-0.002930853889967956,-0.0009188120171602654,-0.0016888109355253328,-0.04635448593923202,-0.005764196223973016,-0.0016185320319113464,0,0.0664076604914213,0,44.0
-0.019177375726218703,-0.0036628654321954742,-0.013514509737049178,-0.0014202604195940657,-0.03219923515823993,-0.00040777301620491957,-0.0014282180859175133,0,0.09528524356320935,0,126.0
-0.04633846178194104,-0.002760702854773965,-0.044800228341357225,-0.0015736374014697697,-0.004161786379042714,-0.0002457426011493679,-0.0014764282654394986,0,0.06573849351345626,0,34.5
0.10201137016500234,-0.02287406315803252,-0.028799046500828845,-0.001806006188566759,0.0016106693709462062,-0.006748651410874285,-0.0005573293493333247,0,0.20993242406694118,0,300.42
0.057773293203908234,-0.021483059726018838,0.0014472179222973084,-0.0016591340860856243,0.004810740253976197,-0.009952846343749685,-0.0007729073023390775,0,0.19725878506061784,0,175.0
-0.050236055104195716,-0.003715961456648816,-0.010747446942416984,-0.0011981316133744784,0.002265001905764537,-0.01486673315101105,-0.0013480545041149395,0,0.08724810027263212,0,25.95
-0.05560179025923408,-0.005309495631626252,-0.01026944313206179,-0.001761018028944234,0.0005567353444351868,-0.018611978540261902,-0.0025384879778471347,0,0.07356000291308898,0,34.0
-0.07507181510514152,-0.0048997632338054035,0.0024112623811030744,-0.0018207611738872062,-0.007071061183515455,-0.012101904211921158,-0.0023190673869540913,0,0.0662223712245068,0,58.95
0.10347951711737684,-0.0001334827700170636,-0.046141401524784596,-0.0016394056762046383,0.0076610160351372044,-0.004916001267361229,-0.0008954425182051123,0,0.22451028053456956,0,150.0
-0.049440731374690176,0.0008953520430285594,-0.010169622355998324,-0.0012011026097314308,-0.0007336401589126051,-0.010127271144167997,-0.0012262700915793413,0,0.09509219544657842,0,45.95
-0.05247237659786958,0.004955128172019617,-0.0032256715598468996,-0.0012364040215659504,0.007789187747122383,0.00038428593565386856,-0.001224800061957358,0,0.12206483075218534,0,25.0
-0.04210937510423644,-0.013472809796565089,-0.0014914029437712321,-0.0014599961332266034,0.00878369590155685,-0.004299174867308042,-0.0018897639080218236,0,0.11115665428705684,0,40.0
-0.04705058282585185,-0.008282602136287178,-0.014633243584886437,-0.0010846152780892581,0.00016783808674930453,-0.014159802198679352,-0.0010660998056960613,0,0.08098637339588842,0,36.95
-0.04387527275452634,-0.0041629430669272,-0.008530863143397781,-0.001114206090968133,0.006252962076697587,0.007544693460209538,-0.0010899898783398776,0,0.12211986174137694,0,29.0
-0.0366707701184107,-0.008665455820772982,0.0010229412138597397,-0.0012738523242506567,-0.014027271954882488,0.008715590334080597,-0.0010916263847353964,0,0.11510503608351705,0,45.0
0.0936519099282904,-0.00450731216419916,-0.007156901941684211,-0.0028066979716098615,-0.03375043037647411,-0.02104675113769332,-0.0009301426250978452,0,0.19054915485016022,0,335.0
-0.04176135556776598,-0.00039782171070868675,-0.011039545194552148,-0.0014928113127250819,-0.044545168881509264,0.00972666242142869,-0.00142185874964205,0,0.07616358214315477,0,47.95
0.05717200861205496,0.02687523291452615,0.0017771297073649645,-0.001437897753172195,0.012026238029351597,-0.0022108195713240438,-0.0010997703408247483,0,0.260197602736606,0,156.0
0.09740637953195777,0.01364508272414394,0.00808472206923256,-0.0017438221285825588,0.014903561771618837,0.01496739551975824,-0.0011460429953013087,0,0.3132127576314564,0,265.0
-0.007116243677783745,-0.0034520367984933547,-0.016772515595217273,-0.0015428824258146585,-0.003407031147122242,-0.005852460403563799,-0.0017859132612089862,0,0.1271663978294253,0,93.95
0.09573357182121976,-0.005130559314223542,-0.0050464660438553485,-0.0026002636612508638,-0.0026259669679903285,-0.0006048377150501437,-0.001204500675392432,0,0.2456164585820863,0,310.0
0.12504270875203138,-0.001906944969504303,0.06488328872454985,-0.0017322141476376262,0.004316980822199785,-0.01015199993302902,-0.0007134355318998,0,0.34683386485533974,0,250.0
-0.06304400740001691,0.0066630484784780805,0.007362040163327959,-0.0015479778531321425,0.005744347752499714,-0.0016146239702478284,-0.0017574433941975835,0,0.11890086491534073,0,58.95
-0.056124173632818374,0.004296244685956234,-0.004909218686207679,-0.0014769625217463734,-0.04014611703833656,-0.0025491714420223894,-0.0013621508536981366,0,0.06482393164975607,0,42.95
-0.04270246332602841,-0.019055089253076328,-0.0005989283198648293,-0.0012817406568507127,0.005609744974710718,-0.0026984722115291214,-0.0012232032868218113,0,0.10514532905916886,0,39.0
0.005762905505544788,-0.0024964413481136467,0.0048650382523179585,-0.0013199717592464802,0.09335227614519252,-0.030395774330700665,-0.0010554733460544424,0,0.23580804025756907,0,117.0
-0.014981985251835268,-0.010401725727636082,0.004074012853636896,-0.0013554839567416809,0.005097753059846939,-0.010078757537505607,-0.0011007514781436792,0,0.1383485431002511,0,117.0
0.0035795570111811907,-0.0033887413221899976,0.0032083875649558374,-0.0013214475215196342,0.09687515451912561,-0.028362958596261565,-0.0010286530648589156,0,0.23665677972906163,0,117.0
-0.04182646764803225,0.0004054629770300799,0.005333456717440889,-0.0012047759540045931,0.024691757230461086,-0.021164598213261793,-0.0013655565876333892,0,0.13196475966062887,0,29.99
-0.0370546248879467,-0.005478986258780982,-0.021911634640761936,-0.0015819964290841664,-0.03743373476550353,-0.0022515495354625795,-0.00156661200048392,0,0.059816342620604625,0,107.95
-0.026607804720334114,0.002521028107652317,-0.028165958227942975,-0.0010853182652943603,0.002017701179935877,-0.008863391303704104,-0.0008541345906075083,0,0.10605760331833389,0,117.0
-0.05975848928040558,-0.0044995604582269986,0.00444731237669184,-0.0014504124716591504,0.0017875096935088268,-0.008866855781709121,-0.001617190641530565,0,0.09713779457529897,0,25.95
-0.05349557091654864,-0.0027549506652532175,-0.009524298394947879,-0.001480235475311838,-0.0011561956010835294,-0.012355406728510036,-0.0017090128522721146,0,0.08461981050470227,0,29.0
-0.03229283158034729,-0.0009383243782966979,-0.024133980197269363,-0.0015112948658270369,0.004986741895428638,-0.0007645012525028315,-0.0018399970629863292,0,0.11060129369682828,0,59.95
-0.017475976486893887,-0.006682955266192924,-0.0038941419901113027,-0.0016390008766365052,0.002923132490671159,-0.012308870411858039,-0.0011010333520148612,0,0.12691663524559285,0,100.0
-0.008888590643842861,0.001497926642895211,-0.03007653520884989,-0.0013600353780752195,-0.009822729408825562,-0.0038473898753280528,-0.0014888566450674701,0,0.11310927062153497,0,92.0
0.07602504775796548,-0.0567266558131984,-0.006050826877926443,-0.004375623680762881,0.018924183865216767,-0.023416127268453674,-0.0012766335841674734,0,0.17019884553730213,0,335.0
-0.04700672212048719,-0.004254709315643911,-0.0020891476412603248,-0.001854905265854761,-0.03580596140932794,-0.009850831355716065,-0.0018853779004946972,0,0.0643478261298434,0,47.95
-0.047041061071564305,-0.0026343547985494356,-0.017633926530747707,-0.0011984348571920003,-0.027295276619297457,-0.013326216699101666,-0.0012723091759132058,0,0.05669390138626301,0,32.97
0.09702033834045272,-0.02787058639639586,-0.03471114319137167,-0.0016850143393794068,0.0023689077235808592,-0.011774124743595784,-0.0006899309067339165,0,0.18975392762518592,0,411.95
-0.045629006932755234,-0.005400909844836189,-0.012098782371049919,-0.00137890865676371,-0.004469809620927141,-0.007882205442145117,-0.0017246430065721136,0,0.08851121526358009,0,36.95
-0.011407652302081272,-0.008649212999236372,-0.02375894464472835,-0.0016345213826750259,-0.03659415323191942,-0.005585965402714355,-0.001795662097347248,0,0.07766936907792671,0,75.0
-0.039761217739552907,-0.018214526363616555,-0.01818868012407876,-0.001245322694209161,-0.009060683033172263,-0.012918192652845757,-0.0012501362753732184,0,0.06645672225578061,0,67.95
-0.03476499664891833,-0.007752448662459195,0.0019130474132040712,-0.0016924192332601813,-0.029719121032088302,0.0026085555606780906,-0.0018271158465477406,0,0.09586098268923754,0,59.0
-0.02817493152572179,-0.010298194766774073,-0.012045841019131,-0.001165623697006455,-0.004568540612554812,-0.012379340375573585,-0.001324545235731773,0,0.09713846390613586,0,50.0
-0.030076330685852075,-0.0022429612121305704,-0.0040430467407067735,-0.0016582116392105317,-0.051524734247838225,0.001799805374956091,-0.001794979261833371,0,0.0775550227260137,0,59.0
0.036049599962618126,-0.0015290366212298043,-0.0101696411048547,-0.0020568822446856085,-0.042289957024234215,-0.006589999189168672,-0.0013667701959505676,0,0.1391427947211234,0,219.95
-0.020673396273182723,-0.010214876129664707,-0.00505934151977892,-0.001981569211690054,-0.0049047054558641655,-0.022770352733366292,-0.0010744911146991123,0,0.10041674870038297,0,15.0
-0.035206760124363135,-0.00192588679824959,-0.023876080161094517,-0.0016435061227896813,-0.0022316124356622957,-0.020736603389282845,-0.002283882866150295,0,0.07919114924103648,0,59.0
-0.014649209099862058,-0.007069962535788604,-0.003502897850558581,-0.0016468681625785768,0.006850312428187531,0.0033133294738829236,-0.0016796789204319208,0,0.14871050647148007,0,77.0
-0.056023389526137835,-0.0009164577472243741,-0.006937820865716254,-0.0015261832215671975,0.006599947006359379,-0.0034285610129306606,-0.001415005713520628,0,0.10344801005789211,0,35.0
0.052696287419971725,-0.018903229029445117,0.00029692713430511987,-0.0019210282240161298,0.0031168930771696703,-0.015533290137615815,-0.0010048345648965061,0,0.1858432068141019,0,226.0
-0.05452407861784409,-0.0010909164102739382,-0.00958179840453232,-0.0012210612727821123,0.004114277133181996,-0.008610602589935129,-0.001363001192052515,0,0.09481829978439156,0,25.0
0.1794519198211437,0.07961806912703667,0.05798031732738618,-0.0011280983403192195,0.030380403182790297,0.19453313866453556,-2.5803271035651943e-05,0,0.7079054276501671,1,269.95
-0.04686725301907858,-0.0035532763621906995,-0.004905683227957997,-0.0014337129052864992,-0.04070083221318685,-0.0053326882320277,-0.0013694435687429463,0,0.06293259161015755,0,29.0
0.04780715460307536,-0.009249479359402152,-0.03487728249301632,-0.0018453362555913828,-0.04176278335413624,-0.01166171478602777,-0.0012580085817665385,0,0.11424803091176475,0,171.0
-0.01637439278998148,-0.004266645536425533,0.009234678939418242,-0.0014552394959237202,-0.017758197523749013,-0.0028509667763995023,-0.0011328147427720487,0,0.1324919032127963,0,117.0
-0.040646192083808715,-0.006572006560411935,0.00617722153017388,-0.0015767850091606393,0.005102540806563765,-0.010109934842374208,-0.0020677824488415522,0,0.11740254253076969,0,52.95
0.12094448871541305,-0.009553198270946235,0.01548066522068046,-0.0023683678605678697,0.013246636298375204,0.0018643894140059946,-0.0009340975467559441,0,0.3057759971088326,0,150.0
-0.01606413124531359,-0.013972769979439898,-0.009403075590661683,-0.0015207661593996192,-0.04231343426955696,-0.014559114137912036,-0.0016512956610069648,0,0.06761089409533806,0,90.0
-0.05160105886371246,-0.017569605160440663,-0.005335774603783938,-0.0014523976301501844,-0.03361471538898451,-0.012378968934460801,-0.0012452220258729345,0,0.04389773853122336,0,25.95
-0.04376746598704024,-0.0012176675547808044,-0.016941703441466328,-0.0015180772653695517,-0.00788160840556563,0.0016383401846470661,-0.001501539801586777,0,0.09590575886746715,0,107.95
0.0572648670568693,-0.021178257624463532,0.0019838032541506243,-0.0017069450874041385,0.004928322828158449,-0.010350784164540194,-0.000777702340782052,0,0.19725878506061784,0,184.95
-0.020922844631295665,-0.0029430392529785202,0.0044923086495320405,-0.0015684197827962488,-0.0002206714265068785,0.0019379642677930192,-0.0012641340578231103,0,0.14660664490455386,0,117.0
-0.07233798959846832,-0.0020472764918793946,-0.003547229409180742,-0.001942233460583479,0.007260004364314001,0.006808421090297296,-0.0018290893131147836,0,0.09946008832001343,0,57.95
0.0516493354052977,-0.013251269913797221,-0.02902939281418542,-0.0019825124911021464,-0.008554286193656257,-0.0025493649202930914,-0.0008322294603601444,0,0.16254576075053276,0,649.95
0.08622769258501738,-0.0029498480128814747,-0.030961290635252395,-0.002034971844097679,0.005592677577851183,-0.006041968646710435,-0.0010622417538739923,0,0.2158655304086813,0,539.99
-0.04651333659107505,0.013866045751586127,0.05153137619308353,-0.0012965263459452942,0.015362769916875109,0.0073907953032235595,-0.0014673165749029312,0,0.20596928879147522,0,30.0
-0.062357413587370514,-0.011220967771705028,-0.002810967437141905,-0.0017281490099423826,-0.02510547430357521,-0.007301113379078791,-0.0017878210948958793,0,0.05478357455491958,0,25.95
-0.04672021803712081,-0.026680812606339734,-0.008422638996270552,-0.0015384629302903788,0.04443886199799423,-0.024747552071058405,-0.0014975071722688551,0,0.10192715132327448,0,40.0
-0.050684852357341076,3.858304071273883e-06,0.0002388401744956574,-0.0014061223296414685,0.006445676117060316,-0.005827064959136026,-0.0016222514805256812,0,0.11424356460761267,0,27.97
0.15412901859878123,-0.030051905314729194,-0.0034133861740207948,-0.0015098963565108197,0.010034663382671598,-0.0010035118488726231,-0.0005774816800357719,0,0.29470298174591236,0,300.0
-0.06656742033420719,-0.0022746816900483355,0.0019488978797059884,-0.001196884340536021,-0.002701170733802343,-0.015514217732093718,-0.0013406112432324346,0,0.0794493929444147,0,30.95
-0.01754242825481627,-0.006211608880360233,-0.007248441378491148,-0.0016936073763919143,-0.04129558195592355,0.004430355777073014,-0.0017072858065755444,0,0.09582688326314294,0,117.0
-0.03228722097387172,-0.015151995433895372,-0.009552709304999341,-0.0013928032313330239,-0.05205086602314137,-0.003844876975274621,-0.001299783381988517,0,0.051515225814124974,0,106.77
-0.03490638575921907,-0.0020068923402739055,-0.006878866090170776,-0.0017751361796139963,0.010962929908477803,-0.030520065264686185,-0.0018173603857933429,0,0.10015370502734966,0,59.0
0.08545607201549024,-0.003833865206744665,0.01631736083883525,-0.0028857894342409723,0.00139864248139303,0.005837792718555107,-0.0011412298155602262,0,0.2682444647363569,0,200.0
-0.03527703661312697,-0.004073916446906539,-0.0037383456826850393,-0.0019334698525122515,-0.04271513318082527,-0.003932464044494071,-0.0017291918330323219,0,0.07369592348504696,0,105.95
-0.06056099045536681,-0.0036773367444305877,-0.009000323709930735,-0.0018537332470074423,-0.028734647511438824,-0.0037840541795464183,-0.002122567804441469,0,0.05736182748646693,0,57.95
-0.04389590967974657,-0.004793730727002033,-0.022139219843075365,-0.001461912639635433,-0.03729171104633616,-0.002478964502021137,-0.0013640483607379526,0,0.053669984340073605,0,34.0
-0.024471958387597106,0.03141272175981536,0.010147229557134457,-0.0016227580680353005,0.09545071586987762,-0.0010892071266501322,-0.0010000333122569286,0,0.2759221914309157,0,80.0
-0.05247237659786958,0.004955128172019617,-0.0032256715598468996,-0.0012364040215659504,0.007789187747122383,0.00038428593565386856,-0.001224800061957358,0,0.12206483075218534,0,25.0
0.005509627951498262,0.0056603524962968044,0.016376950046640925,-0.0013936878787388417,0.1416472665806688,0.028230803980657537,-0.0014843871194094754,0,0.3616424071962425,1,59.0
-0.03130412356356604,0.0034407149231986916,0.039608292157836136,-0.0017393006076711474,0.011683825841674801,0.0009214113216200339,-0.0013806518611776653,0,0.18832564935054436,0,100.0
-0.04985472162135611,-0.02139730059856583,-0.00590479243859788,-0.0015599289177384349,0.0012938665410294837,-0.018556291966121286,-0.0014803719439669294,0,0.0696359401933127,0,53.97
0.0839851841908282,0.006112243398959171,0.03242964328352772,-0.0021383079587120935,0.006772303206085919,-0.015154387099811734,-0.0006280784093389112,0,0.278474081750167,0,250.0
0.057769197856539535,-0.03481403176081805,0.013058043542110931,-0.002225453915785272,0.0614009235808535,-0.00820677516681033,-0.0010922610160302403,0,0.2529851242586901,0,161.0
0.08596554657897024,0.0022265554664288203,-0.027001412357154524,-0.0018050121152175004,0.0072379854835602905,-0.00401159493161283,-0.0006608663225111779,0,0.22904668294109187,0,200.0
0.08946679231259173,0.07130063889792652,0.271998652925688,-0.0003816105847009937,0.03688541425337846,0.15221127521013147,-0.0002475241628624035,1,0.7883291199907778,1,97.0
-0.04139449324839471,-0.0004503940400315914,-0.01312350607362962,-0.0012575139684389933,0.0006559531300543354,0.011417957786500054,-0.0011881052351977702,0,0.12175537948949133,0,25.0
-0.04545796782109309,-0.014747526075872866,0.0013889931971166887,-0.0013877281022607795,0.005235499366739899,-0.011516933908937476,-0.0012338159870549329,0,0.0993760018072666,0,107.95
-0.012184216787352795,-0.010860438707242789,-0.011897213096833337,-0.0014126899783158903,-0.04919033255976231,-0.0016780017702617699,-0.0012613276055243256,0,0.07861126063333604,0,97.0
-0.014863553618407186,0.0051128201862623455,0.05334025493009231,-0.0015348552555444477,0.012176354911372653,-0.011970063090862794,-0.001340068077273604,0,0.20801637112426888,0,82.95
0.06014863220700265,-0.03324208535647751,-0.023283648103947525,-0.0015006952772097745,-0.03418128501084844,-0.009644669237112609,-0.00086201061238493,0,0.12452971974765052,0,141.0
-0.047630426857089424,-0.0004006069483314554,-0.015039737462145302,-0.0014707821583406322,-0.042797261247356326,-0.00899670763324254,-0.0014038659598470872,0,0.049356092872276575,0,34.0
0.11794915751660044,-0.01889231640556024,-0.03651651892183889,-0.001561174626265551,-0.0536320255086841,0.0012496521138989683,-0.0010340718881735017,0,0.17465818341860537,0,994.0
-0.04428681833672773,-0.008594437592871616,0.004242209964935982,-0.0016720781171986646,0.007176220617282037,0.008627720455835996,-0.0014561628776995359,0,0.1311321352521858,0,108.5
0.04197400960011715,-0.015454069112185748,-0.03273438083025583,-0.0019669389553101683,-0.04211358148935792,-0.0025576729763660843,-0.0013749783891646569,0,0.11286786898610643,0,226.0
-0.05498115538044115,-0.013314969545710962,-0.005195227181594274,-0.0019408132724467652,0.004868955157408976,0.009873406138339884,-0.0019777820937533297,0,0.10442789496043256,0,40.0
-0.05662029464704979,-0.005572571859077445,-0.006280380818423075,-0.0015210525954321315,0.004662273690608517,-0.009994006601075703,-0.0014122823748247623,0,0.09035716593335548,0,29.0
-0.03133678250428742,0.019040667352270006,0.030872390303126482,0.09715590722356131,0.03523576279053965,-0.06322298145444506,0.146197092425967,0,0.4010375372753597,1,28.281
-0.06281533839841436,-0.003319983951475557,-0.0016505673730348026,-0.0017554739802160563,0.005459078721108918,-0.006957802410881846,-0.0022305164025669417,0,0.09382487734314889,0,57.95
-0.033316000936211274,-0.0010753787478308319,-0.04151102374373494,-0.0016015889210065054,-0.0058342444464395855,0.0018456731954672513,-0.0019408813215200968,0,0.08366203621735335,0,59.0
-0.042819912774526625,-0.005421971371846543,-0.015753360615750153,-0.0015801529670436303,-0.024468066145631077,-0.01063098655473971,-0.0015926913866062614,0,0.06482833932248486,0,47.95
-0.00652477314865304,0.0005250525602090823,0.01260610990810503,-0.0015339301987584702,0.0013694746460974792,-0.009019056786086093,-0.0018473884899685258,0,0.16267096962957492,0,135.95
-0.05511097843662271,0.005837697991684543,0.007365828206976558,-0.0016146273219476797,0.006287390888857688,-0.011623988708336907,-0.002015562744580545,0,0.11622124101466046,0,31.95
-0.05315506514566727,-0.0016170331544528049,0.0008538404626096611,-0.001336388914672923,-0.003960442181060573,-0.015293113504266712,-0.0017212477335748308,0,0.09086603096754367,0,49.0
0.10957117670315335,0.0006384254382481719,0.00017124195459426543,-0.0017430187728477873,0.006724709117728936,-0.006031153898010512,-0.0011934728240612295,0,0.27523338885743437,0,494.85
-0.049921169845370615,-0.026413515829958177,-0.018537303503335757,-0.0017293203489636096,0.025738767639933366,-0.004865227221128341,-0.0017872791482245,0,0.08958043288158096,0,50.0
-0.049681153930158546,-0.0008944583711793168,-0.01678900495917364,-0.0014318270585936244,-0.0022627320169637984,-0.022343825554273195,-0.0018554248877400152,0,0.07183705436054723,0,35.95
-0.04670173182859417,-0.0002840588663044643,-0.002101510828991992,-0.0017755677714208953,-0.05473575873869349,-0.0012406341164769847,-0.0016918942226844262,0,0.05856432476546311,0,19.95
0.07601716540793595,0.0008404983109220335,0.03560401493030776,-0.002341328683941299,0.005338561366863925,-0.017607083431780433,-0.0010165923448418504,0,0.26393071669409546,0,200.0
-0.05745703179237811,-0.005764394485160334,-0.020503677393491675,-0.0015135884020567245,0.002487194278677005,-0.018867945459401344,-0.0018032934066490565,0,0.0636727444781686,0,35.95
-0.007257476265099835,0.006441503601224787,0.05434332873657768,-0.001454105115258158,0.01310593261214013,-0.009388388568686236,-0.0013102804768032913,0,0.22157599566272437,0,77.0
0.013563843385643405,-0.020283853109848333,0.01211974145688274,-0.004596773873817924,0.0018081855752557709,0.007886220108607034,-0.001334435047856375,0,0.17625840963349554,0,15.0
-0.01096943714455998,0.0026812100377609175,-0.0302076928165233,-0.0013711874849895536,-0.005169513645732692,-0.013929888079728834,-0.0015405545669002643,0,0.10658841743795523,0,82.95
0.052831414335032016,-0.00947007301267477,-0.006643058779407641,-0.0016609778118829215,0.010278928428289834,-0.0005267122621288794,-0.0007362860104472252,0,0.21116871602540968,0,2492.86
-0.020044677682952223,-0.0062497753201602516,0.003843200382234054,-0.0015098992530828675,0.006834582616401866,-0.002301740664412032,-0.001395824816512273,0,0.14627134640014544,0,77.95
-0.051901290440199324,-0.021231818037725954,0.00035463912253147647,-0.0013439580401057728,-9.802122515365078e-05,0.0033145032241431054,-0.0012385500025551995,0,0.09495098573956387,0,35.95
-0.04583026461093477,-0.0001902995706024332,-0.0012663272511386672,-0.001172894744211326,0.005936107325096974,-0.0024177491162339446,-0.0013134228534290235,0,0.12084063031717607,0,39.0
-0.05396050211495119,0.006611854409076444,0.005657264177177557,-0.0011389444052873248,0.00628843455221032,-0.013023884841273007,-0.0015551655532263493,0,0.11597453736235598,0,17.95
0.10225217322831441,-0.01372043348472372,-0.02049061641561386,-0.0016551371327665273,-0.04370635313790339,-0.004514480549583874,-0.0008604252179419236,0,0.18440020842840935,0,280.0
-0.0589928704699212,0.0034910024344602503,0.006431359001569218,-0.0011777521046852973,0.000795037011306613,-0.02362879583474241,-0.00137690969071827,0,0.09263655148589801,0,25.95
0.10603433080385934,-0.011205656439618608,-0.006722319460870493,-0.0015515860621777493,-0.009509502317529069,-0.013034698762407319,-0.0005936047023423754,0,0.23051244419754244,0,450.0
0.07516630673630036,-0.010546960859108187,0.01664178623375944,-0.0021148281616214723,0.002962252233253682,-0.03397713491325758,-0.0008217499328918561,0,0.21440515247506323,0,527.0
0.10699427940235508,6.14669303094327e-05,0.007661000742827876,-0.0013109599193566201,-0.0015601634942101704,-0.01020593573053076,-0.0005589094278722098,0,0.2681762596421505,0,744.95
-0.047561107020713436,-0.02624506474375548,-0.0007915256015773732,-0.0013794012352014665,-0.004230047088419456,-0.003959894351940178,-0.0011961855514707068,0,0.08173225554555087,0,107.95
-0.033521103671254736,-0.001389815871406349,-0.027078110216673893,-0.001416096951746271,-0.013279946887400787,0.0027281375768311348,-0.0017102876630258855,0,0.09142825745395196,0,59.0
-0.04612989760966965,-0.011402491360081916,0.00026485844640683465,-0.002137462432619186,0.005791275596050803,-0.0002838447091003107,-0.0027300836367191534,0,0.11046783543289714,0,55.0
-0.019539755603507326,-0.0052437654868026625,0.0030892222202610897,-0.001512754872690136,0.007431008989647033,0.0015568663521424357,-0.0012522902567476883,0,0.15162401248093194,0,117.0
-0.012699705808170043,-0.009216833470697782,-0.01960706295475237,-0.0016503901486051755,0.004932544176352617,-0.005859769510594121,-0.0016815759708874913,0,0.12131268745127496,0,87.95
-0.021083272128102494,-0.02202809247615619,0.002151077546814365,-0.0013999034914065319,0.004184826578189231,-0.013846887083186947,-0.0012759422134541961,0,0.11379728787132624,0,92.0
-0.054204006704826446,-0.00518877352336974,-0.008293284812022638,-0.0015851562857386516,0.0056702357747258425,-0.004600686968629073,-0.0014402537210868756,0,0.09745355489768225,0,30.95
-0.029929463643163175,-0.008604453728205971,-0.01943701061688031,-0.0015007358334888756,-0.028116612964296954,-0.00326227752530571,-0.0015384542985095988,0,0.0747064725287783,0,49.0
-0.046444625845868795,0.0027949046300130656,-0.024757910594415556,-0.0012776811552050692,0.007493473454661808,-0.001521823832942332,-0.0015771871741987883,0,0.1018046306206735,0,35.95
0.08411706255329243,-0.004806614326933253,-0.0525695287290598,-0.0018234750196097446,0.008081726384914036,-0.003958130878999731,-0.0008394645698415404,0,0.19529705655239088,0,575.48
-0.04866702988341257,-0.001854352250324928,0.009962302432057882,-0.0014764324447104056,-0.02240096052778246,-0.00043956834240209836,-0.0013410623374480921,0,0.10087837778460652,0,47.0
-0.013424561914884078,0.009179545877568376,0.010392266133309552,-0.0016560031905945385,0.008298837624281748,-0.005961578228529966,-0.0018457703165266357,0,0.17207821712325416,0,117.0
-0.05121194038341348,-0.001700048014398679,-0.00014020522251679567,-0.0017043120914316896,0.0060478112819575365,-0.006843886303522218,-0.001974487281397203,0,0.1095684131239071,0,47.95
-0.013463389918123111,-0.0027633134150036208,-0.029686038173601974,-0.0015178800488107936,0.003433776209971803,0.003823107312915863,-0.0015602958331927125,0,0.12536144727278448,0,137.0
-0.019705136482020224,-0.011490930276562094,-0.0023975166087889517,-0.0014969066358150747,0.005976431673842481,-0.013274841601026554,-0.001144720215353973,0,0.12356186099290477,0,100.0
0.06906182536884062,-0.019782570600595573,-0.014618613519832164,-0.001937844242724197,0.006823623283246638,-0.005373487072835838,-0.0009614091500296933,1,0.2003070052046991,0,200.0
-0.031070886080164284,-0.018320766949092716,-0.016497280406221445,-0.0012655318704485558,0.006393936245604957,0.00030624742781888015,-0.0014184451741341073,0,0.1052227543319916,0,59.01
0.03749578040427541,-0.020746284821844388,0.005287503704371012,-0.0018223579386693748,0.0005725352802639019,-0.0031772052136260355,-0.0008249303460279729,0,0.1838805222073716,0,209.95
-0.03903768717571762,-0.011644701684604472,-0.019062157775830965,-0.0017480088818864635,-0.02898425832320553,-0.003642616637865627,-0.0018157455114851868,0,0.06116030514803325,0,47.95
0.07448983855093659,-0.0010457813965682177,0.02135777852807184,-0.0023496900941085545,0.0050063103285042185,0.007109802406004929,-0.001058438667569707,1,0.2706053007939002,0,171.0
0.06658428329562088,-0.010959019536018293,0.028536358776953454,-0.0023465164381546917,-0.006211663470145469,0.00399614290355845,-0.0008893551964436285,0,0.24580571147399943,0,226.0
-0.021343031552826658,0.01837683287015211,-0.006262673214709452,-0.0015215594861371774,0.004590781875665303,-0.002749481643954421,-0.0018397395484083946,0,0.1563466104384101,0,117.0
-0.01398941573761536,-0.00276016811465109,-0.022110935007205335,-0.0014518948129956155,0.005495210073546871,-0.001495320761413135,-0.001408158770904914,0,0.12937479800739082,0,100.0
-0.030359761209671085,-0.01196473992899163,0.024455905628282024,-0.001606659164454003,0.00824481740990084,-0.012727091682798576,-0.0016449053960493679,0,0.14149304679484723,0,125.0
-0.022285325323387062,-0.0011403940719263684,0.004482670073284881,-0.0016380828301011299,-0.0014982617603748255,0.007060224868743617,-0.0017074292927943967,0,0.1503688828020737,0,75.0
0.06256110075194933,-0.02545928264430342,-0.015111083827086393,-0.0018726157105987363,-0.017537493643087404,-0.010027221576186744,-0.0009114072983516591,0,0.15873747719096432,0,200.0
-0.05875820968904098,0.0013941560123280359,-0.008905464265008172,-0.001168117305022561,0.0037363711665300923,0.003003036331086663,-0.001325722802210595,0,0.10507153058729218,0,57.95
-0.0557120038945978,-0.004510608252467075,-0.01073687218995001,-0.002079343172727213,2.5068812505683358e-05,-0.018258572280313204,-0.0027654352791320965,0,0.07305771488194751,0,47.95
-0.026224014883359646,-0.0061031235338052095,0.007869643422629812,-0.0015540061725746214,0.00760204381773257,0.009792219287808344,-0.00172684912112084,0,0.15675139395593937,0,59.0
-0.019467228773567664,0.0014237779428893451,0.0013877600539248013,-0.001608121187657347,0.008830041302516503,-0.005526667536733369,-0.0015659617507334392,0,0.15056908118926804,0,125.0
-0.018266198197243212,-0.0056611930949423605,-0.0058452534467421935,-0.0019978226078444573,-0.032300856698205614,-0.002925485218620883,-0.0018101283811212026,0,0.09828854349390898,0,78.5
-0.03601495993420555,-0.020773074008787945,-0.008875100330267836,-0.0017968602713940062,-0.026995657209139302,-0.009267637506520755,-0.002032841646560816,0,0.061339350231752326,0,59.0
-0.04100085318753074,-0.0033874879437235197,-0.009515855966290072,-0.001823851609402885,-0.03372408921957275,-0.006002691004722777,-0.001886013021289188,0,0.06975463918609703,0,47.95
-0.03492276991048315,-0.011116593376334055,0.0053710314980243805,-0.001348448778844528,0.004953297760926111,-0.013525835823784992,-0.0014288767415987372,0,0.11507728576653425,0,67.95
-0.0186631145571234,-0.0022451887737013117,0.0011259055326681598,-0.0015426517202070343,0.0008785540698144581,-0.00472117844449732,-0.0015757483606083258,0,0.14035205888497448,0,100.0
-0.02082535615857322,0.0013825385059068557,-0.02700515555649059,-0.0014540778282450069,0.0022322606752655074,-0.0017117325516105596,-0.0013533486042366307,0,0.11836060962064533,0,117.0
-0.02349103773540905,-0.002992006885550646,-0.028082196792131187,-0.0014102886605989102,-0.004619644014977169,-0.004734577689723918,-0.001404000506179283,0,0.10036172885405849,0,117.0
-0.04950238388034642,0.00045572579628401846,-0.0005642794200706768,-0.0013504449246796834,0.0003423352333026636,-0.003781678576141169,-0.0013477866892413779,0,0.11134696867773662,0,35.95
-0.025161469505174575,-0.02455217548934953,-0.004762104417584795,-0.001535635634311801,0.08740754966896176,-0.022986790686964586,-0.0017116403939362462,0,0.17379321468026923,0,59.0
-0.017245414350350933,0.007677228788342478,0.005080529096622077,-0.0013523620542305465,0.00975508183346237,-0.005488808342562704,-0.0013105773206949537,0,0.164211158789217,0,117.0
